text,label,source_name,school,url
How do I order an official transcript for grad school?,Registrar,Yale University Registrar,Yale,https://registrar.yale.edu/
Where do I submit a degree audit request?,Registrar,Yale University Registrar,Yale,https://registrar.yale.edu/
What is the deadline to add a class this semester?,Registrar,Yale University Registrar,Yale,https://registrar.yale.edu/
How do I declare or change my major?,Registrar,Yale University Registrar,Yale,https://registrar.yale.edu/
Who do I contact about transfer credit evaluation?,Registrar,Yale University Registrar,Yale,https://registrar.yale.edu/
How can I get enrollment verification for my loan?,Registrar,Yale University Registrar,Yale,https://registrar.yale.edu/
What forms do I need to withdraw from a course?,Registrar,Yale University Registrar,Yale,https://registrar.yale.edu/
Is there a fee for replacing my diploma?,Registrar,Yale University Registrar,Yale,https://registrar.yale.edu/
When is the FAFSA deadline for next year?,Financial_Aid,Undergraduate Financial Aid FAQ,Yale,https://finaid.yale.edu/faq
How do I accept my financial aid offer in the portal?,Financial_Aid,Undergraduate Financial Aid FAQ,Yale,https://finaid.yale.edu/faq
Why was my Pell Grant reduced mid-semester?,Financial_Aid,Undergraduate Financial Aid FAQ,Yale,https://finaid.yale.edu/faq
Where can I find work-study job listings?,Financial_Aid,Undergraduate Financial Aid FAQ,Yale,https://finaid.yale.edu/faq
How do I submit documents for verification?,Financial_Aid,Undergraduate Financial Aid FAQ,Yale,https://finaid.yale.edu/faq
Can I appeal my financial aid package?,Financial_Aid,Undergraduate Financial Aid FAQ,Yale,https://finaid.yale.edu/faq
What loans are available for international students?,Financial_Aid,Undergraduate Financial Aid FAQ,Yale,https://finaid.yale.edu/faq
How do I set up a payment plan for tuition?,Financial_Aid,Undergraduate Financial Aid FAQ,Yale,https://finaid.yale.edu/faq
How do I apply for campus housing next year?,Housing,Yale Housing,Yale,https://housing.yale.edu/welcome
What is the process for a roommate change request?,Housing,Yale Housing,Yale,https://housing.yale.edu/welcome
When are move-in dates for the fall semester?,Housing,Yale Housing,Yale,https://housing.yale.edu/welcome
Who handles maintenance requests in the residence halls?,Housing,Yale Housing,Yale,https://housing.yale.edu/welcome
Can I stay on campus during winter break?,Housing,Yale Housing,Yale,https://housing.yale.edu/welcome
What items are prohibited in dorm rooms?,Housing,Yale Housing,Yale,https://housing.yale.edu/welcome
How do I check out at the end of the lease period?,Housing,Yale Housing,Yale,https://housing.yale.edu/welcome
Where do I pick up my mailbox key?,Housing,Yale Housing,Yale,https://housing.yale.edu/welcome
How do I reset my NetID password?,IT,Canvas @ Yale Help,Yale,https://help.canvas.yale.edu/
Campus Wi-Fi keeps dropping on my laptop—who can help?,IT,Canvas @ Yale Help,Yale,https://help.canvas.yale.edu/
How do I install Microsoft Office from the school license?,IT,Canvas @ Yale Help,Yale,https://help.canvas.yale.edu/
Where do I report a phishing email claiming to be IT?,IT,Canvas @ Yale Help,Yale,https://help.canvas.yale.edu/
How do I connect my game console to the network?,IT,Canvas @ Yale Help,Yale,https://help.canvas.yale.edu/
What software is available in the computer labs?,IT,Canvas @ Yale Help,Yale,https://help.canvas.yale.edu/
How do I set up two-factor authentication for email?,IT,Canvas @ Yale Help,Yale,https://help.canvas.yale.edu/
My VPN will not connect from off campus.,IT,Canvas @ Yale Help,Yale,https://help.canvas.yale.edu/
How do I change my meal plan mid-semester?,Dining,Yale Hospitality,Yale,https://hospitality.yale.edu/
Where can I find allergen information for dining halls?,Dining,Yale Hospitality,Yale,https://hospitality.yale.edu/
What are the dining hall hours during finals week?,Dining,Yale Hospitality,Yale,https://hospitality.yale.edu/
How do I add dining dollars to my card?,Dining,Yale Hospitality,Yale,https://hospitality.yale.edu/
Is there a vegetarian station in the main cafeteria?,Dining,Yale Hospitality,Yale,https://hospitality.yale.edu/
How do I request a dietary accommodation?,Dining,Yale Hospitality,Yale,https://hospitality.yale.edu/
Can guests pay cash at the dining hall?,Dining,Yale Hospitality,Yale,https://hospitality.yale.edu/
Where is the late-night food option on campus?,Dining,Yale Hospitality,Yale,https://hospitality.yale.edu/
How do I schedule a counseling appointment?,Health_Wellness,Yale Health,Yale,https://yalehealth.yale.edu/
What vaccines are required for enrollment?,Health_Wellness,Yale Health,Yale,https://yalehealth.yale.edu/
Where is the student health center located?,Health_Wellness,Yale Health,Yale,https://yalehealth.yale.edu/
How do I waive the student health insurance?,Health_Wellness,Yale Health,Yale,https://yalehealth.yale.edu/
Are flu shots free for students?,Health_Wellness,Yale Health,Yale,https://yalehealth.yale.edu/
Who do I talk to about accessibility accommodations?,Health_Wellness,Yale Health,Yale,https://yalehealth.yale.edu/
What mental health crisis resources are available 24/7?,Health_Wellness,Yale Health,Yale,https://yalehealth.yale.edu/
How do I get a doctor's note for missing class?,Health_Wellness,Yale Health,Yale,https://yalehealth.yale.edu/
Explore our services,Registrar,Yale Registrar home,Yale,https://registrar.yale.edu/
Classrooms & Scheduling,Registrar,Yale Registrar home,Yale,https://registrar.yale.edu/
Commonly Asked Questions,Registrar,Yale Registrar home,Yale,https://registrar.yale.edu/
How do I get a transcript?,Registrar,Yale Registrar home,Yale,https://registrar.yale.edu/
How do I get an enrollment verification?,Registrar,Yale Registrar home,Yale,https://registrar.yale.edu/
How do I get a digital diploma or transcript?,Registrar,Yale Registrar home,Yale,https://registrar.yale.edu/
How do I convert a grade to Credit/D/Fail?,Registrar,Yale Registrar home,Yale,https://registrar.yale.edu/
How to Elect Credit/D/Fail,Registrar,Yale Registrar home,Yale,https://registrar.yale.edu/
How do I update my personal contact or emergency information?,Registrar,Yale Registrar home,Yale,https://registrar.yale.edu/
How do I declare a major?,Registrar,Yale Registrar home,Yale,https://registrar.yale.edu/
Where is my form in the approval process (when will it be approved)?,Registrar,Yale Registrar home,Yale,https://registrar.yale.edu/
How does a student obtain a spousal ID?,Registrar,Yale Registrar home,Yale,https://registrar.yale.edu/
Walk In Office Hours,Registrar,Yale Registrar home,Yale,https://registrar.yale.edu/
Registration Course registration and enrollment,Registrar,Yale Registrar home,Yale,https://registrar.yale.edu/
Student Records Maintains all academic records for the University,Registrar,Yale Registrar home,Yale,https://registrar.yale.edu/
Classrooms & Scheduling Classroom scheduling for Yale College and the Graduate School of Arts and Sciences,Registrar,Yale Registrar home,Yale,https://registrar.yale.edu/
"Diplomas Providing diplomas upon conferral, certified electronic services, and replacement diplomas.",Registrar,Yale Registrar home,Yale,https://registrar.yale.edu/
University Event and Academic Calendars,Registrar,Yale Registrar home,Yale,https://registrar.yale.edu/
Navigate to the “Academics” section.,Registrar,Yale Registrar home,Yale,https://registrar.yale.edu/
Select “Transcript Orders” to place your order.,Registrar,Yale Registrar home,Yale,https://registrar.yale.edu/
Select the Course Enrollment tab and click “Yale College Change Course from Letter Grade to Credit/D/Fail.”,Registrar,Yale Registrar home,Yale,https://registrar.yale.edu/
Change the drop-down selection from “YC – Letter Grade” to “Credit/D/Fail.”,Registrar,Yale Registrar home,Yale,https://registrar.yale.edu/
Click “Submit Changes” to save the conversion.,Registrar,Yale Registrar home,Yale,https://registrar.yale.edu/
"A confirmation of the change will be sent to your Yale email account. If you do not receive the confirmation email, your change was not processed. You can confirm all your course grading modes by viewing your “Course Schedule Details by Term” in Yale Hub.",Registrar,Yale Registrar home,Yale,https://registrar.yale.edu/
"Email and Phone Numbers for your personal information,",Registrar,Yale Registrar home,Yale,https://registrar.yale.edu/
"Update Emergency Contacts, or",Registrar,Yale Registrar home,Yale,https://registrar.yale.edu/
A marriage certificate (in English),Registrar,Yale Registrar home,Yale,https://registrar.yale.edu/
A civil union document (only applicable for same-sex civil unions),Registrar,Yale Registrar home,Yale,https://registrar.yale.edu/
J-2 visa documents that include both spouses’ names,Registrar,Yale Registrar home,Yale,https://registrar.yale.edu/
Passports that contain both spouses’ names,Registrar,Yale Registrar home,Yale,https://registrar.yale.edu/
Visit the Registrar’s Office: The student must go to their respective Registrar’s office along with their spouse/partner. They should present the gathered proof of marriage or civil union.,Registrar,Yale Registrar home,Yale,https://registrar.yale.edu/
"The University Registrar’s Office staff foster a culture of inclusion, diversity, collaboration, and innovation.",Registrar,Yale Registrar home,Yale,https://registrar.yale.edu/
"Students from specific professional schools (such as the David Geffen School of Drama, Divinity School, Jackson School of Global Affairs, etc.) should also access the transcript order service through the Yale Hub. Other professional school students must contact their own school registrars for transcript requests.",Registrar,Yale Registrar home,Yale,https://registrar.yale.edu/
The University Registrar’s Office provides enrollment and degree verification services to confirm a student’s academic status for Yale College and Graduate School of Arts and Sciences students. See Verifications for more information.,Registrar,Yale Registrar home,Yale,https://registrar.yale.edu/
Students in the professional schools should contact their school registrars for verification information (see Verifications for links to each School’s Registrar).,Registrar,Yale Registrar home,Yale,https://registrar.yale.edu/
"If you are considering a course withdrawal or have problems converting to Credit/D/Fail grade mode, contact your residential college dean. Note that Credit/D/Final conversions are final and cannot be changed.",Registrar,Yale Registrar home,Yale,https://registrar.yale.edu/
"If an electronic (dynamic) form was submitted, students can track the progress of the form through the review and approvals process using the link provided at the bottom of the confirmation email they received when the form was initially submitted.",Registrar,Yale Registrar home,Yale,https://registrar.yale.edu/
The student and their spouse/partner need to provide proof of marriage or civil union. Acceptable forms of documentation include:,Registrar,Yale Registrar home,Yale,https://registrar.yale.edu/
"I am a Yale College student, how do I enroll in courses?",Registrar,Registration FAQs,Yale,https://registrar.yale.edu/registration/registration-faqs
"I see a registration worksheet in Yale Course Search, but I cannot add or drop classes, why?",Registrar,Registration FAQs,Yale,https://registrar.yale.edu/registration/registration-faqs
What do the icons on my registration worksheet mean?,Registrar,Registration FAQs,Yale,https://registrar.yale.edu/registration/registration-faqs
"I am getting an error in my registration worksheet, how do I resolve it?",Registrar,Registration FAQs,Yale,https://registrar.yale.edu/registration/registration-faqs
"I am trying to put a class on my Registration worksheet, but I can’t enroll, why?",Registrar,Registration FAQs,Yale,https://registrar.yale.edu/registration/registration-faqs
Do I need to have an adviser or DUS approve my schedule?,Registrar,Registration FAQs,Yale,https://registrar.yale.edu/registration/registration-faqs
"I am a Yale College student, how does my adviser know in which courses I am enrolled?",Registrar,Registration FAQs,Yale,https://registrar.yale.edu/registration/registration-faqs
What is the difference between a registration worksheet and a Canvas worksheet?,Registrar,Registration FAQs,Yale,https://registrar.yale.edu/registration/registration-faqs
Registration opened for my class year but I can’t add any courses to my worksheet.,Registrar,Registration FAQs,Yale,https://registrar.yale.edu/registration/registration-faqs
Can I have the same course on both my Registration worksheet and my Canvas worksheet?,Registrar,Registration FAQs,Yale,https://registrar.yale.edu/registration/registration-faqs
How long does it take to gain access to a Canvas course site when I place it on my Canvas worksheet or enroll in it using my registration worksheet?,Registrar,Registration FAQs,Yale,https://registrar.yale.edu/registration/registration-faqs
How long will I have access to Canvas course sites if I place a course on my Canvas worksheet?,Registrar,Registration FAQs,Yale,https://registrar.yale.edu/registration/registration-faqs
How many courses can I add to my Yale College registration worksheet?,Registrar,Registration FAQs,Yale,https://registrar.yale.edu/registration/registration-faqs
"I am having trouble dropping a class from my worksheet, why can’t I drop this class?",Registrar,Registration FAQs,Yale,https://registrar.yale.edu/registration/registration-faqs
How many courses can I add to my Canvas worksheet?,Registrar,Registration FAQs,Yale,https://registrar.yale.edu/registration/registration-faqs
"I am a Yale College student, how do I know if a course requires an application or request to enroll?",Registrar,Registration FAQs,Yale,https://registrar.yale.edu/registration/registration-faqs
"I am a Yale College student. What if the registration period has ended, but I want to make a change to my registration worksheet in Yale Course Search?",Registrar,Registration FAQs,Yale,https://registrar.yale.edu/registration/registration-faqs
"I am waiting for a response to my permission request, can I access the Canvas course site?",Registrar,Registration FAQs,Yale,https://registrar.yale.edu/registration/registration-faqs
What is the difference between the Yale College Registration period and the Add/Drop period?,Registrar,Registration FAQs,Yale,https://registrar.yale.edu/registration/registration-faqs
Will courses in which I enroll during the registration period appear on my transcript?,Registrar,Registration FAQs,Yale,https://registrar.yale.edu/registration/registration-faqs
"I am a Yale College student, how do I search for classes in the Professional or Graduate School in YCS?",Registrar,Registration FAQs,Yale,https://registrar.yale.edu/registration/registration-faqs
How do I enroll in professional school courses in the registration system?,Registrar,Registration FAQs,Yale,https://registrar.yale.edu/registration/registration-faqs
Can my instructor adjust my position on the waitlist?,Registrar,Registration FAQs,Yale,https://registrar.yale.edu/registration/registration-faqs
"I am a Yale College student, when do I select the discussion section or lab section that is the counterpart to the lecture course?",Registrar,Registration FAQs,Yale,https://registrar.yale.edu/registration/registration-faqs
What is the best way to check that I successfully enrolled in my classes this term?,Registrar,Registration FAQs,Yale,https://registrar.yale.edu/registration/registration-faqs
"I am an adviser to Yale College students, how and when can I see my advisee’s schedule?",Registrar,Registration FAQs,Yale,https://registrar.yale.edu/registration/registration-faqs
"I am an instructor, how do I know if a student is enrolled in my course?",Registrar,Registration FAQs,Yale,https://registrar.yale.edu/registration/registration-faqs
"I am teaching a Yale College course. If Instructor Permission Required was formally placed on my course, how will I know if Yale College students have requested permission and how do I grant permission?",Registrar,Registration FAQs,Yale,https://registrar.yale.edu/registration/registration-faqs
Whom should I contact about advising and placement?,Registrar,Registration FAQs,Yale,https://registrar.yale.edu/registration/registration-faqs
"I am an instructor, why is the number of students on my Canvas roster different than the Course Demand Statistics?",Registrar,Registration FAQs,Yale,https://registrar.yale.edu/registration/registration-faqs
Will adding a student to my Canvas site grant them enrollment permission?,Registrar,Registration FAQs,Yale,https://registrar.yale.edu/registration/registration-faqs
I am an instructor and a Yale College student has been attending my class from the beginning but doesn’t seem to be on the roster. There is space for them in class. How do I add them?,Registrar,Registration FAQs,Yale,https://registrar.yale.edu/registration/registration-faqs
Black check mark means successfully enrolled.,Registrar,Registration FAQs,Yale,https://registrar.yale.edu/registration/registration-faqs
Green check mark means that t he instructor has approved the request but you still need to accept the seat to be officially registered for the class. .,Registrar,Registration FAQs,Yale,https://registrar.yale.edu/registration/registration-faqs
Worksheet means you have added to your worksheet but have not successfully enrolled.,Registrar,Registration FAQs,Yale,https://registrar.yale.edu/registration/registration-faqs
Alert means there is an issue preventing successful registration.,Registrar,Registration FAQs,Yale,https://registrar.yale.edu/registration/registration-faqs
Make sure the class is not full. You will not be able to enroll in a course in which there is not space.,Registrar,Registration FAQs,Yale,https://registrar.yale.edu/registration/registration-faqs
Scroll to the top to see if there is an error message flagging the reason. Consult the Understanding Registration Error Messages for solutions corresponding to the error.,Registrar,Registration FAQs,Yale,https://registrar.yale.edu/registration/registration-faqs
Scroll to the bottom to check for prompts to confirm or make changes.,Registrar,Registration FAQs,Yale,https://registrar.yale.edu/registration/registration-faqs
Check the number of credits in which you are already enrolled (at the top of the worksheet). Yale College students are not able to enroll for more than 5.5 credits without a compelling academic reason.,Registrar,Registration FAQs,Yale,https://registrar.yale.edu/registration/registration-faqs
If the course has a discussion or lab section you must enroll in both the course and the section before finalizing enrollment. Course sections have numbers (e.g. 1401-01) while discussion/lab sections have letters (e.g. 1401-0A).,Registrar,Registration FAQs,Yale,https://registrar.yale.edu/registration/registration-faqs
"If the course requires instructor permission and the instructor has granted permission, you must click the blue “confirm changes” button to finalize registration.",Registrar,Registration FAQs,Yale,https://registrar.yale.edu/registration/registration-faqs
You can also watch How Yale College Students Register for Courses,Registrar,Registration FAQs,Yale,https://registrar.yale.edu/registration/registration-faqs
The registration worksheet does not open until the registration period begins and will reopen for Add/Drop period.,Registrar,Registration FAQs,Yale,https://registrar.yale.edu/registration/registration-faqs
If you are a Yale College student who has taken time away you will be able to register once registration opens for your official class year.,Registrar,Registration FAQs,Yale,https://registrar.yale.edu/registration/registration-faqs
"When you have successfully enrolled in courses using the registration worksheet, your adviser can see the courses you have selected through the Yale Degree Audit.",Registrar,Registration FAQs,Yale,https://registrar.yale.edu/registration/registration-faqs
"If you are officially enrolled in the course, you will have “Student” status on the instructor’s Canvas roster. If you are not officially enrolled, but have the course on your Canvas worksheet, you will have “Visitor” status on the instructor’s Canvas roster.",Registrar,Registration FAQs,Yale,https://registrar.yale.edu/registration/registration-faqs
"The registration worksheet allows you to enroll to the maximum course credits allowed by Academic Regulations, which for Yale College students is 5.5 course credits. If you need to enroll in more than 5.5 course credits, you need to speak with your Residential College Dean.",Registrar,Registration FAQs,Yale,https://registrar.yale.edu/registration/registration-faqs
"If you add additional credits to your worksheet, you will not be enrolled in the courses without permission and will not see a black checkmark which indicates enrollment in the course.",Registrar,Registration FAQs,Yale,https://registrar.yale.edu/registration/registration-faqs
This may be a technical issue. Please reach out to registrar@yale.edu for assistance. Be sure to include your SID and a full screen shot showing the entire registration worksheet and any error messages to help with troubleshooting.,Registrar,Registration FAQs,Yale,https://registrar.yale.edu/registration/registration-faqs
"If the course is set up for “Instructor Permission” through the registration system, you will find notice of this under Registration Notes. In this case, there is an envelope icon that allows you to send an email request to enroll. The instructor will respond within the registration system.",Registrar,Registration FAQs,Yale,https://registrar.yale.edu/registration/registration-faqs
"You will have the opportunity to make changes to your registration worksheet during the add/drop period. Between the registration and add/drop periods, you may add and remove courses from the Canvas worksheet in Yale Course Search.",Registrar,Registration FAQs,Yale,https://registrar.yale.edu/registration/registration-faqs
"The registration period takes place prior to the term of enrollment and is intended to be a gauge of student interest in course enrollment and to provide advance notification of permission to enroll in courses that have limited enrollments. It allows departments to manage demand for enrollment, the number of discussion/lab sections and teaching fellows needed, and the size of the room needed.",Registrar,Registration FAQs,Yale,https://registrar.yale.edu/registration/registration-faqs
The add/drop period takes place shortly before the start of classes and runs for about eight days. The add/drop period is for refinement of the student course schedule and culminates with a final schedule.,Registrar,Registration FAQs,Yale,https://registrar.yale.edu/registration/registration-faqs
The default school setting for an undergraduate student is “Yale College”. To search other schools go to the Advanced Search filters and change the third filter down from “Yale College” to “Any Schools” or select a specific school of interest from the list.,Registrar,Registration FAQs,Yale,https://registrar.yale.edu/registration/registration-faqs
"If there is a course missing from that list, return to your registration worksheet in YCS to troubleshoot.",Registrar,Registration FAQs,Yale,https://registrar.yale.edu/registration/registration-faqs
"If a student is officially enrolled in your course, they will appear on your Canvas roster with a “Student” status. Persons on your roster with a “Visitor” status are not officially enrolled.",Registrar,Registration FAQs,Yale,https://registrar.yale.edu/registration/registration-faqs
The Faculty Grade Submission system (FGS) is the official enrollment roster.,Registrar,Registration FAQs,Yale,https://registrar.yale.edu/registration/registration-faqs
"If instructor permission is required in order to enroll in your course, students must submit the permission request through their Yale Course Search registration worksheet. If you grant permission to the student, they will then be able to enroll and gain automatic access to your Canvas course site.",Registrar,Registration FAQs,Yale,https://registrar.yale.edu/registration/registration-faqs
Yale College Registration,Registrar,Yale College registration hub,Yale,https://registrar.yale.edu/yale-college-registration
Key Registration Dates (Yale College & GSAS),Registrar,Yale College registration hub,Yale,https://registrar.yale.edu/yale-college-registration
Registration System,Registrar,Yale College registration hub,Yale,https://registrar.yale.edu/yale-college-registration
Questions about Registration? You’re not alone.,Registrar,Yale College registration hub,Yale,https://registrar.yale.edu/yale-college-registration
Yale College Registration Guides,Registrar,Yale College registration hub,Yale,https://registrar.yale.edu/yale-college-registration
Registration Video Guides,Registrar,Yale College registration hub,Yale,https://registrar.yale.edu/yale-college-registration
Adding Classes to the Registration Worksheet for Yale College Students,Registrar,Yale College registration hub,Yale,https://registrar.yale.edu/yale-college-registration
Course Registration for First Time Yale College Students,Registrar,Yale College registration hub,Yale,https://registrar.yale.edu/yale-college-registration
How to Swap Discussion Sections without Removing the Lecture Course,Registrar,Yale College registration hub,Yale,https://registrar.yale.edu/yale-college-registration
How Yale College Students Drop a Course During Registration and Add/Drop Periods,Registrar,Yale College registration hub,Yale,https://registrar.yale.edu/yale-college-registration
Instructor Permission - Requesting and Confirming Registration (Yale College),Registrar,Yale College registration hub,Yale,https://registrar.yale.edu/yale-college-registration
Track Progress of a Submitted Form or Petition (Dynamic Forms),Registrar,Yale College registration hub,Yale,https://registrar.yale.edu/yale-college-registration
Using the What-If forecasting feature in Yale Degree Audit,Registrar,Yale College registration hub,Yale,https://registrar.yale.edu/yale-college-registration
Registration and Add/Drop Periods,Registrar,Yale College registration hub,Yale,https://registrar.yale.edu/yale-college-registration
First-year Student Fall Registration,Registrar,Yale College registration hub,Yale,https://registrar.yale.edu/yale-college-registration
Returning Students Fall Registration,Registrar,Yale College registration hub,Yale,https://registrar.yale.edu/yale-college-registration
All Students Spring Registration,Registrar,Yale College registration hub,Yale,https://registrar.yale.edu/yale-college-registration
Registration Guidelines,Registrar,Yale College registration hub,Yale,https://registrar.yale.edu/yale-college-registration
DUS & Registrar Directory,Registrar,Yale College registration hub,Yale,https://registrar.yale.edu/yale-college-registration
Residential College Deans and Assistants Directory,Registrar,Yale College registration hub,Yale,https://registrar.yale.edu/yale-college-registration
How to Search for Courses in Yale Course Search,Registrar,Yale College registration hub,Yale,https://registrar.yale.edu/yale-college-registration
Searching with course/distribution attributes,Registrar,Yale College registration hub,Yale,https://registrar.yale.edu/yale-college-registration
Using Registration & Canvas Worksheets,Registrar,Yale College registration hub,Yale,https://registrar.yale.edu/yale-college-registration
How Yale College Students Register for Courses,Registrar,Yale College registration hub,Yale,https://registrar.yale.edu/yale-college-registration
Instructor Permission Requests,Registrar,Yale College registration hub,Yale,https://registrar.yale.edu/yale-college-registration
Discussion/Lab Section Registration,Registrar,Yale College registration hub,Yale,https://registrar.yale.edu/yale-college-registration
Yale Course Search Registration Icons,Registrar,Yale College registration hub,Yale,https://registrar.yale.edu/yale-college-registration
Understanding Course Demand Statistics,Registrar,Yale College registration hub,Yale,https://registrar.yale.edu/yale-college-registration
Understanding Discussion/Lab Section Statistics,Registrar,Yale College registration hub,Yale,https://registrar.yale.edu/yale-college-registration
Waitlisting for Courses without Discussion/Lab Sections,Registrar,Yale College registration hub,Yale,https://registrar.yale.edu/yale-college-registration
Waitlisting for Discussion/Lab Sections Associated with a Lecture,Registrar,Yale College registration hub,Yale,https://registrar.yale.edu/yale-college-registration
How YC Students Register for Graduate/Professional School Courses,Registrar,Yale College registration hub,Yale,https://registrar.yale.edu/yale-college-registration
Cross-School Course Registration Processes,Registrar,Yale College registration hub,Yale,https://registrar.yale.edu/yale-college-registration
Dropping a course during registration & add/drop,Registrar,Yale College registration hub,Yale,https://registrar.yale.edu/yale-college-registration
Petition to Elect Two Courses with Overlapping Meeting Times (see Overlapping meeting times ),Registrar,Yale College registration hub,Yale,https://registrar.yale.edu/yale-college-registration
Request to Enroll in a Professional School Course (see also cross-school course registration ),Registrar,Yale College registration hub,Yale,https://registrar.yale.edu/yale-college-registration
YC Petition for Credit Overload (see Course loads requiring permission ),Registrar,Yale College registration hub,Yale,https://registrar.yale.edu/yale-college-registration
"Course Change Notice Form for the late addition of a course, withdrawal, or section changes",Registrar,Yale College registration hub,Yale,https://registrar.yale.edu/yale-college-registration
"The registration system reopens for several days at the start of the term, allowing students to make adjustments (add or drop) to courses for which they enrolled during registration. The changes to course schedules at this time should be minimal.",Registrar,Yale College registration hub,Yale,https://registrar.yale.edu/yale-college-registration
The Yale College Directors of Undergraduate Studies (DUS) and Registrars are critical to the success of Yale’s undergraduate programs.,Registrar,Yale College registration hub,Yale,https://registrar.yale.edu/yale-college-registration
The chief academic adviser for every Yale College student is their Residential College Dean.,Registrar,Yale College registration hub,Yale,https://registrar.yale.edu/yale-college-registration
Quick Cost Estimators,Financial_Aid,Undergraduate Financial Aid home,Yale,https://finaid.yale.edu/
Understanding Your Offer Letter,Financial_Aid,Undergraduate Financial Aid home,Yale,https://finaid.yale.edu/
Financial Aid Terminology,Financial_Aid,Undergraduate Financial Aid home,Yale,https://finaid.yale.edu/
Additional Resources,Financial_Aid,Undergraduate Financial Aid home,Yale,https://finaid.yale.edu/
Types of Aid Yale awards financial aid in the form of need-based Yale Scholarship grants. Learn about all types of available financial aid.,Financial_Aid,Undergraduate Financial Aid home,Yale,https://finaid.yale.edu/
Quick Cost Estimators Yale offers three tools for quickly estimating what a Yale College education would cost after financial aid.,Financial_Aid,Undergraduate Financial Aid home,Yale,https://finaid.yale.edu/
"Understanding Your Offer Letter Go through the components of a Yale financial aid offer letter to understand your estimated cost of attendance, gift aid, and estimated net cost.",Financial_Aid,Undergraduate Financial Aid home,Yale,https://finaid.yale.edu/
Financial Aid Terminology Learn the terms and acronyms used in the process of applying for undergraduate financial aid.,Financial_Aid,Undergraduate Financial Aid home,Yale,https://finaid.yale.edu/
Presentations & Publications,Financial_Aid,Undergraduate Financial Aid home,Yale,https://finaid.yale.edu/
Does Yale College offer merit or athletic scholarships?,Financial_Aid,Financial Aid FAQ,Yale,https://finaid.yale.edu/faq
Does applying for financial aid affect my chances of admission to Yale College?,Financial_Aid,Financial Aid FAQ,Yale,https://finaid.yale.edu/faq
Does Yale College offer financial aid for international students?,Financial_Aid,Financial Aid FAQ,Yale,https://finaid.yale.edu/faq
Does Yale accept the International Student Financial Aid Application (ISFAA) for non-U.S. citizens applying for financial aid?,Financial_Aid,Financial Aid FAQ,Yale,https://finaid.yale.edu/faq
How do I apply for financial aid?,Financial_Aid,Financial Aid FAQ,Yale,https://finaid.yale.edu/faq
What are the deadlines to apply for financial aid?,Financial_Aid,Financial Aid FAQ,Yale,https://finaid.yale.edu/faq
"If I miss the deadline, can I still apply for financial aid?",Financial_Aid,Financial Aid FAQ,Yale,https://finaid.yale.edu/faq
I am no longer interested in applying for financial aid. How can I update the office?,Financial_Aid,Financial Aid FAQ,Yale,https://finaid.yale.edu/faq
I did not indicate interest in applying for aid on the admission application. Can I update this?,Financial_Aid,Financial Aid FAQ,Yale,https://finaid.yale.edu/faq
I selected the incorrect application cycle on my CSS profile. How can I update this information?,Financial_Aid,Financial Aid FAQ,Yale,https://finaid.yale.edu/faq
Where can I view the required documents to complete my financial aid application?,Financial_Aid,Financial Aid FAQ,Yale,https://finaid.yale.edu/faq
Where do I submit documentation to complete my financial aid application?,Financial_Aid,Financial Aid FAQ,Yale,https://finaid.yale.edu/faq
My IDOC checklist and Yale Financial Aid checklist are different. Which is correct?,Financial_Aid,Financial Aid FAQ,Yale,https://finaid.yale.edu/faq
What if my parent(s) are unwilling to contribute towards my education?,Financial_Aid,Financial Aid FAQ,Yale,https://finaid.yale.edu/faq
What if my checklist includes documents I do not have?,Financial_Aid,Financial Aid FAQ,Yale,https://finaid.yale.edu/faq
"My Yale checklist is asking for a tax return, but I didn’t file taxes. How do I resolve this?",Financial_Aid,Financial Aid FAQ,Yale,https://finaid.yale.edu/faq
Why are documents for a noncustodial parent appearing on my checklist after I submitted a waiver request?,Financial_Aid,Financial Aid FAQ,Yale,https://finaid.yale.edu/faq
How do I request a CSS profile fee payment code?,Financial_Aid,Financial Aid FAQ,Yale,https://finaid.yale.edu/faq
I have completed my financial aid application. When can I expect to receive my financial aid offer?,Financial_Aid,Financial Aid FAQ,Yale,https://finaid.yale.edu/faq
What happens to my financial aid offer if I receive outside scholarships?,Financial_Aid,Financial Aid FAQ,Yale,https://finaid.yale.edu/faq
How can I submit a request for review of my financial aid offer?,Financial_Aid,Financial Aid FAQ,Yale,https://finaid.yale.edu/faq
Does financial aid cover health insurance?,Financial_Aid,Financial Aid FAQ,Yale,https://finaid.yale.edu/faq
What happens to my financial aid offer when I study abroad?,Financial_Aid,Financial Aid FAQ,Yale,https://finaid.yale.edu/faq
What happens to my financial aid offer if I move off campus?,Financial_Aid,Financial Aid FAQ,Yale,https://finaid.yale.edu/faq
What happens to my financial aid if I take a leave of absence?,Financial_Aid,Financial Aid FAQ,Yale,https://finaid.yale.edu/faq
Does Yale offer scholarship aid for summer session courses?,Financial_Aid,Financial Aid FAQ,Yale,https://finaid.yale.edu/faq
How can I know how much Summer Pell I qualify for?,Financial_Aid,Financial Aid FAQ,Yale,https://finaid.yale.edu/faq
Who do I contact to complete a TL11A Tuition and Enrolment Certificate - University Outside Canada form?,Financial_Aid,Financial Aid FAQ,Yale,https://finaid.yale.edu/faq
I am a Yale graduate in need of my financial aid records. How do I obtain this information?,Financial_Aid,Financial Aid FAQ,Yale,https://finaid.yale.edu/faq
"Have a question? You’re in the right place. Below, you’ll find answers to the most frequently asked questions we receive. If you don’t see your question below, feel free to try our chatbot.",Financial_Aid,Financial Aid FAQ,Yale,https://finaid.yale.edu/faq
Please note that Yale College does not accept the ISFAA in lieu of the required Yale financial aid application forms . All applicants must submit Yale’s required materials to be considered for financial aid.,Financial_Aid,Financial Aid FAQ,Yale,https://finaid.yale.edu/faq
"The process of applying for Yale financial aid, including forms and documents required, differs based on the type of student you are. To learn more, visit Apply for Aid",Financial_Aid,Financial Aid FAQ,Yale,https://finaid.yale.edu/faq
"For continuing Yale students, if you miss the deadline, y ou are still eligible to apply for financial aid , and offers will not be reduced because of late submission . Please work to complete your aid application as soon as possible.",Financial_Aid,Financial Aid FAQ,Yale,https://finaid.yale.edu/faq
Please email undergrad.fa@yale.edu with your full name and date of birth letting us know you are no longer interested in applying for financial aid so we can update your status in our system accordingly.,Financial_Aid,Financial Aid FAQ,Yale,https://finaid.yale.edu/faq
Please email undergrad.fa@yale.edu with your full name and date of birth letting us know so we can update your financial aid status in our system accordingly.,Financial_Aid,Financial Aid FAQ,Yale,https://finaid.yale.edu/faq
This information does not need to be updated as Undergraduate Financial Aid does not consider the application cycle you’ve selected on your CSS profile when considering your financial aid application nor eligibility for need-based aid.,Financial_Aid,Financial Aid FAQ,Yale,https://finaid.yale.edu/faq
"If no federal tax return was filed, please complete and submit the appropriate Non-Tax Filer’s Statement",Financial_Aid,Financial Aid FAQ,Yale,https://finaid.yale.edu/faq
"If you submitted a CSS Profile Waiver Request for your noncustodial parent, noncustodial requirements will remain in a missing status until our committee reviews your waiver request.",Financial_Aid,Financial Aid FAQ,Yale,https://finaid.yale.edu/faq
"If your waiver request is approved , we will waive the appropriate noncustodial requirements.",Financial_Aid,Financial Aid FAQ,Yale,https://finaid.yale.edu/faq
"If your waiver request is denied , we will notify you, and noncustodial requirements will remain in a missing status until received by our office.",Financial_Aid,Financial Aid FAQ,Yale,https://finaid.yale.edu/faq
"The financial aid committee reviews waiver requests in the order they are received. If additional information is needed, we will contact you directly.",Financial_Aid,Financial Aid FAQ,Yale,https://finaid.yale.edu/faq
"The College Board automatically grants CSS Profile fee waivers to U.S. applicants whose families earn up to $100,000 per year. These waivers apply to both custodial and noncustodial parents. Students are notified of their eligibility for an automatic fee waiver while completing the CSS Profile. For additional details, please refer to the CSS Profile’s fee waiver information .",Financial_Aid,Financial Aid FAQ,Yale,https://finaid.yale.edu/faq
"For information about waiving your Yale admissions application fee, visit this webpage .",Financial_Aid,Financial Aid FAQ,Yale,https://finaid.yale.edu/faq
"For prospective students, if you completed your aid application by the deadline for the round you applied, your financial aid offer will be provided with your admissions decision. If you completed your aid application after the deadline, we will work as quickly as we can to provide your offer letter to you.",Financial_Aid,Financial Aid FAQ,Yale,https://finaid.yale.edu/faq
"For continuing Yale students, the first round of offer letters will be sent out beginning late May/early June for those students who completed their application by the deadline. If you completed your aid application after the deadline, we will work as quickly as we can to provide your offer letter to you.",Financial_Aid,Financial Aid FAQ,Yale,https://finaid.yale.edu/faq
"For students on financial aid, outside merit scholarships may reduce or replace a student’s Student Share . Amounts that exceed the total Student Share reduce Yale Scholarship .",Financial_Aid,Financial Aid FAQ,Yale,https://finaid.yale.edu/faq
"The financial aid committee will review a financial aid offer if a family’s financial circumstances have changed significantly since applying for aid, or if there is additional information that was not included on the original application. Common examples include unemployment, uninsured medical expenses, and divorce/separation.",Financial_Aid,Financial Aid FAQ,Yale,https://finaid.yale.edu/faq
"For information on the review process, including required forms and documentation, see Request for Review .",Financial_Aid,Financial Aid FAQ,Yale,https://finaid.yale.edu/faq
Please visit the Year or Term Abroad webpage for more information on what happens to a financial aid offer when studying abroad.,Financial_Aid,Financial Aid FAQ,Yale,https://finaid.yale.edu/faq
"When a student moves off-campus, the amount of financial aid they receive does not change, but the charges on their bill are significantly reduced. When living off-campus, a student is not billed for on-campus housing and on-campus meals. An off-campus meal plan can be selected at a reduced cost or a meal plan can be opted-out of entirely. Learn more about meal plan options on Yale Hospitality’s webpage .",Financial_Aid,Financial Aid FAQ,Yale,https://finaid.yale.edu/faq
"The financial aid amount a student receives will still be based on the total estimated cost of attendance, which includes housing and food, even though these items are no longer billed by Yale. Similar expenses, such as rent, utilities, and groceries, will still be incurred when living off-campus, which is why these costs are still considered.",Financial_Aid,Financial Aid FAQ,Yale,https://finaid.yale.edu/faq
"If you take a leave of absence, your financial aid will be reduced by the same percentage as your charges for tuition, housing and food. Review the Financial Services section of the Undergraduate Regulations to learn more.",Financial_Aid,Financial Aid FAQ,Yale,https://finaid.yale.edu/faq
"If you are an undergraduate student who needs help completing the TL11A Tuition and Enrolment Certificate (University Outside Canada), please email undergrad.fa@yale.edu with your Yale student ID number and the year for which you need the form completed.",Financial_Aid,Financial Aid FAQ,Yale,https://finaid.yale.edu/faq
"Please email undergrad.fa@yale.edu and be sure to include your full name, date of birth, Yale Student ID number, home address while attending Yale, and the years you attended Yale. Records will be shared via email.",Financial_Aid,Financial Aid FAQ,Yale,https://finaid.yale.edu/faq
Communicating with Parents,Financial_Aid,Financial aid policies,Yale,https://finaid.yale.edu/policies
Computer/Technology Purchase,Financial_Aid,Financial aid policies,Yale,https://finaid.yale.edu/policies
Eligibility Criteria,Financial_Aid,Financial aid policies,Yale,https://finaid.yale.edu/policies
"Allowable Items (up to $2,500 total)",Financial_Aid,Financial aid policies,Yale,https://finaid.yale.edu/policies
Examples of Eligibility,Financial_Aid,Financial aid policies,Yale,https://finaid.yale.edu/policies
Disbursement Timing,Financial_Aid,Financial aid policies,Yale,https://finaid.yale.edu/policies
Outside Scholarships,Financial_Aid,Financial aid policies,Yale,https://finaid.yale.edu/policies
Federal Pell Grant,Financial_Aid,Financial aid policies,Yale,https://finaid.yale.edu/policies
Summer Pell Grant and Iraq and Afghanistan Service Grant Policy,Financial_Aid,Financial aid policies,Yale,https://finaid.yale.edu/policies
Federal Verification,Financial_Aid,Financial aid policies,Yale,https://finaid.yale.edu/policies
The Family Educational Rights and Privacy Act (FERPA),Financial_Aid,Financial aid policies,Yale,https://finaid.yale.edu/policies
How to Grant Access,Financial_Aid,Financial aid policies,Yale,https://finaid.yale.edu/policies
Leave of Absence/Withdrawal,Financial_Aid,Financial aid policies,Yale,https://finaid.yale.edu/policies
Military/Veteran Benefits,Financial_Aid,Financial aid policies,Yale,https://finaid.yale.edu/policies
Legal Name Changes for Yale College Students,Financial_Aid,Financial aid policies,Yale,https://finaid.yale.edu/policies
Updating Your Legal Name with Yale,Financial_Aid,Financial aid policies,Yale,https://finaid.yale.edu/policies
Updating Your Name with the Department of Education,Financial_Aid,Financial aid policies,Yale,https://finaid.yale.edu/policies
Need-Based Financial Aid,Financial_Aid,Financial aid policies,Yale,https://finaid.yale.edu/policies
Outside Scholarships/Resources,Financial_Aid,Financial aid policies,Yale,https://finaid.yale.edu/policies
Reapplying for/Renewing Financial Aid,Financial_Aid,Financial aid policies,Yale,https://finaid.yale.edu/policies
Domestic Students and U.S. Permanent Residents,Financial_Aid,Financial aid policies,Yale,https://finaid.yale.edu/policies
International Students,Financial_Aid,Financial aid policies,Yale,https://finaid.yale.edu/policies
Refunds of Credit Balances on YalePay,Financial_Aid,Financial aid policies,Yale,https://finaid.yale.edu/policies
Request for Review,Financial_Aid,Financial aid policies,Yale,https://finaid.yale.edu/policies
Satisfactory Academic Progress,Financial_Aid,Financial aid policies,Yale,https://finaid.yale.edu/policies
Qualitative Measure,Financial_Aid,Financial aid policies,Yale,https://finaid.yale.edu/policies
Quantitative Measure,Financial_Aid,Financial aid policies,Yale,https://finaid.yale.edu/policies
Academic Considerations,Financial_Aid,Financial aid policies,Yale,https://finaid.yale.edu/policies
Course Withdrawals,Financial_Aid,Financial aid policies,Yale,https://finaid.yale.edu/policies
Course Repetitions,Financial_Aid,Financial aid policies,Yale,https://finaid.yale.edu/policies
"SAP Evaluation Frequency, Procedure, and Notices",Financial_Aid,Financial aid policies,Yale,https://finaid.yale.edu/policies
Appealing Loss of Federal Financial Aid Eligibility,Financial_Aid,Financial aid policies,Yale,https://finaid.yale.edu/policies
Successful Appeal – Probationary Reinstatement of aid Eligibility,Financial_Aid,Financial aid policies,Yale,https://finaid.yale.edu/policies
Study Abroad and Financial Aid,Financial_Aid,Financial aid policies,Yale,https://finaid.yale.edu/policies
Yale Student Hospitalization & Specialty Care Coverage,Financial_Aid,Financial aid policies,Yale,https://finaid.yale.edu/policies
The student must be receiving need-based financial aid.,Financial_Aid,Financial aid policies,Yale,https://finaid.yale.edu/policies
The outside resource(s) must exceed the standard Student Share portion of the financial aid offer.,Financial_Aid,Financial aid policies,Yale,https://finaid.yale.edu/policies
"The total amount used for the technology purchase cannot exceed $2,500, if eligible (see eligibility examples below).",Financial_Aid,Financial aid policies,Yale,https://finaid.yale.edu/policies
The purchase must occur during the academic year in which the student becomes eligible; unused eligibility does not roll over to future years.,Financial_Aid,Financial aid policies,Yale,https://finaid.yale.edu/policies
"Purchases must be made out-of-pocket, and original itemized receipts must be submitted here for reimbursement processing.",Financial_Aid,Financial aid policies,Yale,https://finaid.yale.edu/policies
"Laptop, Desktop Computer, or Tablet (only one device allowed)",Financial_Aid,Financial aid policies,Yale,https://finaid.yale.edu/policies
Extended Warranty for the device,Financial_Aid,Financial aid policies,Yale,https://finaid.yale.edu/policies
"Note: Consumables such as ink, printer paper, or monthly internet costs are not allowed under this policy.",Financial_Aid,Financial aid policies,Yale,https://finaid.yale.edu/policies
"Example 1 : A student receives $5,000 in outside resources. $3,700 reduces the Student Share to $0. The remaining $1,300 would normally reduce Yale Scholarship. Instead, the student may apply this $1,300 toward a technology purchase.",Financial_Aid,Financial aid policies,Yale,https://finaid.yale.edu/policies
"$3,700 reduces the Student Share to $0.",Financial_Aid,Financial aid policies,Yale,https://finaid.yale.edu/policies
"The remaining $1,300 would normally reduce Yale Scholarship.",Financial_Aid,Financial aid policies,Yale,https://finaid.yale.edu/policies
"Instead, the student may apply this $1,300 toward a technology purchase.",Financial_Aid,Financial aid policies,Yale,https://finaid.yale.edu/policies
"Example 2 : A student receives $10,000 in outside resources. $3,700 reduces the Student Share to $0. The remaining $6,300 would normally replace Yale Scholarship. The student may use up to $2,500 toward a technology purchase and if so, the remaining $3,800 reduces Yale Scholarship.",Financial_Aid,Financial aid policies,Yale,https://finaid.yale.edu/policies
"The remaining $6,300 would normally replace Yale Scholarship.",Financial_Aid,Financial aid policies,Yale,https://finaid.yale.edu/policies
"The student may use up to $2,500 toward a technology purchase and if so, the remaining $3,800 reduces Yale Scholarship.",Financial_Aid,Financial aid policies,Yale,https://finaid.yale.edu/policies
"Example 3 : A student receives $1,500 in outside resources. $1,500 reduces the Student Share to $2,200. No Yale Scholarship is reduced. The student is not eligible for a technology purchase under this policy.",Financial_Aid,Financial aid policies,Yale,https://finaid.yale.edu/policies
"$1,500 reduces the Student Share to $2,200.",Financial_Aid,Financial aid policies,Yale,https://finaid.yale.edu/policies
No Yale Scholarship is reduced.,Financial_Aid,Financial aid policies,Yale,https://finaid.yale.edu/policies
The student is not eligible for a technology purchase under this policy.,Financial_Aid,Financial aid policies,Yale,https://finaid.yale.edu/policies
Aid is typically disbursed seven days before the start of each term,Financial_Aid,Financial aid policies,Yale,https://finaid.yale.edu/policies
Students must be enrolled at least half-time and have completed all required documents for disbursement,Financial_Aid,Financial aid policies,Yale,https://finaid.yale.edu/policies
Outside scholarships will be credited once received and processed by Student Accounts.,Financial_Aid,Financial aid policies,Yale,https://finaid.yale.edu/policies
Note: Excess outside resources may reduce Yale Scholarship after the Student Share is covered per Undergraduate Financial Aid Policy,Financial_Aid,Financial aid policies,Yale,https://finaid.yale.edu/policies
Federal loans require borrowers to complete Entrance Counseling and a Master Promissory Note (MPN) for disbursement.,Financial_Aid,Financial aid policies,Yale,https://finaid.yale.edu/policies
Loans are typically disbursed in two installments (one per semester),Financial_Aid,Financial aid policies,Yale,https://finaid.yale.edu/policies
V1 – Standard Verification Group,Financial_Aid,Financial aid policies,Yale,https://finaid.yale.edu/policies
V4 – Custom Verification Group,Financial_Aid,Financial aid policies,Yale,https://finaid.yale.edu/policies
V5 – Aggregate Verification Group,Financial_Aid,Financial aid policies,Yale,https://finaid.yale.edu/policies
"Student Privacy Protected : Financial aid records—including FAFSA data, CSS Profile, tax documents, award letters, and correspondence—are considered part of the student’s education record and are protected under FERPA.",Financial_Aid,Financial aid policies,Yale,https://finaid.yale.edu/policies
Student Access : Students have the right to inspect and review their financial aid records maintained by Yale.,Financial_Aid,Financial aid policies,Yale,https://finaid.yale.edu/policies
"Consent Required for Disclosure : Yale may not share a student’s financial aid information with parents, guardians, or others without the student’s written consent , unless an exception under FERPA applies.",Financial_Aid,Financial aid policies,Yale,https://finaid.yale.edu/policies
"Exceptions : FERPA allows limited disclosure of financial aid information without consent: To Yale officials with a legitimate educational interest To federal or state financial aid officials for audit or program purposes In response to a lawfully issued subpoena (with notice to the student, when required) To parents of dependent students (as defined by the IRS), though Yale generally requests student consent regardless",Financial_Aid,Financial aid policies,Yale,https://finaid.yale.edu/policies
To Yale officials with a legitimate educational interest,Financial_Aid,Financial aid policies,Yale,https://finaid.yale.edu/policies
To federal or state financial aid officials for audit or program purposes,Financial_Aid,Financial aid policies,Yale,https://finaid.yale.edu/policies
"In response to a lawfully issued subpoena (with notice to the student, when required)",Financial_Aid,Financial aid policies,Yale,https://finaid.yale.edu/policies
"To parents of dependent students (as defined by the IRS), though Yale generally requests student consent regardless",Financial_Aid,Financial aid policies,Yale,https://finaid.yale.edu/policies
"Parent Access : Because financial aid often involves parental financial information, Yale’s Undergraduate Financial Aid office may communicate with parents only if the student has given permission via a signed FERPA release form.",Financial_Aid,Financial aid policies,Yale,https://finaid.yale.edu/policies
Important Note: Yale complies with FERPA and institutional policies regarding data security and privacy.,Financial_Aid,Financial aid policies,Yale,https://finaid.yale.edu/policies
Update your name with the Social Security Administration (SSA).,Financial_Aid,Financial aid policies,Yale,https://finaid.yale.edu/policies
"Click your name, then go to Settings > Personal Information.",Financial_Aid,Financial aid policies,Yale,https://finaid.yale.edu/policies
Submit your updated name. Status will show as “pending.”,Financial_Aid,Financial aid policies,Yale,https://finaid.yale.edu/policies
"Within 1–3 days, your new name will be confirmed with SSA and reflected on studentaid.gov.",Financial_Aid,Financial aid policies,Yale,https://finaid.yale.edu/policies
Notify your loan servicer(s) to update your name in their records. You can find your servicer(s) listed on studentaid.gov .,Financial_Aid,Financial aid policies,Yale,https://finaid.yale.edu/policies
Federal Supplemental Educational Opportunity Grant (SEOG),Financial_Aid,Financial aid policies,Yale,https://finaid.yale.edu/policies
Federal Direct Subsidized and Unsubsidized Loans,Financial_Aid,Financial aid policies,Yale,https://finaid.yale.edu/policies
"If a student’s outside resources exceed the Student Share , students are permitted to make a one-time technology purchase of up to $2,500 using excess outside resources instead of those funds reducing Yale Scholarship.",Financial_Aid,Financial aid policies,Yale,https://finaid.yale.edu/policies
Note: Outside resources that are designated exclusively for tuition are not eligible to be applied toward the computer/technology purchase.,Financial_Aid,Financial aid policies,Yale,https://finaid.yale.edu/policies
"If your Free Application for Federal Student Aid (FAFSA) is selected for verification by the U.S. Department of Education, it means your application has been flagged for a review process to confirm the accuracy of the information you submitted. Selection may be random or based on discrepancies or missing data in your FAFSA.",Financial_Aid,Financial aid policies,Yale,https://finaid.yale.edu/policies
"If you are selected for verification, the Undergraduate Financial Aid office may request additional documentation from you. These requirements will be listed in your YaleHub portal and may vary depending on the verification group you are assigned to:",Financial_Aid,Financial aid policies,Yale,https://finaid.yale.edu/policies
"Once all required documents are submitted, Yale will review them and compare the information to your FAFSA. We will make corrections if necessary to ensure your application is accurate and up to date.",Financial_Aid,Financial aid policies,Yale,https://finaid.yale.edu/policies
Please note: Verification must be completed before any financial aid can be disbursed.,Financial_Aid,Financial aid policies,Yale,https://finaid.yale.edu/policies
"The Family Educational Rights and Privacy Act (FERPA) is a federal law that protects the privacy of student education records. At Yale College, FERPA governs how the Undergraduate Financial Aid office collects, uses, and shares student financial aid information.",Financial_Aid,Financial aid policies,Yale,https://finaid.yale.edu/policies
Students can authorize Yale to share financial aid information with specific individuals by completing a FERPA release form through Yale Hub .,Financial_Aid,Financial aid policies,Yale,https://finaid.yale.edu/policies
"Students may need to update their legal name for various reasons. If so, please be sure to update both your Yale records and your information with the U.S. Department of Education if you receive federal financial aid.",Financial_Aid,Financial aid policies,Yale,https://finaid.yale.edu/policies
"If you receive federal aid (e.g., Pell Grants, Direct Loans, Work-Study), follow these steps:",Financial_Aid,Financial aid policies,Yale,https://finaid.yale.edu/policies
"For students receiving need-based financial aid, outside resources, including Reserve Officers’ Training Corps (ROTC) resources, are first used to reduce or replace the Student Share portion of the financial aid offer. In most cases, the standard Student Share is $3,700 per academic year.",Financial_Aid,Financial aid policies,Yale,https://finaid.yale.edu/policies
"If the total value of outside resources exceeds the Student Share, the remaining amount will reduce the Yale Scholarship on a dollar-for-dollar basis.",Financial_Aid,Financial aid policies,Yale,https://finaid.yale.edu/policies
"Students who are U.S. citizens or permanent residents are required to reapply for financial aid each academic year. Because financial need may change annually based on factors such as family income, assets, or household size, Yale reviews each student’s aid eligibility annually to ensure the most accurate and equitable offer.",Financial_Aid,Financial aid policies,Yale,https://finaid.yale.edu/policies
"This Satisfactory Academic Progress (SAP) policy applies only to students enrolled in Yale College degree programs. For Yale College students who are simultaneously pursuing an undergraduate certificate, SAP for certificate coursework is evaluated independently by the school or academic unit offering the certificate. Eligibility for Title IV aid is based solely on SAP progress within the student’s degree program.",Financial_Aid,Financial aid policies,Yale,https://finaid.yale.edu/policies
"Students enrolled at Yale College must maintain a minimum cumulative GPA of 2.0 or better at each evaluation point. At the end of each student’s second academic year (i.e., fourth semester), students must have a GPA consistent with Yale College’s graduation requirements. Students who earn three or more failing grades in a single term or over two or more consecutive terms may lose eligibility for Title IV aid, even if their cumulative GPA remains above the minimum threshold.",Financial_Aid,Financial aid policies,Yale,https://finaid.yale.edu/policies
"Students enrolled in a Yale College program of study must maintain a cumulative course completion rate of 67%. While Yale College’s academic policy excludes courses dropped after the add/drop period and before midterm from a calculation of students’ academic standing and may not appear on a student’s transcript, Yale’s Satisfactory Academic Progress policy includes all courses a student is enrolled in beyond the add/drop period when assessing a student’s quantitative progress towards completion.",Financial_Aid,Financial aid policies,Yale,https://finaid.yale.edu/policies
"For students who change majors, all coursework completed towards the previous major(s) are included when calculating GPA, Pace, and Maximum Timeframe.",Financial_Aid,Financial aid policies,Yale,https://finaid.yale.edu/policies
Students who fail to meet the requirements to remain in good standing for Satisfactory Academic Progress at any evaluation point will lose federal aid eligibility for all subsequent semesters. Students may choose to appeal their loss of eligibility.,Financial_Aid,Financial aid policies,Yale,https://finaid.yale.edu/policies
Students may appeal a loss of financial aid eligibility due to unsatisfactory academic progress.,Financial_Aid,Financial aid policies,Yale,https://finaid.yale.edu/policies
"Students who successfully appeal a loss of federal financial aid eligibility related to SAP purposes, will have their federal financial aid reinstated on a probationary period of at least one semester. During this probationary semester, students must follow any academic plan outline to ensure they can make SAP by a specific point in time.",Financial_Aid,Financial aid policies,Yale,https://finaid.yale.edu/policies
"For students receiving financial aid, tuition benefits reduce Yale Scholarship dollar-for-dollar.",Financial_Aid,Financial aid policies,Yale,https://finaid.yale.edu/policies
The Yale Student Hospitalization & Specialty Care coverage is administered by Member Services . Please be advised that this charge may result in an increase to your billed expenses in YalePay.,Financial_Aid,Financial aid policies,Yale,https://finaid.yale.edu/policies
College Scholarship Service Profile (CSS Profile),Financial_Aid,Financial aid terminology,Yale,https://finaid.yale.edu/terminology
Demonstrated Financial Need,Financial_Aid,Financial aid terminology,Yale,https://finaid.yale.edu/terminology
Entitlement Grants,Financial_Aid,Financial aid terminology,Yale,https://finaid.yale.edu/terminology
Estimated Cost of Attendance (COA),Financial_Aid,Financial aid terminology,Yale,https://finaid.yale.edu/terminology
Expected Family Contribution (EFC),Financial_Aid,Financial aid terminology,Yale,https://finaid.yale.edu/terminology
Free Application for Federal Student Aid (FAFSA),Financial_Aid,Financial aid terminology,Yale,https://finaid.yale.edu/terminology
Federal Work Study (FWS),Financial_Aid,Financial aid terminology,Yale,https://finaid.yale.edu/terminology
Institutional Documentation Service (IDOC),Financial_Aid,Financial aid terminology,Yale,https://finaid.yale.edu/terminology
Merit-Based Scholarships,Financial_Aid,Financial aid terminology,Yale,https://finaid.yale.edu/terminology
Supplemental Educational Opportunity Grant (SEOG),Financial_Aid,Financial aid terminology,Yale,https://finaid.yale.edu/terminology
Student Identification Number (SID),Financial_Aid,Financial aid terminology,Yale,https://finaid.yale.edu/terminology
Yale Financial Aid Offer,Financial_Aid,Financial aid terminology,Yale,https://finaid.yale.edu/terminology
Supplemental Educational Opportunity Grants (SEOG),Financial_Aid,Financial aid terminology,Yale,https://finaid.yale.edu/terminology
Yale Club or Association Scholarships,Financial_Aid,Financial aid terminology,Yale,https://finaid.yale.edu/terminology
Books/Course Materials/Supplies/Equipment,Financial_Aid,Financial aid terminology,Yale,https://finaid.yale.edu/terminology
"Parents’ assets (cash, savings, home equity, other real estate and investments)",Financial_Aid,Financial aid terminology,Yale,https://finaid.yale.edu/terminology
Number of children attending college,Financial_Aid,Financial aid terminology,Yale,https://finaid.yale.edu/terminology
Student’s expected income from summer and term-time jobs,Financial_Aid,Financial aid terminology,Yale,https://finaid.yale.edu/terminology
"Student’s assets (cash, savings, trusts, and other investments)",Financial_Aid,Financial aid terminology,Yale,https://finaid.yale.edu/terminology
"The CSS Profile, which can be completed at College Board’s website using Yale College’s School Code 3987, is an online application used by colleges and scholarship programs to award non-federal institutional aid. This form is required by Undergraduate Financial Aid for all financial aid applicants.",Financial_Aid,Financial aid terminology,Yale,https://finaid.yale.edu/terminology
"The amount of gift aid a family needs to be able to afford one year at Yale. Yale financial aid packages meet this amount dollar for dollar with Yale Scholarship and any available outside resources, such as a Pell Grant. This represents the difference between Yale’s Estimated Cost of Attendance and the Expected Family Contribution.",Financial_Aid,Financial aid terminology,Yale,https://finaid.yale.edu/terminology
The estimated cost of attendance (COA) refers to the total amount of expenses a student will incur - both billed and unbilled - when attending Yale College. Yale considers the the following expenses when determining the estimated COA for one academic year:,Financial_Aid,Financial aid terminology,Yale,https://finaid.yale.edu/terminology
The total amount a family is expected to contribute toward a student’s Yale education. It is used to cover both billed and unbilled expenses. The EFC is comprised of:,Financial_Aid,Financial aid terminology,Yale,https://finaid.yale.edu/terminology
"The Expected Family Contribution is not the amount that will appear on a Yale term bill. Rather, it is an estimate of the total net cost a family must pay to cover a student’s estimated expenses for one year.",Financial_Aid,Financial aid terminology,Yale,https://finaid.yale.edu/terminology
"The FAFSA can be completed online on the U.S. Federal Student Aid website , and should be submitted to Yale using Yale College’s FAFSA code: 001426 .",Financial_Aid,Financial aid terminology,Yale,https://finaid.yale.edu/terminology
"The QuestBridge National College Match is a college and scholarship application process that helps outstanding low-income high school seniors gain admission to, and scholarships and grant aid for, the nation’s most selective colleges.",Financial_Aid,Financial aid terminology,Yale,https://finaid.yale.edu/terminology
"For more information, please visit the QuestBridge website .",Financial_Aid,Financial aid terminology,Yale,https://finaid.yale.edu/terminology
"The SID is located in the upper left corner above the date on the first page of the financial aid offer letter. Whenever you contact Undergraduate Financial Aid, please have the Student Identification Number available.",Financial_Aid,Financial aid terminology,Yale,https://finaid.yale.edu/terminology
Student loans are not required as part of the Yale Financial Aid Offer.,Financial_Aid,Financial aid terminology,Yale,https://finaid.yale.edu/terminology
"The Yale Scholarship can vary from a few hundred dollars to over $80,000 per year; the average Yale need-based scholarship is over $65,000. For additional statistics, see Affordability . Area Yale Club awards, endowed scholarships, and other gift aid from Yale’s alumni and friends may be used as grants in place of some Yale Scholarship funds.",Financial_Aid,Financial aid terminology,Yale,https://finaid.yale.edu/terminology
CSS Profile Waiver Request for the Noncustodial Parent,Financial_Aid,Forms,Yale,https://finaid.yale.edu/forms
Federal Direct Parent PLUS Loan Request Form,Financial_Aid,Forms,Yale,https://finaid.yale.edu/forms
Federal Direct Student Loan Request Form,Financial_Aid,Forms,Yale,https://finaid.yale.edu/forms
Non-Tax Filer’s Statement,Financial_Aid,Forms,Yale,https://finaid.yale.edu/forms
Outside Scholarship/Resource Form,Financial_Aid,Forms,Yale,https://finaid.yale.edu/forms
Request for Review Form,Financial_Aid,Forms,Yale,https://finaid.yale.edu/forms
Year or Term Abroad Form,Financial_Aid,Forms,Yale,https://finaid.yale.edu/forms
Verification Statement,Financial_Aid,Forms,Yale,https://finaid.yale.edu/forms
"The CSS Profile Waiver Request for the Noncustodial Parent . Students are encouraged to write a personal statement on the last page of the form, providing details of their situation as appropriate.",Financial_Aid,Forms,Yale,https://finaid.yale.edu/forms
"A statement from a third party familiar with the student’s family situation. It should come from a professional (other than a lawyer) who can verify information about the student/parent relationship. Such statements are often written by a counselor, religious leader, or teacher. Refer to the instructions on the waiver form for additional details.",Financial_Aid,Forms,Yale,https://finaid.yale.edu/forms
"If applicable, any documentation that substantiates or expands upon the family situation, such as restraining orders or other court documents.",Financial_Aid,Forms,Yale,https://finaid.yale.edu/forms
Students receiving Yale financial aid: submit this form if you receive an outside award,Financial_Aid,Forms,Yale,https://finaid.yale.edu/forms
Students who are not receiving Yale financial aid: submit this form to report outside resources or merit scholarships that will be paid directly to Yale; the anticipated credit(s) can then be applied to your YalePay Student Account.,Financial_Aid,Forms,Yale,https://finaid.yale.edu/forms
Termination of employment or other employment change,Financial_Aid,Forms,Yale,https://finaid.yale.edu/forms
"One-time income (e.g., back pay, capital gain, retirement withdrawal)",Financial_Aid,Forms,Yale,https://finaid.yale.edu/forms
"Loss of untaxed income (e.g., child support, Social Security, unemployment benefits)",Financial_Aid,Forms,Yale,https://finaid.yale.edu/forms
Unusual medical/dental bills not covered by health insurance,Financial_Aid,Forms,Yale,https://finaid.yale.edu/forms
Expenses associated with the care of an elderly grandparent,Financial_Aid,Forms,Yale,https://finaid.yale.edu/forms
Repayment of parents’ education loans in the tax year being reviewed,Financial_Aid,Forms,Yale,https://finaid.yale.edu/forms
"Please note: Submission of the waiver petition does not guarantee its approval. In addition, unwillingness to pay is not sufficient grounds for a waiver approval absent other contributing factors. Need-based aid is a measure of ability, not willingness, to pay for a student’s college education.",Financial_Aid,Forms,Yale,https://finaid.yale.edu/forms
Students whose waiver petitions are approved do not need to resubmit a petition each year. The waiver approval will carry forward throughout the student’s undergraduate career.,Financial_Aid,Forms,Yale,https://finaid.yale.edu/forms
"Once your loan has been processed, Federal Student Aid we email instructions for completing the online master promissory note (MPN). New borrowers will also receive instructions from Federal Student Aid for completing the required online entrance counseling. Federal Student Loan borrowers only need to complete the Master Promissory Note and Loan Entrance Counseling once.",Financial_Aid,Forms,Yale,https://finaid.yale.edu/forms
"If you had earnings during the requested tax year , but earned less than the filing threshold, you must list any associated income sources and their amounts on the form. When submitting the form to IDOC, please also include any corresponding W-2 form(s).",Financial_Aid,Forms,Yale,https://finaid.yale.edu/forms
"If you did not have earnings during the requested tax year , please indicate “no source of income” as the source of your income with “$0” under the amount section. Do not leave any section blank.",Financial_Aid,Forms,Yale,https://finaid.yale.edu/forms
"If your family’s financial circumstances have changed significantly or if you have special financial circumstances that were not reported on your initial financial aid application, you may use this form to initiate a request a review of your financial aid offer. The Financial Aid Committee will review your request and share the result in writing.",Financial_Aid,Forms,Yale,https://finaid.yale.edu/forms
Note: Students in the Yale-in-London program do not need to submit study-abroad budget information. This program has a standardized budget that Undergraduate Financial Aid uses when calculating participants’ financial aid.,Financial_Aid,Forms,Yale,https://finaid.yale.edu/forms
"If you do not have access to IDOC, you may submit documentation to this weblink .",Financial_Aid,Forms,Yale,https://finaid.yale.edu/forms
Prospective First-year and transfer applicants and admitted students,Financial_Aid,Apply for aid,Yale,https://finaid.yale.edu/apply
Continuing Enrolled Yale College students,Financial_Aid,Apply for aid,Yale,https://finaid.yale.edu/apply
"Eli Whitney Applicants, admitted students, and currently enrolled continuing students",Financial_Aid,Apply for aid,Yale,https://finaid.yale.edu/apply
Graduate Applicants and current students in Yale’s graduate and professional schools,Financial_Aid,Apply for aid,Yale,https://finaid.yale.edu/apply
Instant Net Price Estimator,Financial_Aid,Cost estimator,Yale,https://finaid.yale.edu/estimate
MyinTuition Cost Estimator,Financial_Aid,Cost estimator,Yale,https://finaid.yale.edu/estimate
Net Price Calculator,Financial_Aid,Cost estimator,Yale,https://finaid.yale.edu/estimate
Important Note for International Students,Financial_Aid,Cost estimator,Yale,https://finaid.yale.edu/estimate
MyinTuition Quick Cost Estimator,Financial_Aid,Cost estimator,Yale,https://finaid.yale.edu/estimate
Students with divorced parents should combine both parents’ incomes.,Financial_Aid,Cost estimator,Yale,https://finaid.yale.edu/estimate
"A net price estimate of $3,700 is an estimate for a Zero Parent Share financial aid offer. The $3,700 reflects Yale’s estimates for books and personal expenses, which students are expected to cover.",Financial_Aid,Cost estimator,Yale,https://finaid.yale.edu/estimate
Your financial information is secure. We do not retain any personal identifying information you provide.,Financial_Aid,Cost estimator,Yale,https://finaid.yale.edu/estimate
"The estimator’s results are based on the information you enter. Though it provides a good estimate and is a good starting point, it is not a guarantee of financial aid.",Financial_Aid,Cost estimator,Yale,https://finaid.yale.edu/estimate
The calculator is intended for applicants whose parents live and work in the United States.,Financial_Aid,Cost estimator,Yale,https://finaid.yale.edu/estimate
The calculator is not an application for financial aid; your information will not be transmitted to Yale.,Financial_Aid,Cost estimator,Yale,https://finaid.yale.edu/estimate
The calculator results are dependent on the accuracy and completeness of the information you submit and are intended to provide only a general guide to your eligibility for financial aid.,Financial_Aid,Cost estimator,Yale,https://finaid.yale.edu/estimate
"Any indicated offer is not guaranteed by Yale and represents a preliminary, nonbinding indication of the aid you may be eligible to receive.",Financial_Aid,Cost estimator,Yale,https://finaid.yale.edu/estimate
Student and Parent Income Tax Returns,Financial_Aid,Cost estimator,Yale,https://finaid.yale.edu/estimate
"Earnings statements (W-2 forms, recent paycheck stubs)",Financial_Aid,Cost estimator,Yale,https://finaid.yale.edu/estimate
Bank and Investments Account Statements,Financial_Aid,Cost estimator,Yale,https://finaid.yale.edu/estimate
"Records of untaxed income (Social Security, contributions to a 401(k) or tax deferred pension, etc.)",Financial_Aid,Cost estimator,Yale,https://finaid.yale.edu/estimate
"The Instant Net Price Estimator provides a quick ballpark estimate of a family’s cost to attend Yale, based on annual income and the number of children attending college. The tool provides a range of price estimates—low, high, and best—at each income level.",Financial_Aid,Cost estimator,Yale,https://finaid.yale.edu/estimate
The MyinTuition Quick Cost Estimator asks six basic financial questions and gives you an early estimate of the amount your family will need to contribute for one year at Yale.,Financial_Aid,Cost estimator,Yale,https://finaid.yale.edu/estimate
"The Net Price Calculator provides a more detailed estimate using more information about your family’s finances, and Yale’s current aid policies. It is designed to provide a first look at what a family can expect to pay. While the calculator can’t capture all the information that Undergraduate Financial Aid uses to evaluate financial need, its results offer a good place to start a conversation about financing your Yale education.",Financial_Aid,Cost estimator,Yale,https://finaid.yale.edu/estimate
"If you don’t have exact dollar amounts to enter into the calculator, estimates are acceptable, however, the results will not be as accurate. The following documentation can help you report the most accurate information and generate a more accurate offer:",Financial_Aid,Cost estimator,Yale,https://finaid.yale.edu/estimate
Karensa “Kari” DiFonzo,Financial_Aid,About the office,Yale,https://finaid.yale.edu/aboutus
Katharine “Katie” Brett,Financial_Aid,About the office,Yale,https://finaid.yale.edu/aboutus
Katherine “Katie” Dobrouch,Financial_Aid,About the office,Yale,https://finaid.yale.edu/aboutus
Shontisha “Tisha” Kinchen-Askew,Financial_Aid,About the office,Yale,https://finaid.yale.edu/aboutus
Undergraduate Housing,Housing,Yale Housing welcome,Yale,https://housing.yale.edu/welcome
Elm Campus Partners,Housing,Yale Housing welcome,Yale,https://housing.yale.edu/welcome
"This website is the central hub for all housing options on and around the Yale campus. This includes Yale-owned and operated dormitories and apartments, as well as alternative housing throughout the greater New Haven area. We strive to provide a safe and supportive residential environment that fosters a sense of community and enhances the Yale experience for all.",Housing,Yale Housing welcome,Yale,https://housing.yale.edu/welcome
"For Graduate and Professional students and their families . Find information on important dates and deadlines for fall and spring semester, policies and procedures, residence life, roommate matching, rates, and using the self-service portal.",Housing,Yale Housing welcome,Yale,https://housing.yale.edu/welcome
"For Yale College students . Find information on important dates and deadlines for fall and spring semesters, move in and move out, room draw, housing policies, residential colleges, important forms, and using the housing portal.",Housing,Yale Housing welcome,Yale,https://housing.yale.edu/welcome
"For members of the Yale Community looking for off-campus housing . Find information on privately owned properties for rent or sale, landlord ratings, maps of New Haven and the Yale Campus, and links to additional resources.",Housing,Yale Housing welcome,Yale,https://housing.yale.edu/welcome
"For members of the Yale Community looking for Yale-owned, off-campus housing . These properties are owned by Yale but managed by a property management company, Elm Campus. Find more information on each of these properties and how to apply.",Housing,Yale Housing welcome,Yale,https://housing.yale.edu/welcome
"For housing needs between June and August . Find information on what on- and off-campus options are available during the summer that could accommodate groups of various sizes, students, and adults. This includes summer intern housing and more information on transportation and parking during the summer.",Housing,Yale Housing welcome,Yale,https://housing.yale.edu/welcome
"For questions related to undergraduate housing, please contact undergraduatehousing@yale.edu .",Housing,Undergraduate housing,Yale,https://housing.yale.edu/undergraduate-housing
Welcome to the Yale Graduate Community!,Housing,Graduate housing,Yale,https://housing.yale.edu/graduate-housing
2026 Housing Webinar,Housing,Graduate housing,Yale,https://housing.yale.edu/graduate-housing
272 Elm (first-year GSAS students only),Housing,Graduate housing,Yale,https://housing.yale.edu/graduate-housing
"The Yale Graduate Housing office is responsible for providing graduate housing options on and around the Yale campus. Our office manages a limited number of on-campus, Yale owned and operated dormitories and apartments, for Graduate and Professional Students only . Our buildings provide a safe and supportive residential environment that fosters a sense of community and enhances the Yale experience for all graduate and professional students and their families. Additionally, Yale Graduate Housing manages a housing website, that provides off-campus, alternative housing for all members of the Yale community. This online secure database lists property rentals and homes for sale throughout the greater New Haven area.",Housing,Graduate housing,Yale,https://housing.yale.edu/graduate-housing
The housing application for graduate and professional students for the 2026-2027 Academic Year will open on April 1st. Room Selection will begin the week of April 20th.,Housing,Graduate housing,Yale,https://housing.yale.edu/graduate-housing
Note: there is a one-year residency limit at the following halls (non-renewable):,Housing,Graduate housing,Yale,https://housing.yale.edu/graduate-housing
"The 2026 Housing Webinar took place on Wednesday, March 25 at 11:00 a.m. EST.",Housing,Graduate housing,Yale,https://housing.yale.edu/graduate-housing
For General Inquiries,Housing,Housing contact,Yale,https://housing.yale.edu/contact-us
Administration and Business Office,Housing,Housing contact,Yale,https://housing.yale.edu/contact-us
Nathan Lubich Director of Yale Housing nathan.lubich@yale.edu,Housing,Housing contact,Yale,https://housing.yale.edu/contact-us
Kate St. Marie Associate Director of Graduate Housing katlyn.st.marie@yale.edu,Housing,Housing contact,Yale,https://housing.yale.edu/contact-us
"Beth Bishop Student Services Manager, Graduate Housing beth.bishop@yale.edu",Housing,Housing contact,Yale,https://housing.yale.edu/contact-us
"Chris Taylor Housing Operations Manager, Graduate Housing chris.r.taylor@yale.edu",Housing,Housing contact,Yale,https://housing.yale.edu/contact-us
Laura Bertolini Senior Administrative Assistant laura.bertolini@yale.edu,Housing,Housing contact,Yale,https://housing.yale.edu/contact-us
Nicole Copeland Residential Program Coordinator nicole.copeland@yale.edu,Housing,Housing contact,Yale,https://housing.yale.edu/contact-us
Lorenzo Byam Operations Assistant lorenzo.byam@yale.edu,Housing,Housing contact,Yale,https://housing.yale.edu/contact-us
Julie Kelley Senior Student Services Assistant julie.kelley@yale.edu,Housing,Housing contact,Yale,https://housing.yale.edu/contact-us
Richard Yonkers Operations Assistant richard.yonkers@yale.edu,Housing,Housing contact,Yale,https://housing.yale.edu/contact-us
Justin Thornton Associate Director Undergraduate Housing justin.thornton@yale.edu,Housing,Housing contact,Yale,https://housing.yale.edu/contact-us
David Wright Residential Operations Manager david.wright@yale.edu,Housing,Housing contact,Yale,https://housing.yale.edu/contact-us
Keegan Carr Housing Operations Manager keegan.carr@yale.edu,Housing,Housing contact,Yale,https://housing.yale.edu/contact-us
Adam Cairns Residential Technology Administrator adam.cairns@yale.edu,Housing,Housing contact,Yale,https://housing.yale.edu/contact-us
Maen Adileh Assistant Residential Operations Manager maen.adileh@yale.edu,Housing,Housing contact,Yale,https://housing.yale.edu/contact-us
Nicole AbouAkar Housing Assignments Manager nicole.abouakar@yale.edu,Housing,Housing contact,Yale,https://housing.yale.edu/contact-us
Spencer Volpe Office Administrator spencer.volpe@yale.edu,Housing,Housing contact,Yale,https://housing.yale.edu/contact-us
Kelley Martin Assistant Director of Undergraduate Housing kelley.martin@yale.edu,Housing,Housing contact,Yale,https://housing.yale.edu/contact-us
"Mitchell Dumke Assistant Administrator, Residential Technology mitchell.dumke@yale.edu",Housing,Housing contact,Yale,https://housing.yale.edu/contact-us
"Linda Peterson Associate Director, Administration l.peterson@yale.edu",Housing,Housing contact,Yale,https://housing.yale.edu/contact-us
Molly Clark Operations Manager m.clark@yale.edu,Housing,Housing contact,Yale,https://housing.yale.edu/contact-us
Logging into the Housing Portal,Housing,Undergraduate housing portal,Yale,https://housing.yale.edu/undergraduate-housing/undergraduate-housing-portal
Login for Yale Students:,Housing,Undergraduate housing portal,Yale,https://housing.yale.edu/undergraduate-housing/undergraduate-housing-portal
Trouble Logging In?,Housing,Undergraduate housing portal,Yale,https://housing.yale.edu/undergraduate-housing/undergraduate-housing-portal
"If issues persist, please reach out to undergraduatehousing@yale.edu with a detailed description and/or screenshot of the issue and we will do our best to assist you.",Housing,Undergraduate housing portal,Yale,https://housing.yale.edu/undergraduate-housing/undergraduate-housing-portal
Graduate Housing Availability Limited,Housing,Graduate housing apply,Yale,https://housing.yale.edu/graduate-housing/apply
"Room Selection for matched roommates (2-bedroom apartments) will begin on Tuesday, April 21. Roommate matching must be completed by Sunday, April 19th at 11:59 p.m. EST to qualify for matched roommate room selection.",Housing,Graduate housing apply,Yale,https://housing.yale.edu/graduate-housing/apply
"Room Selection for all single-occupancy units 2-bedroom units, Harkness Hall, one-bedroom and efficiency units (not including Esplanade) will begin on Wednesday, April 22 until all available space has been reserved.",Housing,Graduate housing apply,Yale,https://housing.yale.edu/graduate-housing/apply
April 27th is the license agreement signature deadline for all priority applicants who selected a housing assignment. Without your signture your housing will be forfeited.,Housing,Graduate housing apply,Yale,https://housing.yale.edu/graduate-housing/apply
Any applicants received after April 19th will participate in room selection beginning April 28th.,Housing,Graduate housing apply,Yale,https://housing.yale.edu/graduate-housing/apply
"Only students currently enrolled in, or who are matriculating into the Graduate School of Arts and Sciences or other Professional Schools at Yale, are eligible for Graduate Housing. Individuals such as visiting researchers, post-docs, interns, hospital residents, etc., are not eligible for Graduate Housing.",Housing,Graduate housing apply,Yale,https://housing.yale.edu/graduate-housing/apply
Please review our buildings and contract rates ( Furnished Rates and Unfurnished Rates ).,Housing,Graduate housing apply,Yale,https://housing.yale.edu/graduate-housing/apply
"Learn about our application procedures , timeline , and renewal details .",Housing,Graduate housing apply,Yale,https://housing.yale.edu/graduate-housing/apply
Yale Net ID is required to apply for housing. Please contact your school.,Housing,Graduate housing apply,Yale,https://housing.yale.edu/graduate-housing/apply
"The Graduate Housing Application for Graduate and Professional students for the 2026-2027 Academic Year will open on April 1st. Click here to apply. Priority application runs through April 19th. Timeslots will be emailed to applicants on Monday, April 20th.",Housing,Graduate housing apply,Yale,https://housing.yale.edu/graduate-housing/apply
Note: there is a one-year residency limit at the following halls:,Housing,Graduate housing apply,Yale,https://housing.yale.edu/graduate-housing/apply
Turnitin Report Generation Issue,IT,Canvas @ Yale support,Yale,https://canvas.yale.edu/support
Vendor Help Guides,IT,Canvas @ Yale support,Yale,https://canvas.yale.edu/support
Search the Canvas @ Yale Help Guides,IT,Canvas @ Yale support,Yale,https://canvas.yale.edu/support
Canvas Instructor Documentation,IT,Canvas @ Yale support,Yale,https://canvas.yale.edu/support
Alternatives to Canvas @ Yale,IT,Canvas @ Yale support,Yale,https://canvas.yale.edu/support
Course Creation Timing,IT,Canvas @ Yale support,Yale,https://canvas.yale.edu/support
Course Roles & Permissions,IT,Canvas @ Yale support,Yale,https://canvas.yale.edu/support
Expanded Course Description,IT,Canvas @ Yale support,Yale,https://canvas.yale.edu/support
Instructional Tools,IT,Canvas @ Yale support,Yale,https://canvas.yale.edu/support
Teaching with Canvas,IT,Canvas @ Yale support,Yale,https://canvas.yale.edu/support
Types of Canvas Sites,IT,Canvas @ Yale support,Yale,https://canvas.yale.edu/support
Canvas Administrators Documentation,IT,Canvas @ Yale support,Yale,https://canvas.yale.edu/support
Banner Information Feeding Canvas,IT,Canvas @ Yale support,Yale,https://canvas.yale.edu/support
Canvas Admin Access,IT,Canvas @ Yale support,Yale,https://canvas.yale.edu/support
Canvas Admin Access Renewal,IT,Canvas @ Yale support,Yale,https://canvas.yale.edu/support
Canvas Admin Access Request,IT,Canvas @ Yale support,Yale,https://canvas.yale.edu/support
Troubleshooting Banner-Canvas Issues,IT,Canvas @ Yale support,Yale,https://canvas.yale.edu/support
Canvas Student Documentation,IT,Canvas @ Yale support,Yale,https://canvas.yale.edu/support
Course Feedback & Accessibility Barriers Tool,IT,Canvas @ Yale support,Yale,https://canvas.yale.edu/support
Favorite Courses on your Canvas Dashboard,IT,Canvas @ Yale support,Yale,https://canvas.yale.edu/support
Filtering a Course List,IT,Canvas @ Yale support,Yale,https://canvas.yale.edu/support
Learning with Canvas,IT,Canvas @ Yale support,Yale,https://canvas.yale.edu/support
Student Notification Recommendations,IT,Canvas @ Yale support,Yale,https://canvas.yale.edu/support
"Alternatives to Canvas @ Yale Depending on your needs, there are other solutions that may better suit your situation than using Canvas for project and/or non-degree course site.",IT,Canvas @ Yale support,Yale,https://canvas.yale.edu/support
Course Creation Timing Each semester academic Canvas course sites are created once the course data is completed by registrars.,IT,Canvas @ Yale support,Yale,https://canvas.yale.edu/support
Course Roles & Permissions Canvas @ Yale supports differentiated roles to control access and permissions of users in a course.,IT,Canvas @ Yale support,Yale,https://canvas.yale.edu/support
Expanded Course Description The Expanded Course Description is added to the Syllabus tool in Canvas to facilitate student access to additional information during registration.,IT,Canvas @ Yale support,Yale,https://canvas.yale.edu/support
Instructional Tools Canvas @ Yale supports many external and internal applications that are integrated into Canvas to support and improve teaching and learning.,IT,Canvas @ Yale support,Yale,https://canvas.yale.edu/support
"Teaching with Canvas Canvas lets you manage your course files, communication, and users. Learn more about how to leverage Canvas and your course settings effectively.",IT,Canvas @ Yale support,Yale,https://canvas.yale.edu/support
"Types of Canvas Sites Canvas is used for many different programs, events, and purposes at Yale. Learn more about the types of Canvas course sites available.",IT,Canvas @ Yale support,Yale,https://canvas.yale.edu/support
"Banner Information Feeding Canvas Official academic course sites are created in Canvas automatically from course offerings and registration enrollments managed by the SIS, Banner.",IT,Canvas @ Yale support,Yale,https://canvas.yale.edu/support
"Canvas Admin Access The Canvas Administrator role allows users to search for, view, and in some cases add / edit / remove users and content to a Canvas course.",IT,Canvas @ Yale support,Yale,https://canvas.yale.edu/support
Canvas Admin Access Renewal Get answers to some frequently asked questions regarding Canvas @ Yale admin access and the renewal process.,IT,Canvas @ Yale support,Yale,https://canvas.yale.edu/support
Canvas Admin Access Request Canvas admin access is high level access for users to search for and access Canvas course sites to support a school or department.,IT,Canvas @ Yale support,Yale,https://canvas.yale.edu/support
Troubleshooting Banner-Canvas Issues Changes in Banner can have major impacts on downstream systems like Canvas. Learn more about common issues / situations that registrars may encounter.,IT,Canvas @ Yale support,Yale,https://canvas.yale.edu/support
Course Feedback & Accessibility Barriers Tool Submit a comment through the Course Feedback & Accessibility Barriers tool to anonymously share feedback or a barrier to your learning.,IT,Canvas @ Yale support,Yale,https://canvas.yale.edu/support
Favorite Courses on your Canvas Dashboard Utilize the ‘ Favorites ’ function to organize and find all of your courses easily within your Canvas @ Yale Dashboard each semester.,IT,Canvas @ Yale support,Yale,https://canvas.yale.edu/support
"Filtering a Course List The Courses list, found in the Global Navigation menu, can be sorted and searched to make it easier to find specific course sites.",IT,Canvas @ Yale support,Yale,https://canvas.yale.edu/support
Learning with Canvas Canvas is the digital extension of your course where learning happens beyond the walls of the classroom.,IT,Canvas @ Yale support,Yale,https://canvas.yale.edu/support
Sign Up Tool Use the Sign Up Tool to reserve or release a time slot for an appointment group in Canvas when made available by your instructor.,IT,Canvas @ Yale support,Yale,https://canvas.yale.edu/support
Student Notification Recommendations Specify your preferred notification cadence at both your Canvas account level as well as at an individual Canvas course level.,IT,Canvas @ Yale support,Yale,https://canvas.yale.edu/support
"The Poorvu Center’s Educational Technology team is making same day appointments available to faculty, teaching fellows / assistants, and staff for immediate consultation and assistance with teaching and learning in Canvas. Please use our Calendly link to select either a 15, 30, or 45-minute consultation over Zoom.",IT,Canvas @ Yale support,Yale,https://canvas.yale.edu/support
How can we help? Visit our Canvas Guides for in depth how-tos and information on Canvas use for courses.,IT,Canvas @ Yale support,Yale,https://canvas.yale.edu/support
The Expanded Course Description is added to the Syllabus tool in Canvas to facilitate student access to additional information during registration.,IT,Canvas @ Yale support,Yale,https://canvas.yale.edu/support
"The Canvas Administrator role allows users to search for, view, and in some cases add / edit / remove users and content to a Canvas course.",IT,Canvas @ Yale support,Yale,https://canvas.yale.edu/support
"The Courses list, found in the Global Navigation menu, can be sorted and searched to make it easier to find specific course sites.",IT,Canvas @ Yale support,Yale,https://canvas.yale.edu/support
Explore Meal Plans,Dining,Yale Hospitality home,Yale,https://hospitality.yale.edu/
Commencement Lunch,Dining,Yale Hospitality home,Yale,https://hospitality.yale.edu/
The world is your oyster. View our locations on an interactive Yale Map.,Dining,Yale Hospitality home,Yale,https://hospitality.yale.edu/
"Dine In at your choice of the (14) residential college dining halls (Full, Flex, Connect Meal Plans) Full Meal Plan: Only one (1) meal per meal period can be redeemed by students at Slifka. Multiple swipes cannot be used in both Slifka and any of the (14) residential dining halls during the same meal period. Conversely, if you dine in a residential dining hall during a meal period, you will no longer be eligible to use a swipe at Slifka for that same meal period.",Dining,Explore meal plans,Yale,https://hospitality.yale.edu/explore-meal-plans
"Full Meal Plan: Only one (1) meal per meal period can be redeemed by students at Slifka. Multiple swipes cannot be used in both Slifka and any of the (14) residential dining halls during the same meal period. Conversely, if you dine in a residential dining hall during a meal period, you will no longer be eligible to use a swipe at Slifka for that same meal period.",Dining,Explore meal plans,Yale,https://hospitality.yale.edu/explore-meal-plans
"Pre-Order your choice of Smart Meals for lunch and/or dinner Full Meal Plan: Only one (1) Smart Meals per meal period can be redeemed by students. Multiple swipes cannot be used for both a Smart Meal and a dine-in option during the same meal period. Conversely, if you dine in a residential dining hall or Slifka during a meal period, you will no longer be eligible to order a Smart Meal during that same meal period.",Dining,Explore meal plans,Yale,https://hospitality.yale.edu/explore-meal-plans
"Full Meal Plan: Only one (1) Smart Meals per meal period can be redeemed by students. Multiple swipes cannot be used for both a Smart Meal and a dine-in option during the same meal period. Conversely, if you dine in a residential dining hall or Slifka during a meal period, you will no longer be eligible to order a Smart Meal during that same meal period.",Dining,Explore meal plans,Yale,https://hospitality.yale.edu/explore-meal-plans
Dietary Accommodations : These are managed through Yale Hospitality’s Registered Dietician. View helpful information and contact us,Dining,Explore meal plans,Yale,https://hospitality.yale.edu/explore-meal-plans
Religious Accommodations at Slifka : Contact us,Dining,Explore meal plans,Yale,https://hospitality.yale.edu/explore-meal-plans
Meal Plan swipes are not transferable to others — they can only be used by the meal plan holder.,Dining,Explore meal plans,Yale,https://hospitality.yale.edu/explore-meal-plans
"Meal Plan swipes indicate one (1) swipe per meal period (Flex, Connect Meal Plans) Unused swipes do not transfer to future weeks nor do they have refundable value. The Full Meal Plan is the only plan offering multiple swipes per meal period.",Dining,Explore meal plans,Yale,https://hospitality.yale.edu/explore-meal-plans
Unused swipes do not transfer to future weeks nor do they have refundable value.,Dining,Explore meal plans,Yale,https://hospitality.yale.edu/explore-meal-plans
The Full Meal Plan is the only plan offering multiple swipes per meal period.,Dining,Explore meal plans,Yale,https://hospitality.yale.edu/explore-meal-plans
"Remaining points from Fall semester will roll over to the Spring semester, but all points will expire at the end of the academic year.",Dining,Explore meal plans,Yale,https://hospitality.yale.edu/explore-meal-plans
Specific “dining points pricing” will be available for lunch at Commons.,Dining,Explore meal plans,Yale,https://hospitality.yale.edu/explore-meal-plans
Meal plans are only valid during the specified academic year term and cannot be redeemed. View the When & Where page for more information.,Dining,Explore meal plans,Yale,https://hospitality.yale.edu/explore-meal-plans
Guest swipes are complimentary meals provided by Yale Hospitality for students to use for family and friends.,Dining,Explore meal plans,Yale,https://hospitality.yale.edu/explore-meal-plans
Refunds of meal plan payments are not permitted unless a student is leaving the University early in a semester or under other very extenuating circumstances.,Dining,Explore meal plans,Yale,https://hospitality.yale.edu/explore-meal-plans
This policy is governed by the University. View Yale College Undergraduate Regulations for more information.,Dining,Explore meal plans,Yale,https://hospitality.yale.edu/explore-meal-plans
Additional meal plan questions? Please contact us at yale.hospitality@yale.edu,Dining,Explore meal plans,Yale,https://hospitality.yale.edu/explore-meal-plans
"For those with unique dietary needs, we have resources to help you eat safely and with peace of mind. Ask for what you need – we’ve got you covered!",Dining,Explore meal plans,Yale,https://hospitality.yale.edu/explore-meal-plans
"For inquiries related to our restaurant and cafe locations, please contact Yale.Hospitality@yale.edu",Dining,Residential dining,Yale,https://hospitality.yale.edu/residential-dining
Yale Health Earns Joint Commission Accreditation,Health_Wellness,Yale Health home,Yale,https://yalehealth.yale.edu/
Self‑Scheduling Expands for More Appointments,Health_Wellness,Yale Health home,Yale,https://yalehealth.yale.edu/
Updated Masking at Yale Health,Health_Wellness,Yale Health home,Yale,https://yalehealth.yale.edu/
Spring Allergies: Take Care Before Symptoms Take Over,Health_Wellness,Yale Health home,Yale,https://yalehealth.yale.edu/
"Inside the Yale Health Pharmacy — Convenient, Connected Care",Health_Wellness,Yale Health home,Yale,https://yalehealth.yale.edu/
"Spotlight: Diane Soderlund — A Calling That Saved Others, and Herself",Health_Wellness,Yale Health home,Yale,https://yalehealth.yale.edu/
March is Colorectal Cancer Screening Month,Health_Wellness,Yale Health home,Yale,https://yalehealth.yale.edu/
Now Available: Yale Health’s 2025 Annual Report,Health_Wellness,Yale Health home,Yale,https://yalehealth.yale.edu/
Pharmacy Update: Yale FSA Card Processing Issue Identified,Health_Wellness,Yale Health home,Yale,https://yalehealth.yale.edu/
Heart Health Month: Small changes that make a big difference,Health_Wellness,Yale Health home,Yale,https://yalehealth.yale.edu/
Cooking for Health: Building Better Habits—One Recipe at a Time,Health_Wellness,Yale Health home,Yale,https://yalehealth.yale.edu/
Virtual Class: Managing High Blood Pressure,Health_Wellness,Yale Health home,Yale,https://yalehealth.yale.edu/
Make the Most of MyChart: Tools You May Not Be Using,Health_Wellness,Yale Health home,Yale,https://yalehealth.yale.edu/
New! Press Ganey Surveys via Text Message,Health_Wellness,Yale Health home,Yale,https://yalehealth.yale.edu/
Patient Spokesperson and Your Personal Health Information (PHI),Health_Wellness,Yale Health home,Yale,https://yalehealth.yale.edu/
Preparing for Travel Abroad – Plan Ahead,Health_Wellness,Yale Health home,Yale,https://yalehealth.yale.edu/
Current Yale Health Guidance on Measles Vaccinations,Health_Wellness,Yale Health home,Yale,https://yalehealth.yale.edu/
How to Use Prescription Products,Health_Wellness,Yale Health home,Yale,https://yalehealth.yale.edu/
Post-Service Appeal Process for Yale Health Members,Health_Wellness,Yale Health home,Yale,https://yalehealth.yale.edu/
"Medical Chaperones for Sensitive Examinations, Treatments and Procedures",Health_Wellness,Yale Health home,Yale,https://yalehealth.yale.edu/
Yale Health Undergraduate Affiliate Coverage: Yale College Students on Medical Leave of Absence,Health_Wellness,Yale Health home,Yale,https://yalehealth.yale.edu/
Related Departments,Health_Wellness,Student coverage,Yale,https://yalehealth.yale.edu/student-coverage
"The booklet describes your rights and obligations and those of Yale Health, what the plan covers, and how benefits are paid for that coverage. Students covered under this plan and their covered dependents are subject to all the conditions and provisions of the plan.",Health_Wellness,Student coverage,Yale,https://yalehealth.yale.edu/student-coverage
The Student Guide is the plan document. It includes the Schedule of Benefits and any amendments or riders and governs all questions of interpretation.,Health_Wellness,Student coverage,Yale,https://yalehealth.yale.edu/student-coverage
The machine-readable file (MRF) is a document that publicly discloses pricing information and whose content can be readily processed by computers. The MRF does not contain any personal member health information or benefit details.,Health_Wellness,Student coverage,Yale,https://yalehealth.yale.edu/student-coverage
Important Instructions,Health_Wellness,New student health requirements,Yale,https://yalehealth.yale.edu/new-student-health-requirements
Helpful Hints & Guides,Health_Wellness,New student health requirements,Yale,https://yalehealth.yale.edu/new-student-health-requirements
Supplemental Forms for Certain Groups,Health_Wellness,New student health requirements,Yale,https://yalehealth.yale.edu/new-student-health-requirements
Log-in to Health On Track when the portal opens for the term. Access will be available after admission and receiving your NetID.,Health_Wellness,New student health requirements,Yale,https://yalehealth.yale.edu/new-student-health-requirements
Navigate to the Student Health Requirements – Launch Point,Health_Wellness,New student health requirements,Yale,https://yalehealth.yale.edu/new-student-health-requirements
Review and confirm your identifying information and answer some questions about your program and your unique situation.,Health_Wellness,New student health requirements,Yale,https://yalehealth.yale.edu/new-student-health-requirements
"Search State Vaccine Registries. We will guide you through querying state vaccine registries. If you have any immunizations administered in the United States of America, this step may identify some or all of your required vaccines. Any available information will populate Yale forms to assist in resolving requirements. All states are not available or may have incomplete information. After completing this step, your Yale forms will be available for download.",Health_Wellness,New student health requirements,Yale,https://yalehealth.yale.edu/new-student-health-requirements
"Complete Online Questionnaires. Review and provide general information, complete online student health history (applicable for degree-seeking students and students with access to Yale Health) and the Yale TB Risk Assessment Questionnaire. You may be assigned additional requirements based on your answers.",Health_Wellness,New student health requirements,Yale,https://yalehealth.yale.edu/new-student-health-requirements
Review the Student Medical Requirements Form to determine what additional documentation is needed. This document is populated in the My Documents tab of Health On Track,Health_Wellness,New student health requirements,Yale,https://yalehealth.yale.edu/new-student-health-requirements
Gather any missing documentation and/or bring your forms to your Health Care Provider to complete.,Health_Wellness,New student health requirements,Yale,https://yalehealth.yale.edu/new-student-health-requirements
Return to Health On Track and submit any documents or lab test results as directed.,Health_Wellness,New student health requirements,Yale,https://yalehealth.yale.edu/new-student-health-requirements
Monitor your Yale.edu email address and check Health On Track to ensure all requirements are “Compliant.”,Health_Wellness,New student health requirements,Yale,https://yalehealth.yale.edu/new-student-health-requirements
Please review the Important Instructions & Helpful Hints section below for additional information and guidance.,Health_Wellness,New student health requirements,Yale,https://yalehealth.yale.edu/new-student-health-requirements
Yale Summer Session (YSS) Yale Summer Session Students Session A – Document Submission – April 15; Compliance - May 1 Session B – Document Submission – May 22; Compliance - June 5 Incoming Yale Students - Document Submission – June 1; Compliance - June 12,Health_Wellness,New student health requirements,Yale,https://yalehealth.yale.edu/new-student-health-requirements
Yale Summer Session Students Session A – Document Submission – April 15; Compliance - May 1 Session B – Document Submission – May 22; Compliance - June 5 Incoming Yale Students - Document Submission – June 1; Compliance - June 12,Health_Wellness,New student health requirements,Yale,https://yalehealth.yale.edu/new-student-health-requirements
Session A – Document Submission – April 15; Compliance - May 1,Health_Wellness,New student health requirements,Yale,https://yalehealth.yale.edu/new-student-health-requirements
Session B – Document Submission – May 22; Compliance - June 5,Health_Wellness,New student health requirements,Yale,https://yalehealth.yale.edu/new-student-health-requirements
Incoming Yale Students - Document Submission – June 1; Compliance - June 12,Health_Wellness,New student health requirements,Yale,https://yalehealth.yale.edu/new-student-health-requirements
"Summer Term (not YSS) Yale Graduate & Professional School Students (not in YSS): April 15 School of Engineering – Personalized Medicine and Applied Engineering *Due to clinical activities, students are considered Health Professions Students. Yale School of Medicine: April 15 Yale School of Public Health: April 15",Health_Wellness,New student health requirements,Yale,https://yalehealth.yale.edu/new-student-health-requirements
Yale Graduate & Professional School Students (not in YSS): April 15,Health_Wellness,New student health requirements,Yale,https://yalehealth.yale.edu/new-student-health-requirements
"School of Engineering – Personalized Medicine and Applied Engineering *Due to clinical activities, students are considered Health Professions Students.",Health_Wellness,New student health requirements,Yale,https://yalehealth.yale.edu/new-student-health-requirements
Yale School of Medicine: April 15,Health_Wellness,New student health requirements,Yale,https://yalehealth.yale.edu/new-student-health-requirements
Yale School of Public Health: April 15,Health_Wellness,New student health requirements,Yale,https://yalehealth.yale.edu/new-student-health-requirements
Yale College – First-Year Scholars at Yale (FSY),Health_Wellness,New student health requirements,Yale,https://yalehealth.yale.edu/new-student-health-requirements
Yale College – Athletics if on campus prior to August 1 (Note requires submission of separate forms from the Athletics documents).,Health_Wellness,New student health requirements,Yale,https://yalehealth.yale.edu/new-student-health-requirements
Yale School of Architecture – Foundations: Summer Program for Non-Architecture Majors,Health_Wellness,New student health requirements,Yale,https://yalehealth.yale.edu/new-student-health-requirements
Yale School of Management – Master’s in Public Education Management,Health_Wellness,New student health requirements,Yale,https://yalehealth.yale.edu/new-student-health-requirements
Yale School of Management – MBA for Executives,Health_Wellness,New student health requirements,Yale,https://yalehealth.yale.edu/new-student-health-requirements
Yale School of Medicine – START Program,Health_Wellness,New student health requirements,Yale,https://yalehealth.yale.edu/new-student-health-requirements
Start Early! Documentation reviews can take up to 10-15 business days to review during the busy months of July & August.,Health_Wellness,New student health requirements,Yale,https://yalehealth.yale.edu/new-student-health-requirements
Monitor your Yale.edu email address and check Health On Track regularly. Note: Communications from Health On Track are sent to your Yale.edu email address.,Health_Wellness,New student health requirements,Yale,https://yalehealth.yale.edu/new-student-health-requirements
Ensure your name and date of birth are included on ALL pages of submitted documentation.,Health_Wellness,New student health requirements,Yale,https://yalehealth.yale.edu/new-student-health-requirements
"If you need additional assistance, please login to Health On Track and submit a request via the Contact Us tab.",Health_Wellness,New student health requirements,Yale,https://yalehealth.yale.edu/new-student-health-requirements
Any current student with an open requirement should have access to Health On Track now.,Health_Wellness,New student health requirements,Yale,https://yalehealth.yale.edu/new-student-health-requirements
Health On Track Guide for New Students,Health_Wellness,New student health requirements,Yale,https://yalehealth.yale.edu/new-student-health-requirements
Frequently Asked Questions Regarding Student Health Requirements,Health_Wellness,New student health requirements,Yale,https://yalehealth.yale.edu/new-student-health-requirements
International Students Helpful Hints,Health_Wellness,New student health requirements,Yale,https://yalehealth.yale.edu/new-student-health-requirements
Additional instructional guides are available on the Health On Track webpage,Health_Wellness,New student health requirements,Yale,https://yalehealth.yale.edu/new-student-health-requirements
Yale Health Hospitalization & Specialty coverage waiver submission (only for students who want to waive parts of the coverage – available in early June) The deadline to waive for the Fall term or full year is September 15. The deadline to waive for the Spring term is January 31.,Health_Wellness,New student health requirements,Yale,https://yalehealth.yale.edu/new-student-health-requirements
The deadline to waive for the Fall term or full year is September 15.,Health_Wellness,New student health requirements,Yale,https://yalehealth.yale.edu/new-student-health-requirements
The deadline to waive for the Spring term is January 31.,Health_Wellness,New student health requirements,Yale,https://yalehealth.yale.edu/new-student-health-requirements
Student Dependent Enrollment Form,Health_Wellness,New student health requirements,Yale,https://yalehealth.yale.edu/new-student-health-requirements
Student Affiliate & Undergraduate Affiliate Coverage Form,Health_Wellness,New student health requirements,Yale,https://yalehealth.yale.edu/new-student-health-requirements
Authorization for Medical Care and Treatment for Minors (only for students aged 17 and under at the time of enrollment),Health_Wellness,New student health requirements,Yale,https://yalehealth.yale.edu/new-student-health-requirements
Student Allergy Medical Treatment Plan (only for students requiring ongoing treatment by an allergist),Health_Wellness,New student health requirements,Yale,https://yalehealth.yale.edu/new-student-health-requirements
Designation of Patient Spokesperson,Health_Wellness,New student health requirements,Yale,https://yalehealth.yale.edu/new-student-health-requirements
Varsity Athlete Required Forms (Supplemental forms; all student health requirements need to be submitted to Health On Track).,Health_Wellness,New student health requirements,Yale,https://yalehealth.yale.edu/new-student-health-requirements
Medical exemptions : Medical exemptions may be requested by completing the Student Vaccine Exemption Form . Documentation from a healthcare provider is required and will be reviewed by Student Health for appropriateness.,Health_Wellness,New student health requirements,Yale,https://yalehealth.yale.edu/new-student-health-requirements
"This page provides information about your health requirements, submission and documentation deadlines, and Yale Health services. Please read this material carefully to ensure you understand the requirements and your obligations.",Health_Wellness,New student health requirements,Yale,https://yalehealth.yale.edu/new-student-health-requirements
"The Health On Track portal will be open for incoming Yale Summer Session, incoming Summer Term , or Early Start students after March 11 at Noon EST .",Health_Wellness,New student health requirements,Yale,https://yalehealth.yale.edu/new-student-health-requirements
The Health On Track portal will be open for incoming Fall students after April 1 at Noon EST.,Health_Wellness,New student health requirements,Yale,https://yalehealth.yale.edu/new-student-health-requirements
You will get your requirements assigned after receiving a Yale NetID and Health On Track receives your information from the Banner system and from your program if part of an Early Start cohort .,Health_Wellness,New student health requirements,Yale,https://yalehealth.yale.edu/new-student-health-requirements
Please note: Additional requirements may be assigned based on answers to required assessments in Health On Track.,Health_Wellness,New student health requirements,Yale,https://yalehealth.yale.edu/new-student-health-requirements
Please note deadlines in Health On Track reflect term due dates. Review below for programmatic deadlines not reflected in Health On Track.,Health_Wellness,New student health requirements,Yale,https://yalehealth.yale.edu/new-student-health-requirements
Who can I contact if I have questions about my Yale Health coverage?,Health_Wellness,New member FAQs,Yale,https://yalehealth.yale.edu/topic/new-member-faqs
How do I transfer my medical records to the Yale Health Center?,Health_Wellness,New member FAQs,Yale,https://yalehealth.yale.edu/topic/new-member-faqs
When will I receive my Yale health member ID Card?,Health_Wellness,New member FAQs,Yale,https://yalehealth.yale.edu/topic/new-member-faqs
How or when do I get assigned a Primary Care Provider (PCP)?,Health_Wellness,New member FAQs,Yale,https://yalehealth.yale.edu/topic/new-member-faqs
When can I schedule an appointment with my PCP?,Health_Wellness,New member FAQs,Yale,https://yalehealth.yale.edu/topic/new-member-faqs
What if I need to see a clinician or specialists right away?,Health_Wellness,New member FAQs,Yale,https://yalehealth.yale.edu/topic/new-member-faqs
"If you have medical conditions that need attention when your coverage becomes effective, please contact the Yale Health Member Liaison .",Health_Wellness,New member FAQs,Yale,https://yalehealth.yale.edu/topic/new-member-faqs
Minimum Requirements for Waiving Coverage,Health_Wellness,Waiving coverage topic,Yale,https://yalehealth.yale.edu/topic/waiving-yale-health-hospitalization-specialty-care-coverage
Waiver Review Process,Health_Wellness,Waiving coverage topic,Yale,https://yalehealth.yale.edu/topic/waiving-yale-health-hospitalization-specialty-care-coverage
Who should I contact if I have questions about my plan’s compliance?,Health_Wellness,Waiving coverage topic,Yale,https://yalehealth.yale.edu/topic/waiving-yale-health-hospitalization-specialty-care-coverage
What resources are available to help decide if I should waive Yale Health Hospitalization & Specialty Care Coverage or keep my alternate coverage?,Health_Wellness,Waiving coverage topic,Yale,https://yalehealth.yale.edu/topic/waiving-yale-health-hospitalization-specialty-care-coverage
When can I submit a waiver through the portal?,Health_Wellness,Waiving coverage topic,Yale,https://yalehealth.yale.edu/topic/waiving-yale-health-hospitalization-specialty-care-coverage
Can I waive Yale Health Hospitalization & Specialty Care Coverage with Medicaid as my alternate insurance?,Health_Wellness,Waiving coverage topic,Yale,https://yalehealth.yale.edu/topic/waiving-yale-health-hospitalization-specialty-care-coverage
Can I still be seen at the Yale Health Center if I waive Hospitalization & Specialty Care Coverage?,Health_Wellness,Waiving coverage topic,Yale,https://yalehealth.yale.edu/topic/waiving-yale-health-hospitalization-specialty-care-coverage
Are visits at Yale Medicine and Yale New Haven Health (YNHH) included in Basic Student Health Services?,Health_Wellness,Waiving coverage topic,Yale,https://yalehealth.yale.edu/topic/waiving-yale-health-hospitalization-specialty-care-coverage
"If I am sent to an outside provider by a Yale Health clinician, will Yale Health cover the cost?",Health_Wellness,Waiving coverage topic,Yale,https://yalehealth.yale.edu/topic/waiving-yale-health-hospitalization-specialty-care-coverage
What coverage is available for varsity athletes?,Health_Wellness,Waiving coverage topic,Yale,https://yalehealth.yale.edu/topic/waiving-yale-health-hospitalization-specialty-care-coverage
Does Yale Health accept outside insurance?,Health_Wellness,Waiving coverage topic,Yale,https://yalehealth.yale.edu/topic/waiving-yale-health-hospitalization-specialty-care-coverage
Unlimited in-network coverage for the below Essential Health Benefits in the New Haven/Yale University area,Health_Wellness,Waiving coverage topic,Yale,https://yalehealth.yale.edu/topic/waiving-yale-health-hospitalization-specialty-care-coverage
"Nationwide coverage for all Essential Health Benefits , which are:",Health_Wellness,Waiving coverage topic,Yale,https://yalehealth.yale.edu/topic/waiving-yale-health-hospitalization-specialty-care-coverage
Rehabilitative and habilitative services,Health_Wellness,Waiving coverage topic,Yale,https://yalehealth.yale.edu/topic/waiving-yale-health-hospitalization-specialty-care-coverage
Hospitalization (including surgery),Health_Wellness,Waiving coverage topic,Yale,https://yalehealth.yale.edu/topic/waiving-yale-health-hospitalization-specialty-care-coverage
"Pregnancy, maternity, and newborn care",Health_Wellness,Waiving coverage topic,Yale,https://yalehealth.yale.edu/topic/waiving-yale-health-hospitalization-specialty-care-coverage
Preventive and wellness services,Health_Wellness,Waiving coverage topic,Yale,https://yalehealth.yale.edu/topic/waiving-yale-health-hospitalization-specialty-care-coverage
Mental health and substance use disorder services,Health_Wellness,Waiving coverage topic,Yale,https://yalehealth.yale.edu/topic/waiving-yale-health-hospitalization-specialty-care-coverage
Plan Review: Waivers will be reviewed against ACA standards.,Health_Wellness,Waiving coverage topic,Yale,https://yalehealth.yale.edu/topic/waiving-yale-health-hospitalization-specialty-care-coverage
ACA-Compliance: You will be notified of the final determination of your plan’s ACA-compliance.,Health_Wellness,Waiving coverage topic,Yale,https://yalehealth.yale.edu/topic/waiving-yale-health-hospitalization-specialty-care-coverage
"Non-ACA Compliant Plans: If your plan is flagged as non-compliant, you may",Health_Wellness,Waiving coverage topic,Yale,https://yalehealth.yale.edu/topic/waiving-yale-health-hospitalization-specialty-care-coverage
"Attest to the risks and remain with your alternate plan for one year, or",Health_Wellness,Waiving coverage topic,Yale,https://yalehealth.yale.edu/topic/waiving-yale-health-hospitalization-specialty-care-coverage
Revoke your waiver and enroll in Yale Health coverage for either the full 2025-26 academic year or the spring term,Health_Wellness,Waiving coverage topic,Yale,https://yalehealth.yale.edu/topic/waiving-yale-health-hospitalization-specialty-care-coverage
Only plans that provide ACA-compliant coverage in New Haven will be accepted.,Health_Wellness,Waiving coverage topic,Yale,https://yalehealth.yale.edu/topic/waiving-yale-health-hospitalization-specialty-care-coverage
"Non-compliant plans will be denied, requiring enrollment in Yale Health or another qualifying plan.",Health_Wellness,Waiving coverage topic,Yale,https://yalehealth.yale.edu/topic/waiving-yale-health-hospitalization-specialty-care-coverage
International insurance plans,Health_Wellness,Waiving coverage topic,Yale,https://yalehealth.yale.edu/topic/waiving-yale-health-hospitalization-specialty-care-coverage
HMO plans without full in-network coverage in New Haven,Health_Wellness,Waiving coverage topic,Yale,https://yalehealth.yale.edu/topic/waiving-yale-health-hospitalization-specialty-care-coverage
Any plan lacking full in-network coverage in New Haven,Health_Wellness,Waiving coverage topic,Yale,https://yalehealth.yale.edu/topic/waiving-yale-health-hospitalization-specialty-care-coverage
"You must waive coverage by completing an online waiver form . The waiver form can only be accessed with your NetID and password. Reminders to waive coverage are sent via e-mail directly to your Yale e-mail address. If you receive e-mail reminders after you completed the waiver form, please return to the portal and check your waiver status.",Health_Wellness,Waiving coverage topic,Yale,https://yalehealth.yale.edu/topic/waiving-yale-health-hospitalization-specialty-care-coverage
The deadline to waive for the Fall term or full year is September 15th. The deadline to waive for the Spring term is January 31st.,Health_Wellness,Waiving coverage topic,Yale,https://yalehealth.yale.edu/topic/waiving-yale-health-hospitalization-specialty-care-coverage
"When waiving Yale Health Hospitalization & Specialty Coverage, your alternate insurance must meet Affordable Care Act (ACA) compliant minimum essential coverage standards to ensure adequate and comparable coverage in New Haven and the Yale University campus area. Insurance plans that do not meet these minimum essential coverage standards may leave you underinsured and will not be accepted beginning Fall 2026.",Health_Wellness,Waiving coverage topic,Yale,https://yalehealth.yale.edu/topic/waiving-yale-health-hospitalization-specialty-care-coverage
"The waiver policy has always required that students have an alternate plan that adequately covers them while at Yale. For the 2025-26 academic year, the waiver process includes additional review to ensure plans meet Affordable Care Act (ACA) standards in the New Haven area.",Health_Wellness,Waiving coverage topic,Yale,https://yalehealth.yale.edu/topic/waiving-yale-health-hospitalization-specialty-care-coverage
"You should talk with your plan’s subscriber (for example, a parent, guardian, or spouse who holds the policy) to fully understand how these changes may affect your coverage. You may also reach out to the Student Health Care Navigator at yhstudentnavigator@yale.edu .",Health_Wellness,Waiving coverage topic,Yale,https://yalehealth.yale.edu/topic/waiving-yale-health-hospitalization-specialty-care-coverage
The waiver portal opens in mid-June for the fall term or full year and early-November for the spring term. The deadline to submit a waiver is September 15th for the fall term or full year and January 31st for the spring term. Late waivers will not be accepted.,Health_Wellness,Waiving coverage topic,Yale,https://yalehealth.yale.edu/topic/waiving-yale-health-hospitalization-specialty-care-coverage
"The plan you use to waive Yale Health Hospitalization & Specialty Care Coverage should meet the Affordable Care Act compliant minimum essential coverage standards in the New Haven and Yale University area, as outlined above. If your Medicaid plan is from a state other than Connecticut, you may not be covered for health services in the Yale University/New Haven, CT area and will likely leave you underinsured in the Yale University/New Haven, CT area.",Health_Wellness,Waiving coverage topic,Yale,https://yalehealth.yale.edu/topic/waiving-yale-health-hospitalization-specialty-care-coverage
"If you waive with Connecticut Medicaid (HUSKY) and are prescribed medications by a Yale Health clinician, please notify your clinician that your alternate insurance is HUSKY, so they can correctly send your prescriptions outside of Yale Health to a local retail pharmacy. If you waive Hospitalization & Specialty Care Coverage, you will need to access services not included in Basic Student Health Services outside of Yale Health.",Health_Wellness,Waiving coverage topic,Yale,https://yalehealth.yale.edu/topic/waiving-yale-health-hospitalization-specialty-care-coverage
"If you have waived Yale Health Hospitalization & Specialty Care Coverage, you must seek services outside of the Yale Health Center for anything not provided under Basic Student Health Services . You can use the Yale Health Pharmacy to fill prescriptions written by a Yale Health clinician but must pay full retail price and be reimbursed through your insurance company.",Health_Wellness,Waiving coverage topic,Yale,https://yalehealth.yale.edu/topic/waiving-yale-health-hospitalization-specialty-care-coverage
"If you are a varsity athlete, you have the same coverage options as every other student. You will be seen in the Athletic Medicine Department , which is provided at no charge under Basic Student Health Services .",Health_Wellness,Waiving coverage topic,Yale,https://yalehealth.yale.edu/topic/waiving-yale-health-hospitalization-specialty-care-coverage
Who can visit Student Health?,Health_Wellness,Student Health department,Yale,https://yalehealth.yale.edu/department/student-health
What services does Student Health provide?,Health_Wellness,Student Health department,Yale,https://yalehealth.yale.edu/department/student-health
How can I contact Student Health?,Health_Wellness,Student Health department,Yale,https://yalehealth.yale.edu/department/student-health
If you think you might need us - call us or send us a message via MyChart for non-urgent clinical concerns ! We are here to answer all of your health-related questions and concerns and help direct you to the best place for care or the right place to continue your care.,Health_Wellness,Student Health department,Yale,https://yalehealth.yale.edu/department/student-health
You can schedule appointments online with MyChart .,Health_Wellness,Student Health department,Yale,https://yalehealth.yale.edu/department/student-health
"If your visit includes a sensitive exam, treatment, or procedure, a medical chaperone will be required during that portion of the visit.",Health_Wellness,Student Health department,Yale,https://yalehealth.yale.edu/department/student-health
Please review these forms and guides for information about your health services requirements and deadlines for submission.,Health_Wellness,Forms and guidelines,Yale,https://yalehealth.yale.edu/forms-and-guidelines
You will need your member ID number and the Yale Health RxBin# to submit your claim for reimbursement of outside pharmacy expenses online.,Health_Wellness,Forms and guidelines,Yale,https://yalehealth.yale.edu/forms-and-guidelines
The Family Educational Rights and Privacy Act | FERPA,Registrar,crawl,Yale,https://registrar.yale.edu/student-records/ferpa-student-information-policies
University Statement on the Disclosure of Directory Information,Registrar,crawl,Yale,https://registrar.yale.edu/student-records/ferpa-student-information-policies
Policies and Student Information Management,Registrar,crawl,Yale,https://registrar.yale.edu/student-records/ferpa-student-information-policies
Student Rights under FERPA,Registrar,crawl,Yale,https://registrar.yale.edu/student-records/ferpa-student-information-policies
FERPA Guidance for Faculty & Staff,Registrar,crawl,Yale,https://registrar.yale.edu/student-records/ferpa-student-information-policies
FERPA Confidentiality in Brief,Registrar,crawl,Yale,https://registrar.yale.edu/student-records/ferpa-student-information-policies
Commonly Asked Questions about FERPA,Registrar,crawl,Yale,https://registrar.yale.edu/student-records/ferpa-student-information-policies
May I disclose information about students to their parents?,Registrar,crawl,Yale,https://registrar.yale.edu/student-records/ferpa-student-information-policies
"May I require students to use a commercial online education program that includes storing course work, such as tests and assignments, on the company’s servers?",Registrar,crawl,Yale,https://registrar.yale.edu/student-records/ferpa-student-information-policies
Does FERPA require Yale to preserve a student’s education records?,Registrar,crawl,Yale,https://registrar.yale.edu/student-records/ferpa-student-information-policies
Is Yale allowed to disclose a student’s records if it first removes all identifying information?,Registrar,crawl,Yale,https://registrar.yale.edu/student-records/ferpa-student-information-policies
"If I write a recommendation for a student, does it then become an education record that the student is entitled to review?",Registrar,crawl,Yale,https://registrar.yale.edu/student-records/ferpa-student-information-policies
If a student asks me to write a letter of recommendation do I need to obtain written consent?,Registrar,crawl,Yale,https://registrar.yale.edu/student-records/ferpa-student-information-policies
Does Yale need written consent before it discloses a student’s contact information?,Registrar,crawl,Yale,https://registrar.yale.edu/student-records/ferpa-student-information-policies
Are there any Yale records about a student that are not covered by FERPA?,Registrar,crawl,Yale,https://registrar.yale.edu/student-records/ferpa-student-information-policies
Is there a way that I can request to see all records pertaining to my name?,Registrar,crawl,Yale,https://registrar.yale.edu/student-records/ferpa-student-information-policies
FERPA Administration Offices,Registrar,crawl,Yale,https://registrar.yale.edu/student-records/ferpa-student-information-policies
Requires Yale to provide students with an opportunity to review their education records within 45 days after they request to do so.,Registrar,crawl,Yale,https://registrar.yale.edu/student-records/ferpa-student-information-policies
Provides students with a process for requesting amendments to their education records,Registrar,crawl,Yale,https://registrar.yale.edu/student-records/ferpa-student-information-policies
Protects the confidentiality of students’ education records,Registrar,crawl,Yale,https://registrar.yale.edu/student-records/ferpa-student-information-policies
Guidelines for Student Use of Institutional Data,Registrar,crawl,Yale,https://registrar.yale.edu/student-records/ferpa-student-information-policies
Proxy Access and Administration,Registrar,crawl,Yale,https://registrar.yale.edu/student-records/ferpa-student-information-policies
The right to inspect and review their education records within 45 days after the day the University receives a request for access. Students should submit to the registrar of their school or program a written request that identifies the record(s) the students wish to inspect. The registrar will make access arrangements and notify students of the time and place where the records may be inspected.,Registrar,crawl,Yale,https://registrar.yale.edu/student-records/ferpa-student-information-policies
Students should submit to the registrar of their school or program a written request that identifies the record(s) the students wish to inspect. The registrar will make access arrangements and notify students of the time and place where the records may be inspected.,Registrar,crawl,Yale,https://registrar.yale.edu/student-records/ferpa-student-information-policies
"As a public service, the University may, but is not required to, disclose without consent directory information. Additional details regarding directory information are available in the Directory Information Statement.",Registrar,crawl,Yale,https://registrar.yale.edu/student-records/ferpa-student-information-policies
"Upon request, the University also discloses education records without consent to officials of another educational institution in which a student seeks or intends to enroll.",Registrar,crawl,Yale,https://registrar.yale.edu/student-records/ferpa-student-information-policies
The right to file a complaint with the U.S. Department of Education concerning alleged failures by the University to comply with the requirements of FERPA.,Registrar,crawl,Yale,https://registrar.yale.edu/student-records/ferpa-student-information-policies
Ensuring that students have an opportunity to review their own education records,Registrar,crawl,Yale,https://registrar.yale.edu/student-records/ferpa-student-information-policies
Providing students with a process for requesting amendments to their education records,Registrar,crawl,Yale,https://registrar.yale.edu/student-records/ferpa-student-information-policies
Protecting the confidentiality of students’ education records,Registrar,crawl,Yale,https://registrar.yale.edu/student-records/ferpa-student-information-policies
"Refer Students to the Registrar: At Yale, the University Registrar and the registrars of the professional schools are responsible for the formal FERPA review, amendment, and hearing processes. If students ask to review or amend their education records as an explicit exercise of their rights under FERPA, please refer them to the registrar of their school.",Registrar,crawl,Yale,https://registrar.yale.edu/student-records/ferpa-student-information-policies
"Education Records: A record directly related to an identifiable student and maintained by Yale or a party acting for Yale. There are a few types of records that are carved out of this definition, and they are discussed below.",Registrar,crawl,Yale,https://registrar.yale.edu/student-records/ferpa-student-information-policies
Student: Anyone who is or has been in attendance at Yale. A person is considered to be “in attendance” at Yale – and therefore a Yale “student” – on the first day of classes for the program in which the person is enrolled.,Registrar,crawl,Yale,https://registrar.yale.edu/student-records/ferpa-student-information-policies
"Student’s Written Consent to Disclose Records: You may not disclose a student’s education records unless the student has provided a signed and dated written consent that specifies the records that may be disclosed, the purpose of the disclosure, and the party to whom the disclosure may be made.",Registrar,crawl,Yale,https://registrar.yale.edu/student-records/ferpa-student-information-policies
Educational Need: You are forbidden to read a student’s education record unless you have a “legitimate educational interest” in the record. You have a legitimate educational interest in a record if you need the record in order to fulfill your professional responsibility at Yale.,Registrar,crawl,Yale,https://registrar.yale.edu/student-records/ferpa-student-information-policies
"The Student: In the normal course of your work at Yale, you may disclose to a student that student’s education records (graded course work, bursar bills, etc.), and there is no need for the student to provide a written consent.",Registrar,crawl,Yale,https://registrar.yale.edu/student-records/ferpa-student-information-policies
Other School Officials: FERPA allows you to share a student’s education records with other members of the Yale faculty and staff (“School Officials”) who have a legitimate educational interest in reading the record.,Registrar,crawl,Yale,https://registrar.yale.edu/student-records/ferpa-student-information-policies
"Consult the Registrar: FERPA includes 13 other exceptions to the consent-to-disclose requirement. Please consult the registrar of the student’s school before disclosing a student’s record to anyone other than the student, a colleague with a legitimate educational interest, or someone who can assist with an urgent health or safety concern.",Registrar,crawl,Yale,https://registrar.yale.edu/student-records/ferpa-student-information-policies
records about post-graduation alumni achievements; and,Registrar,crawl,Yale,https://registrar.yale.edu/student-records/ferpa-student-information-policies
a faculty or staff member’s personal notes about a student that are not shared with others.,Registrar,crawl,Yale,https://registrar.yale.edu/student-records/ferpa-student-information-policies
The Family Educational Rights and Privacy Act is a federal law that ensures students have the opportunity to review their own education records.,Registrar,crawl,Yale,https://registrar.yale.edu/student-records/ferpa-student-information-policies
The Family Educational Rights and Privacy Act (FERPA) affords students certain rights with respect to their education records. These rights include:,Registrar,crawl,Yale,https://registrar.yale.edu/student-records/ferpa-student-information-policies
The Family Educational Rights and Privacy Act (“FERPA”) is a federal law with three purposes:,Registrar,crawl,Yale,https://registrar.yale.edu/student-records/ferpa-student-information-policies
"The Right to Review : In regard to the first purpose, FERPA requires Yale to provide students with an opportunity to review their education records within 45 days after they make a request to do so.",Registrar,crawl,Yale,https://registrar.yale.edu/student-records/ferpa-student-information-policies
If you have any questions regarding FERPA or the guidance above please e-mail FERPA@yale.edu .,Registrar,crawl,Yale,https://registrar.yale.edu/student-records/ferpa-student-information-policies
"If the letter will include your personal observations only, then you do not need to obtain the student’s written consent. If you intend to refer to the student’s grades or other education records, then the student will need to provide written consent.",Registrar,crawl,Yale,https://registrar.yale.edu/student-records/ferpa-student-information-policies
U.S. Mail Address:,Registrar,crawl,Yale,https://registrar.yale.edu/contact-us
For general Registrar’s Office questions: registrar@yale.edu,Registrar,crawl,Yale,https://registrar.yale.edu/contact-us
For Classrooms support (not including technical or facilities support): classrooms@yale.edu,Registrar,crawl,Yale,https://registrar.yale.edu/contact-us
For Curriculum Management support for faculty & staff: courseleaf@yale.edu,Registrar,crawl,Yale,https://registrar.yale.edu/contact-us
For Degree Audit support for faculty & staff: degreeaudit@yale.edu,Registrar,crawl,Yale,https://registrar.yale.edu/contact-us
Yale College Academic Calendar with Pertinent Deadlines,Registrar,crawl,Yale,https://registrar.yale.edu/academic-calendars
Graduate School of Arts and Sciences Academic Dates and Deadlines,Registrar,crawl,Yale,https://registrar.yale.edu/academic-calendars
Professional School Calendars,Registrar,crawl,Yale,https://registrar.yale.edu/academic-calendars
Course of Study Committee Calendar,Registrar,crawl,Yale,https://registrar.yale.edu/academic-calendars
Archival Calendar of Pertinent Deadlines,Registrar,crawl,Yale,https://registrar.yale.edu/academic-calendars
2024-2025 Yale College Calendar with Pertinent Deadlines,Registrar,crawl,Yale,https://registrar.yale.edu/academic-calendars
2023-2024 Yale College Calendar with Pertinent Deadlines,Registrar,crawl,Yale,https://registrar.yale.edu/academic-calendars
2022-2023 Yale College Calendar with Pertinent Deadlines,Registrar,crawl,Yale,https://registrar.yale.edu/academic-calendars
2021-2022 Yale College Calendar with Pertinent Deadlines,Registrar,crawl,Yale,https://registrar.yale.edu/academic-calendars
2020-2021 Yale College Calendar with Pertinent Deadlines,Registrar,crawl,Yale,https://registrar.yale.edu/academic-calendars
2019-2020 Yale College Calendar with Pertinent Deadlines,Registrar,crawl,Yale,https://registrar.yale.edu/academic-calendars
2018-2019 Yale College Calendar with Pertinent Deadlines,Registrar,crawl,Yale,https://registrar.yale.edu/academic-calendars
2017-2018 Yale College Calendar with Pertinent Deadlines,Registrar,crawl,Yale,https://registrar.yale.edu/academic-calendars
2016-2017 Yale College Calendar with Pertinent Deadlines,Registrar,crawl,Yale,https://registrar.yale.edu/academic-calendars
2015-2016 Yale College Calendar with Pertinent Deadlines,Registrar,crawl,Yale,https://registrar.yale.edu/academic-calendars
2014-2015 Yale College Calendar with Pertinent Deadlines,Registrar,crawl,Yale,https://registrar.yale.edu/academic-calendars
2013-2014 Yale College Calendar with Pertinent Deadlines,Registrar,crawl,Yale,https://registrar.yale.edu/academic-calendars
Registrar’s Office Message Archive,Registrar,crawl,Yale,https://registrar.yale.edu/message-archive
Messages sent by the University Registrar’s Office AY 2025-2026,Registrar,crawl,Yale,https://registrar.yale.edu/message-archive
Messages sent by the University Registrar’s Office in previous academic years,Registrar,crawl,Yale,https://registrar.yale.edu/message-archive
NOTE: Graduate students may use this updated form to submit contact information to receive updates about Commencement and to remain in touch with the Graduate School in the future.,Registrar,crawl,Yale,https://registrar.yale.edu/message-archive
How to order transcripts,Registrar,crawl,Yale,https://registrar.yale.edu/student-records/transcripts
How much does a transcript cost?,Registrar,crawl,Yale,https://registrar.yale.edu/student-records/transcripts
What are my delivery options?,Registrar,crawl,Yale,https://registrar.yale.edu/student-records/transcripts
What are my payment options?,Registrar,crawl,Yale,https://registrar.yale.edu/student-records/transcripts
How long will it take for my transcript to be sent?,Registrar,crawl,Yale,https://registrar.yale.edu/student-records/transcripts
Can I order a transcript if I have a hold on my account?,Registrar,crawl,Yale,https://registrar.yale.edu/student-records/transcripts
Will my transcript include my GPA or Class standing?,Registrar,crawl,Yale,https://registrar.yale.edu/student-records/transcripts
Can I include other documents with my transcript when it is mailed?,Registrar,crawl,Yale,https://registrar.yale.edu/student-records/transcripts
Can I get an unofficial transcript?,Registrar,crawl,Yale,https://registrar.yale.edu/student-records/transcripts
Can I have a friend or family member pick up my transcript?,Registrar,crawl,Yale,https://registrar.yale.edu/student-records/transcripts
"As a parent, can I request a transcript for my child?",Registrar,crawl,Yale,https://registrar.yale.edu/student-records/transcripts
Can my transcript be notarized?,Registrar,crawl,Yale,https://registrar.yale.edu/student-records/transcripts
How do I know if my transcript has been sent or received?,Registrar,crawl,Yale,https://registrar.yale.edu/student-records/transcripts
Can I forward my E-transcript to someone else?,Registrar,crawl,Yale,https://registrar.yale.edu/student-records/transcripts
How do E-transcripts work?,Registrar,crawl,Yale,https://registrar.yale.edu/student-records/transcripts
Will I receive a tracking number for my paper transcript order?,Registrar,crawl,Yale,https://registrar.yale.edu/student-records/transcripts
What information is included on my transcript?,Registrar,crawl,Yale,https://registrar.yale.edu/student-records/transcripts
Current students in Yale College and the Graduate School of Arts and Sciences and those professional schools listed below order transcripts in Yale Hub . Click “Academics” and select “Transcript Orders”.,Registrar,crawl,Yale,https://registrar.yale.edu/student-records/transcripts
Click “Academics” and select “Transcript Orders”.,Registrar,crawl,Yale,https://registrar.yale.edu/student-records/transcripts
"Recent graduates order transcripts from Yale Hub, beginning at least 48 hours after commencement. Degrees are awarded on a rolling basis following commencement. Check your degree award status before placing an official transcript order by reviewing your unofficial transcript in Yale Hub to confirm that your degree award date is listed.",Registrar,crawl,Yale,https://registrar.yale.edu/student-records/transcripts
Check your degree award status before placing an official transcript order by reviewing your unofficial transcript in Yale Hub to confirm that your degree award date is listed.,Registrar,crawl,Yale,https://registrar.yale.edu/student-records/transcripts
"Students in School of Law , School of Medicine , and the Physician Associate Program must contact their school registrars.",Registrar,crawl,Yale,https://registrar.yale.edu/student-records/transcripts
Payment: Online transcript orders require payment by credit or debit card. The charge is $8 per transcript. Mail and express delivery options are available for an additional fee (see our transcript request FAQ). Requests for more than two notarized transcripts per week will also incur an additional surcharge of $5 per transcript. Payment for the full amount of a transcript order must be received before the order can be processed.,Registrar,crawl,Yale,https://registrar.yale.edu/student-records/transcripts
David Geffen School of Drama,Registrar,crawl,Yale,https://registrar.yale.edu/student-records/transcripts
Jackson School of Global Affairs,Registrar,crawl,Yale,https://registrar.yale.edu/student-records/transcripts
Physician Assistant Online Program,Registrar,crawl,Yale,https://registrar.yale.edu/student-records/transcripts
Select the transcript delivery type of “hold for pick-up”,Registrar,crawl,Yale,https://registrar.yale.edu/student-records/transcripts
"When presented the upload/attach a document option, include a written statement requesting that the transcript be notarized and any additional information about where the transcript should be sent (pick-up in person, mailed to a third-party, etc.). Alternatively, you may send an email with this information to: registrar@yale.edu",Registrar,crawl,Yale,https://registrar.yale.edu/student-records/transcripts
"Degree sought or awarded (and if awarded, date of degree conferral)",Registrar,crawl,Yale,https://registrar.yale.edu/student-records/transcripts
"Honors, if calculated by your school",Registrar,crawl,Yale,https://registrar.yale.edu/student-records/transcripts
Course listings and grades by term,Registrar,crawl,Yale,https://registrar.yale.edu/student-records/transcripts
"Term and cumulative GPA, if calculated by your school",Registrar,crawl,Yale,https://registrar.yale.edu/student-records/transcripts
"Enrollment status category by term, e.g. enrolled, withdrawn, leave of absence",Registrar,crawl,Yale,https://registrar.yale.edu/student-records/transcripts
Suspension or Expulsion notation,Registrar,crawl,Yale,https://registrar.yale.edu/student-records/transcripts
"The transcript will include the student’s personal identifiers such as legal name and student identification number and academic history including school or college attended; major(s), concentration(s) and/or certificate(s); degree(s) sought or earned; courses attempted including in progress work (if applicable); grades earned; grade point average (GPA); credit hours; transfer credits (if applicable); ; honors and distinction(s).",Registrar,crawl,Yale,https://registrar.yale.edu/student-records/transcripts
Note: Legal names are listed on student transcripts. See information included on transcript FAQ below and Name Policy information.,Registrar,crawl,Yale,https://registrar.yale.edu/student-records/transcripts
The following professional schools should access the transcript order service through Yale Hub :,Registrar,crawl,Yale,https://registrar.yale.edu/student-records/transcripts
"The charge is $8 per transcript for Yale College, the Graduate School of Arts and Sciences, and Yale Summer Session. If you want a transcript sent by USPS or Express Delivery, additional charges apply.",Registrar,crawl,Yale,https://registrar.yale.edu/student-records/transcripts
Note: Overnight delivery is not available to all international locations due to customs regulations.,Registrar,crawl,Yale,https://registrar.yale.edu/student-records/transcripts
"Note: Depending on the location and time of year, standard mail can take two to four weeks to arrive at the final destination.",Registrar,crawl,Yale,https://registrar.yale.edu/student-records/transcripts
Note: A Health Hold will not prevent the release of a transcript.,Registrar,crawl,Yale,https://registrar.yale.edu/student-records/transcripts
The Graduate School of Arts and Sciences does not calculate GPA.,Registrar,crawl,Yale,https://registrar.yale.edu/student-records/transcripts
You will receive email notification when your notarized transcript order has been fulfilled.,Registrar,crawl,Yale,https://registrar.yale.edu/student-records/transcripts
"The Parchment Support website has informational videos and FAQs regarding placing an order and tracking an order, as well as contact information for questions about a mailed transcript order.",Registrar,crawl,Yale,https://registrar.yale.edu/student-records/transcripts
"When an order for an E-transcript is fulfilled, the recipient will receive two emails - one to generate a passcode and one with a url to enter the passcode and download the E-transcript. The recipient may access and download the E-transcript up to three time before the url expires.",Registrar,crawl,Yale,https://registrar.yale.edu/student-records/transcripts
If the recipient encounters problems with the E-transcript download it is recommended to clear the internet browser cache and ensure the most up to date Adobe software edition is installed.,Registrar,crawl,Yale,https://registrar.yale.edu/student-records/transcripts
You will only receive a tracking number if you select Priority or Express delivery. Standard USPS delivery does not provide a tracking number and refunds will not be provided if USPS fails to deliver.,Registrar,crawl,Yale,https://registrar.yale.edu/student-records/transcripts
CourseLeaf CIM: Adding Departmental Attributes to Course Records,Registrar,crawl,Yale,https://registrar.yale.edu/video-guides
How Graduate Students Create an Independent/Directed Study Course Request,Registrar,crawl,Yale,https://registrar.yale.edu/video-guides
How to Verify Enrollment Numbers for Cross-listed Courses Using CourseLeaf WEN (Staff),Registrar,crawl,Yale,https://registrar.yale.edu/video-guides
Videos for Students,Registrar,crawl,Yale,https://registrar.yale.edu/video-guides
Videos for Staff & Faculty,Registrar,crawl,Yale,https://registrar.yale.edu/video-guides
How Graduate Students Create an Independent Study/Directed Study Course Request,Registrar,crawl,Yale,https://registrar.yale.edu/video-guides
"Tracking Submitted Forms, Petitions & Requests through Dynamic Forms",Registrar,crawl,Yale,https://registrar.yale.edu/video-guides
Distinction in the Major for Yale College Students,Registrar,crawl,Yale,https://registrar.yale.edu/video-guides
How to use the Dissertation Progress Reporting and Submissions (DPRS) system for Students,Registrar,crawl,Yale,https://registrar.yale.edu/video-guides
How to Submit the Dissertation,Registrar,crawl,Yale,https://registrar.yale.edu/video-guides
How to Approve or Deny Instructor Permission Requests,Registrar,crawl,Yale,https://registrar.yale.edu/video-guides
Adding Departmental Attributes to Course Records in CIM,Registrar,crawl,Yale,https://registrar.yale.edu/video-guides
How to Submit a Yale College New Course Proposal,Registrar,crawl,Yale,https://registrar.yale.edu/video-guides
How to Verify Enrollment Numbers for Cross-listed Courses Using CourseLeaf WEN,Registrar,crawl,Yale,https://registrar.yale.edu/video-guides
Exceptions in Yale Degree Audit for University Staff,Registrar,crawl,Yale,https://registrar.yale.edu/video-guides
Distinction in the Major for Yale College Staff,Registrar,crawl,Yale,https://registrar.yale.edu/video-guides
How to Edit YCPS Departmental Pages,Registrar,crawl,Yale,https://registrar.yale.edu/video-guides
Academic Calendar (Year-round Yale College),Registrar,crawl,Yale,https://registrar.yale.edu/registration
Registration Systems,Registrar,crawl,Yale,https://registrar.yale.edu/registration
Related Academic System,Registrar,crawl,Yale,https://registrar.yale.edu/registration
Yale College Courses & Registration,Registrar,crawl,Yale,https://registrar.yale.edu/registration
Graduate School of Arts & Sciences Courses & Registration,Registrar,crawl,Yale,https://registrar.yale.edu/registration
Need help with Registration? You’re not alone.,Registrar,crawl,Yale,https://registrar.yale.edu/registration
Professional School Registration,Registrar,crawl,Yale,https://registrar.yale.edu/registration
Professional School Registrars,Registrar,crawl,Yale,https://registrar.yale.edu/registration
Medicine (Doctor of Medicine),Registrar,crawl,Yale,https://registrar.yale.edu/registration
Medicine (Master of Health Sciences),Registrar,crawl,Yale,https://registrar.yale.edu/registration
Medicine (Physician Assistant Online),Registrar,crawl,Yale,https://registrar.yale.edu/registration
Medicine (Physician Associate),Registrar,crawl,Yale,https://registrar.yale.edu/registration
Architecture Registrar: Becky Paugh,Registrar,crawl,Yale,https://registrar.yale.edu/registration
Divinity Registrar: Morgana Payne,Registrar,crawl,Yale,https://registrar.yale.edu/registration
Environment Registrar: Rosanne Stoddard,Registrar,crawl,Yale,https://registrar.yale.edu/registration
Jackson School of Global Affairs Registrar: Minjin Hashbat,Registrar,crawl,Yale,https://registrar.yale.edu/registration
Law Registrar: Heather Abbott,Registrar,crawl,Yale,https://registrar.yale.edu/registration
Management Registrar: Shannan Foley,Registrar,crawl,Yale,https://registrar.yale.edu/registration
Medicine (Doctor of Medicine) Registrar: Terri Tolson,Registrar,crawl,Yale,https://registrar.yale.edu/registration
Medicine (Master of Health Sciences) Registrar: Marisol Britt,Registrar,crawl,Yale,https://registrar.yale.edu/registration
Medicine (Physician Assistant Online) Registrar: Emily Daly,Registrar,crawl,Yale,https://registrar.yale.edu/registration
Medicine (Physician Associate) Registrar: Meridith Cayer,Registrar,crawl,Yale,https://registrar.yale.edu/registration
Music Krista Johnson | Kellie Wood,Registrar,crawl,Yale,https://registrar.yale.edu/registration
Nursing Registrar: Stephanie Liebnick,Registrar,crawl,Yale,https://registrar.yale.edu/registration
Summer Session Registrar: Catherine Jones,Registrar,crawl,Yale,https://registrar.yale.edu/registration
Search Features & Tips,Registrar,crawl,Yale,https://registrar.yale.edu/registration/about-yale-course-search
Course Demand Statistics,Registrar,crawl,Yale,https://registrar.yale.edu/registration/about-yale-course-search
Discussion/Lab Section Statistics,Registrar,crawl,Yale,https://registrar.yale.edu/registration/about-yale-course-search
Yale Course Search FAQs,Registrar,crawl,Yale,https://registrar.yale.edu/registration/about-yale-course-search
Is Yale Course Search where I register for courses?,Registrar,crawl,Yale,https://registrar.yale.edu/registration/about-yale-course-search
Where can I get help with registration-related questions about YCS?,Registrar,crawl,Yale,https://registrar.yale.edu/registration/about-yale-course-search
What are the recommended browsers to use for Yale Course Search?,Registrar,crawl,Yale,https://registrar.yale.edu/registration/about-yale-course-search
I don’t see the syllabus button for the course I’m viewing. Why is that?,Registrar,crawl,Yale,https://registrar.yale.edu/registration/about-yale-course-search
Who can use Yale Course Search?,Registrar,crawl,Yale,https://registrar.yale.edu/registration/about-yale-course-search
Where are the links to Course Demand Statistics and other resources?,Registrar,crawl,Yale,https://registrar.yale.edu/registration/about-yale-course-search
"I need a course for a distributional requirement, can I search for just those classes?",Registrar,crawl,Yale,https://registrar.yale.edu/registration/about-yale-course-search
What is the difference between a Course Information Attribute and Yale College Attributes?,Registrar,crawl,Yale,https://registrar.yale.edu/registration/about-yale-course-search
Use the menu on the left to apply filters to narrow your search.,Registrar,crawl,Yale,https://registrar.yale.edu/registration/about-yale-course-search
"In the ‘Keyword’ box , search by instructor name, subject code, or part of the course title.",Registrar,crawl,Yale,https://registrar.yale.edu/registration/about-yale-course-search
"The system defaults to the current term , however, you can search by past terms.",Registrar,crawl,Yale,https://registrar.yale.edu/registration/about-yale-course-search
"If enrollment for a course is managed by the department , see the class notes section for details. Not all courses have class notes.",Registrar,crawl,Yale,https://registrar.yale.edu/registration/about-yale-course-search
“ Advanced Search” provides more filters such as Instructor or Meeting time.,Registrar,crawl,Yale,https://registrar.yale.edu/registration/about-yale-course-search
Use “Attributes” to search for courses that fulfill distributional designations and major requirements.,Registrar,crawl,Yale,https://registrar.yale.edu/registration/about-yale-course-search
Course Demand Statistics and Discussion/Lab Section Statistics help students understand the enrollment perspectives .,Registrar,crawl,Yale,https://registrar.yale.edu/registration/about-yale-course-search
Clicking on a course in the Search Results opens to course details and resources.,Registrar,crawl,Yale,https://registrar.yale.edu/registration/about-yale-course-search
"Buttons in the course resources area may include Course Evaluations, Syllabus, Buy Books, and Share.",Registrar,crawl,Yale,https://registrar.yale.edu/registration/about-yale-course-search
There are helpful links to more resources at the bottom of the search menu,Registrar,crawl,Yale,https://registrar.yale.edu/registration/about-yale-course-search
The Discussion/Lab Sections Report on the Yale Course Search site shows enrollment numbers for all discussion and laboratory sections.,Registrar,crawl,Yale,https://registrar.yale.edu/registration/about-yale-course-search
The Yale Course Search registration icons legend and the Understanding Registration Error Messages chart address issues related directly to adding courses to the registration worksheet in YCS.,Registrar,crawl,Yale,https://registrar.yale.edu/registration/about-yale-course-search
Graduate School of Arts & Sciences Registration,Registrar,crawl,Yale,https://registrar.yale.edu/registration/gsas-registration
Where and When to Register for Classes,Registrar,crawl,Yale,https://registrar.yale.edu/registration/gsas-registration
Before Registration Opens,Registrar,crawl,Yale,https://registrar.yale.edu/registration/gsas-registration
Eligibility and Requirements:,Registrar,crawl,Yale,https://registrar.yale.edu/registration/gsas-registration
After Add/Drop Closes,Registrar,crawl,Yale,https://registrar.yale.edu/registration/gsas-registration
Confirmation of Registration,Registrar,crawl,Yale,https://registrar.yale.edu/registration/gsas-registration
Continuous Enrollment Requirement,Registrar,crawl,Yale,https://registrar.yale.edu/registration/gsas-registration
Monitoring Academic Progress,Registrar,crawl,Yale,https://registrar.yale.edu/registration/gsas-registration
Graduate School Systems Related to Course Registration,Registrar,crawl,Yale,https://registrar.yale.edu/registration/gsas-registration
Academic System: Yale Hub,Registrar,crawl,Yale,https://registrar.yale.edu/registration/gsas-registration
Academic System: Yale Course Search,Registrar,crawl,Yale,https://registrar.yale.edu/registration/gsas-registration
Academic System: Online Course Evaluation Student Viewer,Registrar,crawl,Yale,https://registrar.yale.edu/registration/gsas-registration
Academic System: Degree Audit,Registrar,crawl,Yale,https://registrar.yale.edu/registration/gsas-registration
Graduate School Registration Guides,Registrar,crawl,Yale,https://registrar.yale.edu/registration/gsas-registration
Archaeological Studies Master's Thesis Research Form,Registrar,crawl,Yale,https://registrar.yale.edu/registration/gsas-registration
Certificate Declaration Request Form (GSAS),Registrar,crawl,Yale,https://registrar.yale.edu/registration/gsas-registration
Change of Status Form with Instructions (GSAS),Registrar,crawl,Yale,https://registrar.yale.edu/registration/gsas-registration
Departmental Transfer Form,Registrar,crawl,Yale,https://registrar.yale.edu/registration/gsas-registration
Dissertation Completion Status Form,Registrar,crawl,Yale,https://registrar.yale.edu/registration/gsas-registration
Extended Registration Form - 7th Year,Registrar,crawl,Yale,https://registrar.yale.edu/registration/gsas-registration
Extended Registration Form - 8th Year,Registrar,crawl,Yale,https://registrar.yale.edu/registration/gsas-registration
MD/PhD Department Affiliation Form,Registrar,crawl,Yale,https://registrar.yale.edu/registration/gsas-registration
Parental Relief Request Form (GSAS),Registrar,crawl,Yale,https://registrar.yale.edu/registration/gsas-registration
Registration in Absentia Form,Registrar,crawl,Yale,https://registrar.yale.edu/registration/gsas-registration
Summer Internship Request Form (GSAS),Registrar,crawl,Yale,https://registrar.yale.edu/registration/gsas-registration
DGS & Registrars Directory,Registrar,crawl,Yale,https://registrar.yale.edu/registration/gsas-registration
How Graduate Students Register for Classes,Registrar,crawl,Yale,https://registrar.yale.edu/registration/gsas-registration
How to Request Instructor Permission,Registrar,crawl,Yale,https://registrar.yale.edu/registration/gsas-registration
How to Change Grade Mode from Registered to Audit,Registrar,crawl,Yale,https://registrar.yale.edu/registration/gsas-registration
How to Audit Yale College Courses,Registrar,crawl,Yale,https://registrar.yale.edu/registration/gsas-registration
How to Submit an Individual Study Course Request Form,Registrar,crawl,Yale,https://registrar.yale.edu/registration/gsas-registration
Waitlisting for Graduate Students,Registrar,crawl,Yale,https://registrar.yale.edu/registration/gsas-registration
Understanding Registration Error Messages,Registrar,crawl,Yale,https://registrar.yale.edu/registration/gsas-registration
How to Drop a Class (Graduate School),Registrar,crawl,Yale,https://registrar.yale.edu/registration/gsas-registration
Yale College & Graduate School Video Tutorials,Registrar,crawl,Yale,https://registrar.yale.edu/registration/gsas-registration
"Students at the Graduate School of Arts and Sciences are required to register every term, including when they are working on their dissertation.",Registrar,crawl,Yale,https://registrar.yale.edu/registration/gsas-registration
"The GSAS has designated registration periods each semester. Students must register during these times to secure their enrollment for courses, research, or other academic activities. Before the registration period opens, students can browse available courses through Yale Course Search. It is crucial for students to consult with their academic advisers or faculty members to ensure that they are selecting appropriate courses that align with their degree requirements and research interests.",Registrar,crawl,Yale,https://registrar.yale.edu/registration/gsas-registration
"If a student misses the regular registration period, there may be options for late registration; however, this often involves additional fees and requires approval from both the department and GSAS administration.",Registrar,crawl,Yale,https://registrar.yale.edu/registration/gsas-registration
The Directors of Graduate Studies (DGSs) and Department Registrars are critical to the success of Yale’s graduate programs.,Registrar,crawl,Yale,https://registrar.yale.edu/registration/gsas-registration
Cross-School Course Registration Process,Registrar,crawl,Yale,https://registrar.yale.edu/registration/cross-school-course-registration-processes
How to register for a course in the…,Registrar,crawl,Yale,https://registrar.yale.edu/registration/cross-school-course-registration-processes
David Geffen School of Drama at Yale University,Registrar,crawl,Yale,https://registrar.yale.edu/registration/cross-school-course-registration-processes
Graduate School of Arts and Sciences,Registrar,crawl,Yale,https://registrar.yale.edu/registration/cross-school-course-registration-processes
School of Architecture,Registrar,crawl,Yale,https://registrar.yale.edu/registration/cross-school-course-registration-processes
School of the Environment,Registrar,crawl,Yale,https://registrar.yale.edu/registration/cross-school-course-registration-processes
School of Management,Registrar,crawl,Yale,https://registrar.yale.edu/registration/cross-school-course-registration-processes
School of Medicine,Registrar,crawl,Yale,https://registrar.yale.edu/registration/cross-school-course-registration-processes
School of Public Health,Registrar,crawl,Yale,https://registrar.yale.edu/registration/cross-school-course-registration-processes
Graduate School of Arts & Sciences,Registrar,crawl,Yale,https://registrar.yale.edu/registration/cross-school-course-registration-processes
"Professional schools: Architecture, Art, Divinity, David Geffen/Drama, Environment, Jackson/Global Affairs, Law, Management, Medicine, Music, Nursing and Public Health",Registrar,crawl,Yale,https://registrar.yale.edu/registration/cross-school-course-registration-processes
Law School: Course Registration | Yale Law School,Registrar,crawl,Yale,https://registrar.yale.edu/registration/cross-school-course-registration-processes
School of Management form for Non-SOM Students,Registrar,crawl,Yale,https://registrar.yale.edu/registration/cross-school-course-registration-processes
Yale College: Request to Enroll in a Yale Professional School Course form,Registrar,crawl,Yale,https://registrar.yale.edu/registration/cross-school-course-registration-processes
Graduate and Professional School Courses historically approved for Yale College Credit,Registrar,crawl,Yale,https://registrar.yale.edu/registration/cross-school-course-registration-processes
Students are manually registered by the Drama registrar.,Registrar,crawl,Yale,https://registrar.yale.edu/registration/cross-school-course-registration-processes
Obtain instructor permission,Registrar,crawl,Yale,https://registrar.yale.edu/registration/cross-school-course-registration-processes
Notify Drama registrar to complete enrollment,Registrar,crawl,Yale,https://registrar.yale.edu/registration/cross-school-course-registration-processes
Approximately 28 courses are open to non-Drama students. They are visible in Yale Course Search (YCS).,Registrar,crawl,Yale,https://registrar.yale.edu/registration/cross-school-course-registration-processes
"YC students submit a Request to Enroll in a Professional School Course form, after obtaining instructor permission.",Registrar,crawl,Yale,https://registrar.yale.edu/registration/cross-school-course-registration-processes
Graduate and professional school students obtain instructor permission; ask home school registrar to complete enrollment,Registrar,crawl,Yale,https://registrar.yale.edu/registration/cross-school-course-registration-processes
"GSAS/Prof schools: Obtain instructor permission; finalize enrollment (when possible) in the Hub, or ask Divinity registrar to complete enrollment",Registrar,crawl,Yale,https://registrar.yale.edu/registration/cross-school-course-registration-processes
"Yale College: Obtain instructor permission; submit form and a description of extra, graduate level work; submission of dynamic form found on Divinity website",Registrar,crawl,Yale,https://registrar.yale.edu/registration/cross-school-course-registration-processes
"Grad/Prof students obtain instructor permission; finalize enrollment (when possible) in the Hub, or ask home school registrar to complete enrollment",Registrar,crawl,Yale,https://registrar.yale.edu/registration/cross-school-course-registration-processes
YC students submit a Request to Enroll in a Professional School Course,Registrar,crawl,Yale,https://registrar.yale.edu/registration/cross-school-course-registration-processes
Incoming first-term J.D. students are assigned courses and may not elect other classes or change class assignments.,Registrar,crawl,Yale,https://registrar.yale.edu/registration/cross-school-course-registration-processes
All other law students have two opportunities to select courses and finalize schedules each term:,Registrar,crawl,Yale,https://registrar.yale.edu/registration/cross-school-course-registration-processes
"During the law school course bidding period prior to each term (generally October for the spring term and June for the fall term), students bid via YLS:Courses for limited enrollment and experiential courses and put in their preferences for open enrollment and permission of instructor courses.",Registrar,crawl,Yale,https://registrar.yale.edu/registration/cross-school-course-registration-processes
"During the open add/drop period the first week of the term, students may adjust courses in Yale Hub, and add Supervised Research, reading groups, and non-law courses.",Registrar,crawl,Yale,https://registrar.yale.edu/registration/cross-school-course-registration-processes
"The course registration process varies from school to school, in some cases on a different timeline, or with special forms. See below for school-specific registration information .",Registrar,crawl,Yale,https://registrar.yale.edu/registration/cross-school-course-registration-processes
"For instance, a School of Architecture student registering for a course in the School of Architecture is within their home school, whereas a Yale College student wishing to register for a course in the School of Architecture does so from outside of the school.",Registrar,crawl,Yale,https://registrar.yale.edu/registration/cross-school-course-registration-processes
"The Request to Enroll in a Yale Professional School Course form closes when add/drop period closes. Therefore, Yale College students should use the Add Course form to register for any professional school courses after add/drop period closes.",Registrar,crawl,Yale,https://registrar.yale.edu/registration/cross-school-course-registration-processes
"The Hub : Art School, Divinity, Graduate School of Arts and Sciences, Jackson School, School of Architecture, School of the Environment, School of Management, School of Music, School of Nursing, School of Public Health (some Drama School and Medical School students register in the Hub)",Registrar,crawl,Yale,https://registrar.yale.edu/registration/cross-school-course-registration-processes
"For those professional schools that do not register in Yale Hub, students complete the Jackson School Registration form for non-Jackson students available at Registrar - Yale Jackson School of Global Affairs .",Registrar,crawl,Yale,https://registrar.yale.edu/registration/cross-school-course-registration-processes
Students who wish to satisfy an area elective requirement must obtain permission of the study area coordinator(s) by submitting the Request for Substitution dynamic form.,Registrar,crawl,Yale,https://registrar.yale.edu/registration/cross-school-course-registration-processes
For other professional schools and Yale College: Obtain instructor permission and add the course during online registration,Registrar,crawl,Yale,https://registrar.yale.edu/registration/cross-school-course-registration-processes
Students opting to take a 100-level course require permission of ENV Academic Dean,Registrar,crawl,Yale,https://registrar.yale.edu/registration/cross-school-course-registration-processes
"If there are capped courses, students must follow procedures such as submission of an application or statement of interest (process will be listed in course description or Canvas site)",Registrar,crawl,Yale,https://registrar.yale.edu/registration/cross-school-course-registration-processes
"This includes courses in the MD Program, MHS Program, Physician Assistant Online Program, and the Physician Associate program.",Registrar,crawl,Yale,https://registrar.yale.edu/registration/cross-school-course-registration-processes
"For YSM Applied Studies courses (music history, etc), outside students need permission from the YSM faculty and YSM registrar. Enrollment is limited and priority is given to YSM students.",Registrar,crawl,Yale,https://registrar.yale.edu/registration/cross-school-course-registration-processes
"If approved to enroll in a YSM course, register in Yale Hub, or ask home registrar to complete enrollment.",Registrar,crawl,Yale,https://registrar.yale.edu/registration/cross-school-course-registration-processes
Students are permitted to take courses outside of YSPH to fulfill elective requirements as long as they are 300-level or above and they have rationale as to how it fits into their degree goals.,Registrar,crawl,Yale,https://registrar.yale.edu/registration/cross-school-course-registration-processes
"If an outside school doesn’t have a special form or procedure, students should obtain instructor permission and follow any directions in the course description.",Registrar,crawl,Yale,https://registrar.yale.edu/registration/cross-school-course-registration-processes
"For registration purposes, students are asked to follow the policies and procedures of the other school (e.g., SOM’s non-SOM enrollment form; Law School form; Jackson instruction permission; etc.) See website for more information.",Registrar,crawl,Yale,https://registrar.yale.edu/registration/cross-school-course-registration-processes
"For cross-listed courses, students follow the procedures for the primary school, unless the course has a YSPH number, in which case they register under the YSPH number.",Registrar,crawl,Yale,https://registrar.yale.edu/registration/cross-school-course-registration-processes
"If a course is in high demand, YSPH student enrollment takes priority in YSPH primary courses.",Registrar,crawl,Yale,https://registrar.yale.edu/registration/cross-school-course-registration-processes
"For professional school courses, excluding SOM: students submit a Request to Enroll in a Professional School Course form. SOM requires its own unique form (see link above). A limit of 4 professional school courses is allowed. Students must add the professional school course to their registration worksheets before the end of add/drop period.",Registrar,crawl,Yale,https://registrar.yale.edu/registration/cross-school-course-registration-processes
Navigating Your Future,Registrar,crawl,Yale,https://registrar.yale.edu/registration/advising
Monitor your Degree Progress,Registrar,crawl,Yale,https://registrar.yale.edu/registration/advising
DUS & Registrars Directory,Registrar,crawl,Yale,https://registrar.yale.edu/registration/advising
"The Yale College Dean’s Office Advising website provides a wealth of advising resources and tools for undergraduate students, while the Graduate School of Arts & Sciences offers mentorship and guidance for graduate students on their intellectual journey.",Registrar,crawl,Yale,https://registrar.yale.edu/registration/advising
"The Registrar’s Office maintains the Degree Audit System , which is a web-based tool that calculates and displays how individual student courses may count toward the requirements for the bachelor’s degree. The degree audit enables students to monitor their own progress toward the completion of degree requirements. It also helps students and their advisers discuss course selection for current and future terms more meaningfully by clarifying what requirements the student still needs to complete.",Registrar,crawl,Yale,https://registrar.yale.edu/registration/advising
The Yale College Directors of Undergraduate Studies (DUS) and Department Registrars are critical to the success of Yale’s undergraduate programs.,Registrar,crawl,Yale,https://registrar.yale.edu/registration/advising
Discussion Sections,Registrar,crawl,Yale,https://registrar.yale.edu/registration/discussionlab-sections
Laboratory Sections,Registrar,crawl,Yale,https://registrar.yale.edu/registration/discussionlab-sections
How to Swap a Discussion Section without Removing the Lecture Course,Registrar,crawl,Yale,https://registrar.yale.edu/registration/discussionlab-sections
Registering for a Discussion or Lab Section,Registrar,crawl,Yale,https://registrar.yale.edu/registration/discussionlab-sections
Students can choose from various time slots offered for each discussion section. It’s crucial to select a time that does not conflict with other classes or commitments.,Registrar,crawl,Yale,https://registrar.yale.edu/registration/discussionlab-sections
Position on waitlist is based on when you signed up. This means that earlier sign-ups have priority over later ones.,Registrar,crawl,Yale,https://registrar.yale.edu/registration/waitlisting
"The waitlist is created on a first come, first served basis; instructors cannot select specific students from the waitlist nor can they change the order of students on the waitlist.",Registrar,crawl,Yale,https://registrar.yale.edu/registration/waitlisting
Courses set up with Instruction Permission do not have waitlists.,Registrar,crawl,Yale,https://registrar.yale.edu/registration/waitlisting
Lectures with discussion sections may not have a waitlist. The affiliated discussion sections may have waitlists.,Registrar,crawl,Yale,https://registrar.yale.edu/registration/waitlisting
Waitlists are eliminated before the opening of the add/drop period.,Registrar,crawl,Yale,https://registrar.yale.edu/registration/waitlisting
"If a seat opens, students receive notifications via email or through the student portal about the opportunity to enroll. They then have 24 hours to accept the seat.",Registrar,crawl,Yale,https://registrar.yale.edu/registration/waitlisting
Students accept a seat by logging back into the registration worksheet/schedule.,Registrar,crawl,Yale,https://registrar.yale.edu/registration/waitlisting
"Once the maximum enrollment has been met, students can choose to be placed on the waitlist if a waitlist option exists. As enrolled students drop the course, the registration system automatically sends an offer to the first student on the waitlist.",Registrar,crawl,Yale,https://registrar.yale.edu/registration/waitlisting
"If students have not been notified about a seat twenty-four hours before registration closes, they should register for a different course.",Registrar,crawl,Yale,https://registrar.yale.edu/registration/waitlisting
Search Courses at Yale,Registrar,crawl,Yale,https://registrar.yale.edu/curriculum/courses
The Building Blocks of Yale’s Curriculum,Registrar,crawl,Yale,https://registrar.yale.edu/curriculum/courses
"The Graduate and professional schools prepare students for master’s and doctoral degrees by offering courses that are typically more specialized than undergraduate courses and focus on deep engagement with theory, methodology, and current debates in the field. These graduate-level courses lead to the acquisition of advanced knowledge, research skills, and intellectual foundations necessary for independent scholarship.",Registrar,crawl,Yale,https://registrar.yale.edu/curriculum/courses
Yale Graduate School of Arts & Sciences,Registrar,crawl,Yale,https://registrar.yale.edu/curriculum/majors-programs-degrees
Yale College Programs of Study,Registrar,crawl,Yale,https://registrar.yale.edu/curriculum/majors-programs-degrees
Yale College Undergraduate Regulations,Registrar,crawl,Yale,https://registrar.yale.edu/curriculum/bulletins
What Are Course Attributes?,Registrar,crawl,Yale,https://registrar.yale.edu/curriculum/searching-with-course-attributes
Yale Course Search provides tools for filtering courses by attributes,Registrar,crawl,Yale,https://registrar.yale.edu/curriculum/searching-with-course-attributes
For Yale College Attributes:,Registrar,crawl,Yale,https://registrar.yale.edu/curriculum/searching-with-course-attributes
For Departmental Attributes:,Registrar,crawl,Yale,https://registrar.yale.edu/curriculum/searching-with-course-attributes
How Attributes Are Assigned,Registrar,crawl,Yale,https://registrar.yale.edu/curriculum/searching-with-course-attributes
YC S&DS Methods Data Science,Registrar,crawl,Yale,https://registrar.yale.edu/curriculum/searching-with-course-attributes
Benefits for Departments and Faculty,Registrar,crawl,Yale,https://registrar.yale.edu/curriculum/searching-with-course-attributes
Find courses that fulfill specific major and certificate requirements : Quickly identify courses that satisfy particular concentration areas or departmental requirements,Registrar,crawl,Yale,https://registrar.yale.edu/curriculum/searching-with-course-attributes
Discover cross-disciplinary opportunities : Locate courses in other departments that count toward your degree requirements,Registrar,crawl,Yale,https://registrar.yale.edu/curriculum/searching-with-course-attributes
Plan efficiently : Streamline academic planning by filtering courses based on attributes relevant to your academic goals,Registrar,crawl,Yale,https://registrar.yale.edu/curriculum/searching-with-course-attributes
Explore specialized topics : Find courses focusing on specific themes or methodological approaches across departments; particularly useful when working to earn a certificate,Registrar,crawl,Yale,https://registrar.yale.edu/curriculum/searching-with-course-attributes
Highlight specialized offerings : Call attention to courses with distinctive methodological or thematic characteristics,Registrar,crawl,Yale,https://registrar.yale.edu/curriculum/searching-with-course-attributes
"Tag cross-listed courses : Identify courses “primary in a different department, yet appropriate for their majors to earn elective credit”",Registrar,crawl,Yale,https://registrar.yale.edu/curriculum/searching-with-course-attributes
Organize curriculum coherently : Create clear pathways for students to fulfill degree requirements,Registrar,crawl,Yale,https://registrar.yale.edu/curriculum/searching-with-course-attributes
"Track requirements in Degree Audit: Tagging courses with attributes is a simple way to indicate in Degree Audit that a course fulfills certificate, concentration, and major requirements",Registrar,crawl,Yale,https://registrar.yale.edu/curriculum/searching-with-course-attributes
"Click on “Yale College Attributes” for a list of courses that fulfill distributional designations, first-year and sophomore seminars",Registrar,crawl,Yale,https://registrar.yale.edu/curriculum/searching-with-course-attributes
Continue as above (steps 4-6),Registrar,crawl,Yale,https://registrar.yale.edu/curriculum/searching-with-course-attributes
Scroll to the “Any Course Information Attribute” dropdown option,Registrar,crawl,Yale,https://registrar.yale.edu/curriculum/searching-with-course-attributes
Select the appropriate attribute,Registrar,crawl,Yale,https://registrar.yale.edu/curriculum/searching-with-course-attributes
Courses with the chosen attribute open in the Search Results panel,Registrar,crawl,Yale,https://registrar.yale.edu/curriculum/searching-with-course-attributes
Recognizing courses from other departments as fulfilling requirements,Registrar,crawl,Yale,https://registrar.yale.edu/curriculum/searching-with-course-attributes
Your Director of Undergraduate Studies (DUS),Registrar,crawl,Yale,https://registrar.yale.edu/curriculum/searching-with-course-attributes
"For more information about Course Attributes and how they can enhance your academic planning experience, please contact:",Registrar,crawl,Yale,https://registrar.yale.edu/curriculum/searching-with-course-attributes
Explore your Academic Path,Registrar,crawl,Yale,https://registrar.yale.edu/curriculum/yale-course-search
Explore Yale’s Course Offerings,Registrar,crawl,Yale,https://registrar.yale.edu/curriculum/yale-course-search
Course Exploration Tools,Registrar,crawl,Yale,https://registrar.yale.edu/curriculum/yale-course-search
Discover courses that fulfill degree requirements across disciplines,Registrar,crawl,Yale,https://registrar.yale.edu/curriculum/yale-course-search
Explore course content through detailed descriptions and links to syllabi,Registrar,crawl,Yale,https://registrar.yale.edu/curriculum/yale-course-search
Identify courses with specific departmental attributes that align with academic interests,Registrar,crawl,Yale,https://registrar.yale.edu/curriculum/yale-course-search
"Browse offerings by subject area, course type, or scheduling preferences",Registrar,crawl,Yale,https://registrar.yale.edu/curriculum/yale-course-search
Make informed decisions about curriculum planning through access to course details,Registrar,crawl,Yale,https://registrar.yale.edu/curriculum/yale-course-search
"Advanced Search Filters : Narrow your search by subject code, department, course type, meeting time, credits, and specialized course attributes to find exactly what fits your academic goals.",Registrar,crawl,Yale,https://registrar.yale.edu/curriculum/yale-course-search
"Course Information Panels : Access comprehensive details including distributional designations, departmental attributes, and instructor information all in one place.",Registrar,crawl,Yale,https://registrar.yale.edu/curriculum/yale-course-search
"Syllabus Access : View course syllabi directly through Yale Course Search, giving you deeper insight into course content, structure and learning objectives before making enrollment decisions.",Registrar,crawl,Yale,https://registrar.yale.edu/curriculum/yale-course-search
"Term Exploration : Search across current, future, and past terms to plan your long-term academic pathway and explore the history of course offerings.",Registrar,crawl,Yale,https://registrar.yale.edu/curriculum/yale-course-search
The online tool that allows students to explore offered courses each term.,Registrar,crawl,Yale,https://registrar.yale.edu/curriculum/yale-course-search
The platform offers several features designed specifically to support thoughtful academic exploration:,Registrar,crawl,Yale,https://registrar.yale.edu/curriculum/yale-course-search
Yale Certificates for Students,Registrar,crawl,Yale,https://registrar.yale.edu/curriculum/certificates-for-students
Declaration Process,Registrar,crawl,Yale,https://registrar.yale.edu/curriculum/certificates-for-students
Advanced Language Certificates,Registrar,crawl,Yale,https://registrar.yale.edu/curriculum/certificates-for-students
Interdisciplinary Certificates,Registrar,crawl,Yale,https://registrar.yale.edu/curriculum/certificates-for-students
"For a complete list of Yale College Certificates, see Certificates in Yale College .",Registrar,crawl,Yale,https://registrar.yale.edu/curriculum/certificates-for-students
Students interested in earning certificates should understand how these programs fit within Yale’s academic framework. Yale’s curricular policies help you organize your diverse academic interests into coherent sets of courses while ensuring depth in each area of study.,Registrar,crawl,Yale,https://registrar.yale.edu/curriculum/certificates-for-students
Course Evaluations for Students,Registrar,crawl,Yale,https://registrar.yale.edu/curriculum/course-evaluations-for-students
Submission and Viewing,Registrar,crawl,Yale,https://registrar.yale.edu/curriculum/course-evaluations-for-students
Key Features and Benefits,Registrar,crawl,Yale,https://registrar.yale.edu/curriculum/course-evaluations-for-students
Comprehensive Feedback,Registrar,crawl,Yale,https://registrar.yale.edu/curriculum/course-evaluations-for-students
Anonymous Participation,Registrar,crawl,Yale,https://registrar.yale.edu/curriculum/course-evaluations-for-students
Course Planning Resource,Registrar,crawl,Yale,https://registrar.yale.edu/curriculum/course-evaluations-for-students
Yale College courses with a minimum enrollment of 5 or more students are eligible for evaluation. Graduate School of Arts & Sciences courses with a minimum enrollment of 4 or more students are eligible for online evaluation.,Registrar,crawl,Yale,https://registrar.yale.edu/curriculum/course-evaluations-for-students
Students are expected to participate in this evaluation process or actively decline to participate for every course for which they are enrolled.,Registrar,crawl,Yale,https://registrar.yale.edu/curriculum/course-evaluations-for-students
Yale College students are not eligible to complete online evaluations for graduate courses that do not carry a Yale College number.,Registrar,crawl,Yale,https://registrar.yale.edu/curriculum/course-evaluations-for-students
Students who withdraw from a course after midterm are invited but are not required to participate.,Registrar,crawl,Yale,https://registrar.yale.edu/curriculum/course-evaluations-for-students
Early access to recorded grades is available online to students for courses which they have completed or actively declined to complete the online course evaluation form through the Yale Hub .,Registrar,crawl,Yale,https://registrar.yale.edu/curriculum/course-evaluations-for-students
Students can view evaluations from previous classes for their consideration in future course registration.,Registrar,crawl,Yale,https://registrar.yale.edu/curriculum/course-evaluations-for-students
The evaluation form captures both quantitative ratings and qualitative comments about courses and instruction,Registrar,crawl,Yale,https://registrar.yale.edu/curriculum/course-evaluations-for-students
Students can provide candid feedback knowing their identity remains confidential,Registrar,crawl,Yale,https://registrar.yale.edu/curriculum/course-evaluations-for-students
Make sure your session is secure,Registrar,crawl,Yale,https://registrar.yale.edu/curriculum/final-exams
Note that some courses earn .5 credits and some earn 1.5 credits.,Registrar,crawl,Yale,https://registrar.yale.edu/curriculum/creditdfail-grade-mode-for-yale-college-students
"All Yale College courses, other than independent study courses, that are offered in Yale College during the fall and spring terms are available for election under the Credit/D/Fail option.",Registrar,crawl,Yale,https://registrar.yale.edu/curriculum/creditdfail-grade-mode-for-yale-college-students
Courses in the Graduate School of Arts and Sciences and in the professional schools of the University are not available for the Yale College Credit/D/Fail option.,Registrar,crawl,Yale,https://registrar.yale.edu/curriculum/creditdfail-grade-mode-for-yale-college-students
"Up to two courses may be taken Credit/D/Fail per term, as long as students also enroll in at least two courses taken for a letter grade or pass/fail.",Registrar,crawl,Yale,https://registrar.yale.edu/curriculum/creditdfail-grade-mode-for-yale-college-students
"If a student earns a D or F grade in a course taken under the Credit/D/Fail option, that course will not count toward the six course credit limit.",Registrar,crawl,Yale,https://registrar.yale.edu/curriculum/creditdfail-grade-mode-for-yale-college-students
Majors specify how many courses taken Credit/D/Fail may count toward major requirements. See major requirements in Yale College Programs of Study .,Registrar,crawl,Yale,https://registrar.yale.edu/curriculum/creditdfail-grade-mode-for-yale-college-students
A student may not apply any course credit earned with a grade of Credit (CR) toward satisfaction of the distributional requirements for the junior or senior year (except for early L1-L5 courses).,Registrar,crawl,Yale,https://registrar.yale.edu/curriculum/creditdfail-grade-mode-for-yale-college-students
Work completed under the Credit/D/Fail option cannot earn acceleration credit.,Registrar,crawl,Yale,https://registrar.yale.edu/curriculum/creditdfail-grade-mode-for-yale-college-students
Policies may differ for Eli Whitney students. See Eli Whitney Students Program for more information.,Registrar,crawl,Yale,https://registrar.yale.edu/curriculum/creditdfail-grade-mode-for-yale-college-students
"The Credit/D/Fail option was created by the Yale Faculty to encourage academic experimentation and to promote diversity outside of students’ programs. Students have six opportunities– for a total of six credits –to choose Credit/D/Fail, two of which expire after the first year of enrollment. For a more detailed explanation of Credit/D/Fail policies, see Grades in the Academic Regulations section of Yale College Programs of Study .",Registrar,crawl,Yale,https://registrar.yale.edu/curriculum/creditdfail-grade-mode-for-yale-college-students
"Students have until the last day of classes to elect the Credit/D/Fail option. Once Credit/D/Fail has been selected, the change may not be reversed. Students are not required to disclose to the instructor of a course whether they have enrolled in the course for a letter grade or have chosen the Credit/D/Fail option.",Registrar,crawl,Yale,https://registrar.yale.edu/curriculum/creditdfail-grade-mode-for-yale-college-students
"For those courses taken Credit/D/Fail, the instructor provides a letter grade in FGS (faculty grading system) and the Registrar’s Office converts grades of A, A–, B+, B, B–, C+, C, and C– into the notation CR, which is entered on the student’s transcript. Grades of D+, D, D–, and F are entered on the transcript as reported.",Registrar,crawl,Yale,https://registrar.yale.edu/curriculum/creditdfail-grade-mode-for-yale-college-students
"If you are considering a course withdrawal or have problems converting to Credit/D/Fail grade mode, contact your residential college dean. Note that Credit/D/Fail conversions are final and cannot be changed.",Registrar,crawl,Yale,https://registrar.yale.edu/curriculum/creditdfail-grade-mode-for-yale-college-students
Discover Major Roadmaps,Registrar,crawl,Yale,https://registrar.yale.edu/curriculum/major-roadmaps
Purpose of Major Roadmaps,Registrar,crawl,Yale,https://registrar.yale.edu/curriculum/major-roadmaps
Design and Features,Registrar,crawl,Yale,https://registrar.yale.edu/curriculum/major-roadmaps
Accessing Major Roadmaps,Registrar,crawl,Yale,https://registrar.yale.edu/curriculum/major-roadmaps
"The primary purpose of these roadmaps is to help students understand the structure and requirements of various majors. They provide clear pathways for students to follow, by indicating which courses are necessary and when they should be taken. This is particularly beneficial given that Yale offers over 80 majors, and there is often some complexity to the course requirements .",Registrar,crawl,Yale,https://registrar.yale.edu/curriculum/major-roadmaps
"The major roadmaps are designed to be visually uniform, allowing for easy comparison between different majors. Each roadmap includes:",Registrar,crawl,Yale,https://registrar.yale.edu/curriculum/major-roadmaps
"The University Registrar’s Office serves as the official steward of student academic records, playing a critical role in maintaining the integrity, security, and accuracy of student information. Acting as the trusted custodian of these records, the office ensures that every student’s academic history—courses taken, grades earned, degrees awarded—is carefully documented and preserved. This responsibility extends from the student’s initial enrollment through graduation and beyond, providing transcripts, certifications, and verifications as needed throughout a graduate’s lifetime. The office safeguards personal data in compliance with federal regulations like FERPA (Family Educational Rights and Privacy Act), while also supporting students’ access to their own records.",Registrar,crawl,Yale,https://registrar.yale.edu/student-records
Official Yale Diplomas,Registrar,crawl,Yale,https://registrar.yale.edu/student-records/diplomas
Diploma Services & Support,Registrar,crawl,Yale,https://registrar.yale.edu/student-records/diplomas
Diploma Guides & Services,Registrar,crawl,Yale,https://registrar.yale.edu/student-records/diplomas
Certified Electronic Credential,Registrar,crawl,Yale,https://registrar.yale.edu/student-records/diplomas
Diploma Order Form,Registrar,crawl,Yale,https://registrar.yale.edu/student-records/diplomas
Replacement Diploma,Registrar,crawl,Yale,https://registrar.yale.edu/student-records/diplomas
Diploma Distribution,Registrar,crawl,Yale,https://registrar.yale.edu/student-records/diplomas
Receipt of Diplomas after Degree Conferral,Registrar,crawl,Yale,https://registrar.yale.edu/student-records/diplomas
Diploma Frequently Asked Questions,Registrar,crawl,Yale,https://registrar.yale.edu/student-records/diplomas
Will my major appear on the diploma?,Registrar,crawl,Yale,https://registrar.yale.edu/student-records/diplomas
What are the diploma dimensions and where can I get a frame?,Registrar,crawl,Yale,https://registrar.yale.edu/student-records/diplomas
What does the Financial Responsibility (Diploma) Hold mean?,Registrar,crawl,Yale,https://registrar.yale.edu/student-records/diplomas
Where can I find an English translation of the diploma?,Registrar,crawl,Yale,https://registrar.yale.edu/student-records/diplomas
How do I obtain an electronic copy of my diploma?,Registrar,crawl,Yale,https://registrar.yale.edu/student-records/diplomas
"Yale College and Professional School students are awarded their diplomas at commencement ceremonies. For students who did not attend commencement, diplomas are typically available for pickup after May 30. Diplomas will be mailed after July 1 to students with a diploma address listed in the Hub or who have submitted a diploma order form.",Registrar,crawl,Yale,https://registrar.yale.edu/student-records/diplomas
Diplomas will be mailed after July 1 to students with a diploma address listed in the Hub or who have submitted a diploma order form.,Registrar,crawl,Yale,https://registrar.yale.edu/student-records/diplomas
Starting in 2026 all diplomas for the Graduate School of Arts and Sciences will be mailed directly to graduates.,Registrar,crawl,Yale,https://registrar.yale.edu/student-records/diplomas
"To pick up a diploma, indicate a date and time in the Additional Comments section. Diplomas are typically available for pickup after May 30. Photo identification is required.",Registrar,crawl,Yale,https://registrar.yale.edu/student-records/diplomas
"To receive diplomas, graduates must have paid all debts to the University in full.",Registrar,crawl,Yale,https://registrar.yale.edu/student-records/diplomas
"If a diploma mailing address is not provided in advance, the diploma will remain at the University Registrar’s Office. Please complete and submit the diploma order form to request mailing of your diploma.",Registrar,crawl,Yale,https://registrar.yale.edu/student-records/diplomas
The diploma is printed with the degree conferred and any honors/distinctions received. The major is printed on the diploma only when there has been an award of Distinction in the Major.,Registrar,crawl,Yale,https://registrar.yale.edu/student-records/diplomas
"When you receive confirmation that all Holds have been released, forward the hold release to diplomas@yale.edu and refer to the Diploma Order Form to submit a request for your diploma. Please allow 24 to 48 hrs for the release to be processed.",Registrar,crawl,Yale,https://registrar.yale.edu/student-records/diplomas
Enrollment Verification for YC and GSAS Student,Registrar,crawl,Yale,https://registrar.yale.edu/student-records/verifications
Degree Verification for YC and GSAS Student,Registrar,crawl,Yale,https://registrar.yale.edu/student-records/verifications
An enrollment verification confirms that a student is currently or was previously enrolled.,Registrar,crawl,Yale,https://registrar.yale.edu/student-records/verifications
A degree verification confirms that a student has completed a degree.,Registrar,crawl,Yale,https://registrar.yale.edu/student-records/verifications
"The University Registrar’s Office does not create and issue customized letters regarding enrollment, degree, or other items related to academic history and transcripts. Only standard letters (if necessary) are available for issuance.",Registrar,crawl,Yale,https://registrar.yale.edu/student-records/verifications
Letters and services are for current and former students only. Letters and services are not available for persons who were not admitted and matriculated students in Yale College or the Graduate School of Arts and Sciences.,Registrar,crawl,Yale,https://registrar.yale.edu/student-records/verifications
Requests for any type of verification will not be taken by phone and verification will not be provided by phone.,Registrar,crawl,Yale,https://registrar.yale.edu/student-records/verifications
Questions regarding verification services can be directed to registrar@yale.edu .,Registrar,crawl,Yale,https://registrar.yale.edu/student-records/verifications
The University Registrar’s Office provides enrollment and degree verification services to confirm a student’s academic status for Yale College and Graduate School of Arts and Sciences students. Students in the professional schools should contact their school registrars for verification information (see below for links).,Registrar,crawl,Yale,https://registrar.yale.edu/student-records/verifications
The Office of the University Registrar has authorized the National Student Clearinghouse (NSC) to provide certificates of enrollment for students in Yale College and in the Graduate School of Arts and Sciences. Students are able to obtain a document confirming enrollment instantly by visiting the National Student Clearinghouse’s MyHub site . Enrollment certificates (verifications) from the NSC display the Yale watermark.,Registrar,crawl,Yale,https://registrar.yale.edu/student-records/verifications
"If a degree verification is needed, request an official transcript. Information on how to submit a transcript request can be found on our Transcript s page.",Registrar,crawl,Yale,https://registrar.yale.edu/student-records/verifications
Establishing Proxy Access,Registrar,crawl,Yale,https://registrar.yale.edu/student-records/proxy-access-and-authorization
Authorizing Proxy Access,Registrar,crawl,Yale,https://registrar.yale.edu/student-records/proxy-access-and-authorization
Accepting and Using Proxy Access,Registrar,crawl,Yale,https://registrar.yale.edu/student-records/proxy-access-and-authorization
Contacts and support,Registrar,crawl,Yale,https://registrar.yale.edu/student-records/proxy-access-and-authorization
Commonly asked questions:,Registrar,crawl,Yale,https://registrar.yale.edu/student-records/proxy-access-and-authorization
Are grade reports mailed?,Registrar,crawl,Yale,https://registrar.yale.edu/student-records/proxy-access-and-authorization
Can a proxy order transcripts?,Registrar,crawl,Yale,https://registrar.yale.edu/student-records/proxy-access-and-authorization
Can a proxy speak to administrators at Yale on a student’s behalf?,Registrar,crawl,Yale,https://registrar.yale.edu/student-records/proxy-access-and-authorization
Can a proxy request a letter of enrollment?,Registrar,crawl,Yale,https://registrar.yale.edu/student-records/proxy-access-and-authorization
access YalePay to view their student account and make payments online,Registrar,crawl,Yale,https://registrar.yale.edu/student-records/proxy-access-and-authorization
see holds that have been placed on the student’s Yale accounts,Registrar,crawl,Yale,https://registrar.yale.edu/student-records/proxy-access-and-authorization
The student must authorize access.,Registrar,crawl,Yale,https://registrar.yale.edu/student-records/proxy-access-and-authorization
The intended proxy must accept access.,Registrar,crawl,Yale,https://registrar.yale.edu/student-records/proxy-access-and-authorization
"Enter proxy name and email for the person who will have access. Select “Proxy” for the relationship type. Select the data you are authorizing your proxy to view. Note the “Stop Date” will default to 5 years from the “Start Date.” Once expired, you must edit this date otherwise your proxy will no longer have access.",Registrar,crawl,Yale,https://registrar.yale.edu/student-records/proxy-access-and-authorization
You may enter a passphrase that your proxy can use if they elect to call the University with questions about your account.,Registrar,crawl,Yale,https://registrar.yale.edu/student-records/proxy-access-and-authorization
Click “Submit.” This generates an email to the proxy with instructions to access your information.,Registrar,crawl,Yale,https://registrar.yale.edu/student-records/proxy-access-and-authorization
Click on the web link sent in the “New proxy identity” email.,Registrar,crawl,Yale,https://registrar.yale.edu/student-records/proxy-access-and-authorization
Enter the “initial password” sent in “New proxy confirmation” email.,Registrar,crawl,Yale,https://registrar.yale.edu/student-records/proxy-access-and-authorization
Enter the following: your email address the “initial password” a new password validate password When finished click “Submit.”,Registrar,crawl,Yale,https://registrar.yale.edu/student-records/proxy-access-and-authorization
When finished click “Submit.”,Registrar,crawl,Yale,https://registrar.yale.edu/student-records/proxy-access-and-authorization
"After entering your login information, you will be presented with a screen to submit a one-time password.",Registrar,crawl,Yale,https://registrar.yale.edu/student-records/proxy-access-and-authorization
After clicking ‘Submit One-Time Password’ you will receive an email with the subject “New Proxy OTP code” with a temporary one-time password.,Registrar,crawl,Yale,https://registrar.yale.edu/student-records/proxy-access-and-authorization
Enter the one-time password and click submit.,Registrar,crawl,Yale,https://registrar.yale.edu/student-records/proxy-access-and-authorization
Your Proxy Personal Information will be presented.,Registrar,crawl,Yale,https://registrar.yale.edu/student-records/proxy-access-and-authorization
"For help with access and system features or questions regarding YalePay, please submit an inquiry with the Office of Student Accounts.",Registrar,crawl,Yale,https://registrar.yale.edu/student-records/proxy-access-and-authorization
"For help with grades, please em ail registrar@yale.edu.",Registrar,crawl,Yale,https://registrar.yale.edu/student-records/proxy-access-and-authorization
"Students can assign and email their proxy a passphrase. The proxy can then use the passphrase to speak with a representative in the following offices only: University Registrar’s Office, Student Accounts, and University Financial Aid.",Registrar,crawl,Yale,https://registrar.yale.edu/student-records/proxy-access-and-authorization
Student Information Block,Registrar,crawl,Yale,https://registrar.yale.edu/student-records/degree-audit
Distributional Requirements Block,Registrar,crawl,Yale,https://registrar.yale.edu/student-records/degree-audit
Major/Program of Study,Registrar,crawl,Yale,https://registrar.yale.edu/student-records/degree-audit
In-Progress and Preregistered Block,Registrar,crawl,Yale,https://registrar.yale.edu/student-records/degree-audit
The What-If Feature,Registrar,crawl,Yale,https://registrar.yale.edu/student-records/degree-audit
See Degree Audit Frequently Asked Questions and Known Issues for more,Registrar,crawl,Yale,https://registrar.yale.edu/student-records/degree-audit
Special program and concentration requirements,Registrar,crawl,Yale,https://registrar.yale.edu/student-records/degree-audit
Credits required for graduation,Registrar,crawl,Yale,https://registrar.yale.edu/student-records/degree-audit
A green circle with a check mark indicates a requirement that has been completed.,Registrar,crawl,Yale,https://registrar.yale.edu/student-records/degree-audit
A half blue circle indicates a requirement that will be completed if the in-progress courses listed are completed successfully.,Registrar,crawl,Yale,https://registrar.yale.edu/student-records/degree-audit
A white circle with a red border indicates a requirement that is incomplete.,Registrar,crawl,Yale,https://registrar.yale.edu/student-records/degree-audit
"Set parameters by first selecting the college field and then any parameters you want to test, such as areas of study",Registrar,crawl,Yale,https://registrar.yale.edu/student-records/degree-audit
Click process to generate a speculative audit that will show how the selected changes would impact the student’s progress.,Registrar,crawl,Yale,https://registrar.yale.edu/student-records/degree-audit
"When navigating the audit, blocks can be expanded and collapsed to make for easier viewing.",Registrar,crawl,Yale,https://registrar.yale.edu/student-records/degree-audit
"The student information block contains basic information, including student name, ID number, year, level of study, and major(s). Advisers have a drop-down menu that allows them to select and view all advisees.",Registrar,crawl,Yale,https://registrar.yale.edu/student-records/degree-audit
"The degree block offers a quick snapshot of a student’s overall progress, including total number of course credits (including in-progress), status on distributional requirements, and status of major requirements.",Registrar,crawl,Yale,https://registrar.yale.edu/student-records/degree-audit
"The distributional requirements block lists a student’s progress on general education requirements they must take regardless of their major/program of student. These requirements are broken down by language, quantitative reasoning, science, writing, humanities & art, and social sciences. There may be multiple Distributional Requirement blocks for the academic milestones in specific class years and these blocks can be collapsed or expanded.",Registrar,crawl,Yale,https://registrar.yale.edu/student-records/degree-audit
"The major/program of study block provides student progress on the specific major(s) they are pursing. This includes prerequisites, required courses, and electives.",Registrar,crawl,Yale,https://registrar.yale.edu/student-records/degree-audit
"The fallthrough block contains any courses that a student has taken that do not count towards a student’s major(s)/program of study. This can include courses in the major, but taken in excess of the total number of required major courses and audited courses. Although these courses do not count toward anything specific, they still appear on the student’s academic record as they count towards the total required credits.",Registrar,crawl,Yale,https://registrar.yale.edu/student-records/degree-audit
"The ineligible block show courses that a student took that are not eligible toward their degree, such as withdrawals, failed courses, and ineligible repeats.",Registrar,crawl,Yale,https://registrar.yale.edu/student-records/degree-audit
The in-progress and preregistered block display courses that a student is currently taking or is registered for but that have not been completes/graded. This block is also used as confirmation for which courses a student is officially registered for.,Registrar,crawl,Yale,https://registrar.yale.edu/student-records/degree-audit
The not counted block contains items in the student’s academic record that do not count toward their degree requirements.,Registrar,crawl,Yale,https://registrar.yale.edu/student-records/degree-audit
The exceptions block shows a summary of exceptions that have been applied to a student’s academic progress that requires the approval of their DUS/DGS or dean. These exceptions are specific adjustments to the pre-approved standard requirements.,Registrar,crawl,Yale,https://registrar.yale.edu/student-records/degree-audit
"The notes block displays any notes entered for the students. These can include reminders or summary from a student’s meeting with their advisors. Although only advisors and registrars can add notes, notes are available for all to see with the date created and creator shown.",Registrar,crawl,Yale,https://registrar.yale.edu/student-records/degree-audit
Access Graduate School Registration (GSAS students only),Registrar,crawl,Yale,https://registrar.yale.edu/student-records/yale-hub
The Yale Hub is not managed by the University Registrar’s Office but it can be used by students to: perform several functions related to records and registration such as View grades,Registrar,crawl,Yale,https://registrar.yale.edu/student-records/yale-hub
Registrar’s Office Dissertation Resources,Registrar,crawl,Yale,https://registrar.yale.edu/student-records/dissertations
System Access (DPR),Registrar,crawl,Yale,https://registrar.yale.edu/student-records/dissertations
Annual Dissertation Progress Reporting FAQs,Registrar,crawl,Yale,https://registrar.yale.edu/student-records/dissertations
What is a Dissertation Progress Report (DPR)?,Registrar,crawl,Yale,https://registrar.yale.edu/student-records/dissertations
How often will I be required to complete a Dissertation Progress Report (DPR)?,Registrar,crawl,Yale,https://registrar.yale.edu/student-records/dissertations
What happens to my Dissertation Progress Report after I submit?,Registrar,crawl,Yale,https://registrar.yale.edu/student-records/dissertations
What if I made a mistake but already submitted my DPR?,Registrar,crawl,Yale,https://registrar.yale.edu/student-records/dissertations
How can I tell if I have successfully submitted my DPR?,Registrar,crawl,Yale,https://registrar.yale.edu/student-records/dissertations
How do I know the status of my Dissertation Progress Report?,Registrar,crawl,Yale,https://registrar.yale.edu/student-records/dissertations
How do I change my dissertation adviser?,Registrar,crawl,Yale,https://registrar.yale.edu/student-records/dissertations
What do I do if the wrong adviser is listed in my Student Data?,Registrar,crawl,Yale,https://registrar.yale.edu/student-records/dissertations
How will I know if the DPR has been approved?,Registrar,crawl,Yale,https://registrar.yale.edu/student-records/dissertations
Can I see the response from my adviser(s) and DGS?,Registrar,crawl,Yale,https://registrar.yale.edu/student-records/dissertations
How can I see reports from previous years?,Registrar,crawl,Yale,https://registrar.yale.edu/student-records/dissertations
Important Dissertation Deadlines,Registrar,crawl,Yale,https://registrar.yale.edu/student-records/dissertations
Dissertation Submission,Registrar,crawl,Yale,https://registrar.yale.edu/student-records/dissertations
Templates and Tools,Registrar,crawl,Yale,https://registrar.yale.edu/student-records/dissertations
Important Contacts,Registrar,crawl,Yale,https://registrar.yale.edu/student-records/dissertations
Academic System: Dissertation Progress Reporting & Submission (DPRS),Registrar,crawl,Yale,https://registrar.yale.edu/student-records/dissertations
Dissertation Progress Reporting FAQs,Registrar,crawl,Yale,https://registrar.yale.edu/student-records/dissertations
Dissertation Completion Status,Registrar,crawl,Yale,https://registrar.yale.edu/student-records/dissertations
Dissertation Submission Video,Registrar,crawl,Yale,https://registrar.yale.edu/student-records/dissertations
NOR Submission Instructional Video,Registrar,crawl,Yale,https://registrar.yale.edu/student-records/dissertations
LaTeX Templates : Yale Sample Thesis Template on Overleaf GitHub Repository by jopetty GitHub Repository by acerjan,Registrar,crawl,Yale,https://registrar.yale.edu/student-records/dissertations
Yale Sample Thesis Template on Overleaf,Registrar,crawl,Yale,https://registrar.yale.edu/student-records/dissertations
GitHub Repository by jopetty,Registrar,crawl,Yale,https://registrar.yale.edu/student-records/dissertations
GitHub Repository by acerjan,Registrar,crawl,Yale,https://registrar.yale.edu/student-records/dissertations
Overleaf at Yale : Yale provides Overleaf Professional features for all students Access through Yale’s Overleaf Portal,Registrar,crawl,Yale,https://registrar.yale.edu/student-records/dissertations
Yale provides Overleaf Professional features for all students,Registrar,crawl,Yale,https://registrar.yale.edu/student-records/dissertations
Access through Yale’s Overleaf Portal,Registrar,crawl,Yale,https://registrar.yale.edu/student-records/dissertations
Yale Graduate Writing Lab : Individual consultations Peer-review groups Writing resources and tutorials,Registrar,crawl,Yale,https://registrar.yale.edu/student-records/dissertations
Writing resources and tutorials,Registrar,crawl,Yale,https://registrar.yale.edu/student-records/dissertations
Dissertation Submission Questions : dissertationreaders@yale.edu,Registrar,crawl,Yale,https://registrar.yale.edu/student-records/dissertations
Embargo Requests : dissertations@yale.edu,Registrar,crawl,Yale,https://registrar.yale.edu/student-records/dissertations
Department-Specific Questions : Contact your departmental registrar,Registrar,crawl,Yale,https://registrar.yale.edu/student-records/dissertations
Interfolio Questions : careerstrategy@yale.edu,Registrar,crawl,Yale,https://registrar.yale.edu/student-records/dissertations
"Once admitted to candidacy by their department, students must complete a Dissertation Progress Report (DPR) on April 1 of each year until they submit their completed dissertation.",Registrar,crawl,Yale,https://registrar.yale.edu/student-records/dissertations
Once admitted to candidacy students are provided information to access the DPR system. An annual Dissertation Progress Report is due every April 1 until a complete dissertation is submitted.,Registrar,crawl,Yale,https://registrar.yale.edu/student-records/dissertations
The Dissertation Progress Report is a tool that is used to track your progress from the time you are admitted to candidacy until you submit your dissertation.,Registrar,crawl,Yale,https://registrar.yale.edu/student-records/dissertations
You can email your adviser or your department registrar and request they return your DPR to you for modifications.,Registrar,crawl,Yale,https://registrar.yale.edu/student-records/dissertations
You will receive an email notification upon approval of you DPR.,Registrar,crawl,Yale,https://registrar.yale.edu/student-records/dissertations
Graduate Degree Petitions,Registrar,crawl,Yale,https://registrar.yale.edu/student-records/graduate-degree-petitions
Important Deadlines,Registrar,crawl,Yale,https://registrar.yale.edu/student-records/graduate-degree-petitions
December Degrees : Petition due by September 1,Registrar,crawl,Yale,https://registrar.yale.edu/student-records/graduate-degree-petitions
May Degrees : Petition due by February 15,Registrar,crawl,Yale,https://registrar.yale.edu/student-records/graduate-degree-petitions
Complete the Degree Petition form .,Registrar,crawl,Yale,https://registrar.yale.edu/student-records/graduate-degree-petitions
Submit the form to your Department Registrar by the designated deadline.,Registrar,crawl,Yale,https://registrar.yale.edu/student-records/graduate-degree-petitions
Ensure all degree requirements will be met by the conferral date.,Registrar,crawl,Yale,https://registrar.yale.edu/student-records/graduate-degree-petitions
Students in the Graduate School of Arts and Sciences must submit a Degree Petition form to their Department Registrar to be considered for degree conferral.,Registrar,crawl,Yale,https://registrar.yale.edu/student-records/graduate-degree-petitions
You may submit petitions while still completing required coursework only during the spring term.,Registrar,crawl,Yale,https://registrar.yale.edu/student-records/graduate-degree-petitions
Contact Information,Registrar,crawl,Yale,https://registrar.yale.edu/student-records/how-to-change-personal-and-emergency-contact-information-university-directory
"Note that if a student does not wish for their information to appear in any University directories, they should consult the University Statement on Disclosure of Directory Information and submit a request to withhold directory information.",Registrar,crawl,Yale,https://registrar.yale.edu/student-records/how-to-change-personal-and-emergency-contact-information-university-directory
"Every student should have a billing, mailing, and permanent address on record – even if they are all the same address.",Registrar,crawl,Yale,https://registrar.yale.edu/student-records/how-to-change-personal-and-emergency-contact-information-university-directory
Existing address blocks can be edited by clicking the blue Edit button at the bottom of the address block.,Registrar,crawl,Yale,https://registrar.yale.edu/student-records/how-to-change-personal-and-emergency-contact-information-university-directory
"In the Address Maintenance window select the address type from the drop-down menu. If you aren’t sure what the address categories mean, refer to the note at the top of the My Addresses page.",Registrar,crawl,Yale,https://registrar.yale.edu/student-records/how-to-change-personal-and-emergency-contact-information-university-directory
"If you aren’t sure what the address categories mean, refer to the note at the top of the My Addresses page.",Registrar,crawl,Yale,https://registrar.yale.edu/student-records/how-to-change-personal-and-emergency-contact-information-university-directory
"Enter the “Valid From” date. If moving to an off-campus location, or from one location off-campus to another, enter a date after the lease begins or the move-in date.",Registrar,crawl,Yale,https://registrar.yale.edu/student-records/how-to-change-personal-and-emergency-contact-information-university-directory
"If moving to an off-campus location, or from one location off-campus to another, enter a date after the lease begins or the move-in date.",Registrar,crawl,Yale,https://registrar.yale.edu/student-records/how-to-change-personal-and-emergency-contact-information-university-directory
"The “Copy Address From” option allows you to populate the address fields from information already in another address block (for instance, if the Diploma Mailing Address will be the same as the Permanent Address .",Registrar,crawl,Yale,https://registrar.yale.edu/student-records/how-to-change-personal-and-emergency-contact-information-university-directory
"After adding or editing address information, click the blue Save button in the Address Maintenance window.",Registrar,crawl,Yale,https://registrar.yale.edu/student-records/how-to-change-personal-and-emergency-contact-information-university-directory
Note: Guardian/parent physical addresses and phone numbers are entered in the Update Emergency Contacts tool.,Registrar,crawl,Yale,https://registrar.yale.edu/student-records/how-to-change-personal-and-emergency-contact-information-university-directory
"Under Emergency Contacts , review the existing information and either Edit or add New Contact information.",Registrar,crawl,Yale,https://registrar.yale.edu/student-records/how-to-change-personal-and-emergency-contact-information-university-directory
"Add your own personal contact information in case we need to reach you in an emergency. In the Relationship field, select “Self.” Enter your name in the First Name and Last Name fields. In the Phone Type field, select “Cell.” Complete the Area and Phone Number fields without dashes or spaces.",Registrar,crawl,Yale,https://registrar.yale.edu/student-records/how-to-change-personal-and-emergency-contact-information-university-directory
"In the Relationship field, select “Self.” Enter your name in the First Name and Last Name fields.",Registrar,crawl,Yale,https://registrar.yale.edu/student-records/how-to-change-personal-and-emergency-contact-information-university-directory
"In the Phone Type field, select “Cell.” Complete the Area and Phone Number fields without dashes or spaces.",Registrar,crawl,Yale,https://registrar.yale.edu/student-records/how-to-change-personal-and-emergency-contact-information-university-directory
"Students should include contact information for at least one parent/guardian, grandparent, sibling, spouse, or other close friend or relative. This information will only be used in an emergency and/or if you cannot be reached.",Registrar,crawl,Yale,https://registrar.yale.edu/student-records/how-to-change-personal-and-emergency-contact-information-university-directory
Add another “New Contact” to add contact information for any other preferred contact in the event of an emergency or if you cannot be reached; there is not a limit to the number of contacts who can be added.,Registrar,crawl,Yale,https://registrar.yale.edu/student-records/how-to-change-personal-and-emergency-contact-information-university-directory
"Toward the bottom of the screen, use the drop-down menu to select the primary person who should be contacted in the event of an emergency.",Registrar,crawl,Yale,https://registrar.yale.edu/student-records/how-to-change-personal-and-emergency-contact-information-university-directory
Click “Submit Changes” at the bottom of the screen to save your information.,Registrar,crawl,Yale,https://registrar.yale.edu/student-records/how-to-change-personal-and-emergency-contact-information-university-directory
Note: Family contacts may differ from emergency contact designees. Including family contact here does not necessarily mean they will be contacted in case of emergency.,Registrar,crawl,Yale,https://registrar.yale.edu/student-records/how-to-change-personal-and-emergency-contact-information-university-directory
"Students may have local, permanent, and or mailing addresses that differ from one another.",Registrar,crawl,Yale,https://registrar.yale.edu/student-records/how-to-change-personal-and-emergency-contact-information-university-directory
Note that there is no direct delivery to Yale buildings such as residential colleges and other student housing. Do not list dorm rooms in this section.,Registrar,crawl,Yale,https://registrar.yale.edu/student-records/how-to-change-personal-and-emergency-contact-information-university-directory
Once in the My Addresses page you can either edit existing information appearing in the address fields at the bottom of the screen or use the blue Add New button to add an address type (the address type options are explained in the notes at the top of the page).,Registrar,crawl,Yale,https://registrar.yale.edu/student-records/how-to-change-personal-and-emergency-contact-information-university-directory
Students have a right (per FERPA) to request to withhold information from directories.,Registrar,crawl,Yale,https://registrar.yale.edu/student-records/how-to-change-personal-and-emergency-contact-information-university-directory
Students are expected to review and update (if applicable) their student record data every term.,Registrar,crawl,Yale,https://registrar.yale.edu/student-records/how-to-change-personal-and-emergency-contact-information-university-directory
"If you have not yet designated an emergency contact, select Edit to insert contact information.",Registrar,crawl,Yale,https://registrar.yale.edu/student-records/how-to-change-personal-and-emergency-contact-information-university-directory
All Guides for Faculty & Staff,Registrar,crawl,Yale,https://registrar.yale.edu/faculty-staff
About Departmental Course Attributes,Registrar,crawl,Yale,https://registrar.yale.edu/faculty-staff
About Yale Course Search,Registrar,crawl,Yale,https://registrar.yale.edu/faculty-staff
Academic Calendars,Registrar,crawl,Yale,https://registrar.yale.edu/faculty-staff
Academic Department Support,Registrar,crawl,Yale,https://registrar.yale.edu/faculty-staff
Catalog Term and Curriculum Year: A Guide to Understanding,Registrar,crawl,Yale,https://registrar.yale.edu/faculty-staff
Classroom Scheduling for Faculty & Staff,Registrar,crawl,Yale,https://registrar.yale.edu/faculty-staff
Course Proposal: How to Submit for Yale College,Registrar,crawl,Yale,https://registrar.yale.edu/faculty-staff
CourseLeaf CIM Instructions,Registrar,crawl,Yale,https://registrar.yale.edu/faculty-staff
CourseLeaf Deadlines,Registrar,crawl,Yale,https://registrar.yale.edu/faculty-staff
CourseLeaf WEN: Adding Registration Restrictions,Registrar,crawl,Yale,https://registrar.yale.edu/faculty-staff
CourseLeaf: Approving a Course Proposal in Workflow,Registrar,crawl,Yale,https://registrar.yale.edu/faculty-staff
Credit/D/Fail Grade Mode for Yale College Students,Registrar,crawl,Yale,https://registrar.yale.edu/faculty-staff
Degree Audit Exceptions for University Staff,Registrar,crawl,Yale,https://registrar.yale.edu/faculty-staff
Dropping a Class from Registration Worksheet (Yale College),Registrar,crawl,Yale,https://registrar.yale.edu/faculty-staff
"DUS, DGS, and Admin/Registrar Roles in Curriculum Management",Registrar,crawl,Yale,https://registrar.yale.edu/faculty-staff
Entering Exceptions in Yale Degree Audit - for University Staff,Registrar,crawl,Yale,https://registrar.yale.edu/faculty-staff
How Graduate Students Request Instructor Permission (GSAS),Registrar,crawl,Yale,https://registrar.yale.edu/faculty-staff
How Interdisciplinary Certificates are Created,Registrar,crawl,Yale,https://registrar.yale.edu/faculty-staff
How to Audit Yale College Courses (GSAS),Registrar,crawl,Yale,https://registrar.yale.edu/faculty-staff
How to Change Grade Mode from Registered to Audit (GSAS),Registrar,crawl,Yale,https://registrar.yale.edu/faculty-staff
How to Change Personal and Emergency Contact Information & University Directory Preferences,Registrar,crawl,Yale,https://registrar.yale.edu/faculty-staff
How to Create a Course Waitlist,Registrar,crawl,Yale,https://registrar.yale.edu/faculty-staff
How to Edit Degree-Granting Pages in the Graduate School of Arts & Sciences Bulletin,Registrar,crawl,Yale,https://registrar.yale.edu/faculty-staff
How to Edit Yale College Programs of Study,Registrar,crawl,Yale,https://registrar.yale.edu/faculty-staff
How to Submit an Individual Study Course Request Form (GSAS),Registrar,crawl,Yale,https://registrar.yale.edu/faculty-staff
How Yale College Students Register for Classes,Registrar,crawl,Yale,https://registrar.yale.edu/faculty-staff
How Yale College Students Register for Graduate & Professional School Courses,Registrar,crawl,Yale,https://registrar.yale.edu/faculty-staff
Instructor Permission Requests: How to Approve or Deny,Registrar,crawl,Yale,https://registrar.yale.edu/faculty-staff
Major Roadmaps Library,Registrar,crawl,Yale,https://registrar.yale.edu/faculty-staff
Search for Courses in Yale Course Search,Registrar,crawl,Yale,https://registrar.yale.edu/faculty-staff
Searching with Course Attributes,Registrar,crawl,Yale,https://registrar.yale.edu/faculty-staff
Understanding and Using Registration & Canvas Worksheets,Registrar,crawl,Yale,https://registrar.yale.edu/faculty-staff
Using Degree Audit as an Adviser,Registrar,crawl,Yale,https://registrar.yale.edu/faculty-staff
Video Tutorials for Faculty & Staff,Registrar,crawl,Yale,https://registrar.yale.edu/faculty-staff
Yale College Courses that Require Instructor Permission,Registrar,crawl,Yale,https://registrar.yale.edu/faculty-staff
"For a complete list of Academic Systems managed by the University Registrar’s Office with links to the systems and FAQs, see the Academic Systems jump page.",Registrar,crawl,Yale,https://registrar.yale.edu/faculty-staff
The Family Educational Right& Privacy Act | FERPA,Registrar,crawl,Yale,https://registrar.yale.edu/faculty-staff
The Family Educational Rights & Privacy Act | FERPA,Registrar,crawl,Yale,https://registrar.yale.edu/faculty-staff
Topics Out-of-Scope,Registrar,crawl,Yale,https://registrar.yale.edu/faculty-staff/academic-department-support
Department Administrator’s Toolkit,Registrar,crawl,Yale,https://registrar.yale.edu/faculty-staff/academic-department-support
Registrar’s Office Handbook for Departmental Academic Administrative Support,Registrar,crawl,Yale,https://registrar.yale.edu/faculty-staff/academic-department-support
Handbook for Directors of Undergraduate Studies in Yale College,Registrar,crawl,Yale,https://registrar.yale.edu/faculty-staff/academic-department-support
Yale College and Graduate School of Arts & Sciences Academic Policies and Procedures,Registrar,crawl,Yale,https://registrar.yale.edu/faculty-staff/academic-department-support
URO Systems* CourseLeaf Yale Course Search Degree Audit 25 Live ApplicationXtender Faculty Student Advising (FSA) Faculty Grade Submission (FGS) Dissertation Progress Reporting and Submission (DPRS) Student Profile,Registrar,crawl,Yale,https://registrar.yale.edu/faculty-staff/academic-department-support
Faculty Student Advising (FSA),Registrar,crawl,Yale,https://registrar.yale.edu/faculty-staff/academic-department-support
Faculty Grade Submission (FGS),Registrar,crawl,Yale,https://registrar.yale.edu/faculty-staff/academic-department-support
Dissertation Progress Reporting and Submission (DPRS),Registrar,crawl,Yale,https://registrar.yale.edu/faculty-staff/academic-department-support
Non-URO systems. Examples: Teaching Fellow System Slate Canvas JasperSoft/Argos,Registrar,crawl,Yale,https://registrar.yale.edu/faculty-staff/academic-department-support
Department-Specific Policies,Registrar,crawl,Yale,https://registrar.yale.edu/faculty-staff/academic-department-support
Department-Specific Deadlines,Registrar,crawl,Yale,https://registrar.yale.edu/faculty-staff/academic-department-support
Talks/Rotations/Exam Proctoring,Registrar,crawl,Yale,https://registrar.yale.edu/faculty-staff/academic-department-support
Website Maintenance and Other Publications,Registrar,crawl,Yale,https://registrar.yale.edu/faculty-staff/academic-department-support
Department Administrator's Handbook,Registrar,crawl,Yale,https://registrar.yale.edu/faculty-staff/academic-department-support
Director of Undergraduate Studies Handbook,Registrar,crawl,Yale,https://registrar.yale.edu/faculty-staff/academic-department-support
Instructors of Undergraduates Handbook,Registrar,crawl,Yale,https://registrar.yale.edu/faculty-staff/academic-department-support
New/Change of Administrative Staff Notice,Registrar,crawl,Yale,https://registrar.yale.edu/faculty-staff/academic-department-support
CourseLeaf Guides (CAT/CIM/WEN),Registrar,crawl,Yale,https://registrar.yale.edu/faculty-staff/academic-department-support
When there is an administrative staff change please submit the Change of Administrative Staff Notification form. The form will go to the University Registrar’s Office.,Registrar,crawl,Yale,https://registrar.yale.edu/faculty-staff/academic-department-support
"The ASCs are the main point of contact between DUS/DGS Assistants and the URO. The ASCs distribute an email guide three times a year, notifying departments of upcoming academic deadlines and providing instructions and resources. The ASCs also host workshops and training sessions specifically and exclusively for DUS/DGS Assistants.",Registrar,crawl,Yale,https://registrar.yale.edu/faculty-staff/academic-department-support
"The ASCs help to onboard new DUS/DGS Assistants on the use of URO academic systems, advise DUS/DGS Assistants on best practices, and support projects and operations within the URO. Academic departments are responsible for training their administrative assistants on the full scope of their work.",Registrar,crawl,Yale,https://registrar.yale.edu/faculty-staff/academic-department-support
"When a new DUS/DGS Assistant begins working in a department, contact the ASC team for an evaluation of the onboarding need by submitting a Change of Administrative Staff Notification.",Registrar,crawl,Yale,https://registrar.yale.edu/faculty-staff/academic-department-support
"The ASCs and University Registrar’s Office do not train on “how to be a registrar” nor do they provide training or support for Operation Managers within academic departments. Onboarding is provided at the discretion of the URO, is based on availability of staff, the time of year, and the URO assessment of the onboarding needs. Eligibility for onboarding includes: (1) one person per department, per academic year; (2) C&T grade D or E, and job title of Departmental Registrar or Administrative Assistant to the DUS or DGS; and (3) started in the position within 30 days.",Registrar,crawl,Yale,https://registrar.yale.edu/faculty-staff/academic-department-support
ApplicationXtender,Registrar,crawl,Yale,https://registrar.yale.edu/faculty-staff/academic-systems-jump-page
Classroom Requests (25Live),Registrar,crawl,Yale,https://registrar.yale.edu/faculty-staff/academic-systems-jump-page
Faculty Class Rosters/Grade Submission (FGS),Registrar,crawl,Yale,https://registrar.yale.edu/faculty-staff/academic-systems-jump-page
Faculty/Student Advising (FSA),Registrar,crawl,Yale,https://registrar.yale.edu/faculty-staff/academic-systems-jump-page
Notification of Readers (NOR),Registrar,crawl,Yale,https://registrar.yale.edu/faculty-staff/academic-systems-jump-page
Online Course Evaluations (OCE),Registrar,crawl,Yale,https://registrar.yale.edu/faculty-staff/academic-systems-jump-page
Student Profile Advising System,Registrar,crawl,Yale,https://registrar.yale.edu/faculty-staff/academic-systems-jump-page
Teaching Fellows System (TFS)*,Registrar,crawl,Yale,https://registrar.yale.edu/faculty-staff/academic-systems-jump-page
Academic Systems Refresh Rates,Registrar,crawl,Yale,https://registrar.yale.edu/faculty-staff/academic-systems-jump-page
AppX assistance: registrar@yale.edu,Registrar,crawl,Yale,https://registrar.yale.edu/faculty-staff/academic-systems-jump-page
"About Argos (training, user guides, etc)",Registrar,crawl,Yale,https://registrar.yale.edu/faculty-staff/academic-systems-jump-page
See also Banner Support for Staff,Registrar,crawl,Yale,https://registrar.yale.edu/faculty-staff/academic-systems-jump-page
Canvas assistance canvas@yale.edu,Registrar,crawl,Yale,https://registrar.yale.edu/faculty-staff/academic-systems-jump-page
Classroom assistance: classrooms@yale.edu,Registrar,crawl,Yale,https://registrar.yale.edu/faculty-staff/academic-systems-jump-page
"CAT : bulletin production and updates for Yale College Programs of Study, GSAS Programs & Policies and several professional schools",Registrar,crawl,Yale,https://registrar.yale.edu/faculty-staff/academic-systems-jump-page
Approval page : for courses and bullet pages awaiting approval,Registrar,crawl,Yale,https://registrar.yale.edu/faculty-staff/academic-systems-jump-page
"CIM : Course Inventory Management: new course proposals, course edits",Registrar,crawl,Yale,https://registrar.yale.edu/faculty-staff/academic-systems-jump-page
WEN : course offering and and scheduling and classrooms if applicable,Registrar,crawl,Yale,https://registrar.yale.edu/faculty-staff/academic-systems-jump-page
CourseLeaf assistance: courseleaf@yale.edu,Registrar,crawl,Yale,https://registrar.yale.edu/faculty-staff/academic-systems-jump-page
Yale Course Search (YCS): search course offerings,Registrar,crawl,Yale,https://registrar.yale.edu/faculty-staff/academic-systems-jump-page
Basic Features of the Degree Audit,Registrar,crawl,Yale,https://registrar.yale.edu/faculty-staff/academic-systems-jump-page
Degree Audit assistance: registrar@yale.edu,Registrar,crawl,Yale,https://registrar.yale.edu/faculty-staff/academic-systems-jump-page
Dissertation Progress Report ing and Submission (DPRS),Registrar,crawl,Yale,https://registrar.yale.edu/faculty-staff/academic-systems-jump-page
Dissertation Submission information for students,Registrar,crawl,Yale,https://registrar.yale.edu/faculty-staff/academic-systems-jump-page
DPRS assistance: degrees.gsas@yale.edu,Registrar,crawl,Yale,https://registrar.yale.edu/faculty-staff/academic-systems-jump-page
About Grade Submission (FGS),Registrar,crawl,Yale,https://registrar.yale.edu/faculty-staff/academic-systems-jump-page
FGS assistance: registrar@yale.edu,Registrar,crawl,Yale,https://registrar.yale.edu/faculty-staff/academic-systems-jump-page
FSA assistance: registrar@yale.edu,Registrar,crawl,Yale,https://registrar.yale.edu/faculty-staff/academic-systems-jump-page
NOR assistance: dissertationreaders@yale.edu,Registrar,crawl,Yale,https://registrar.yale.edu/faculty-staff/academic-systems-jump-page
Dashboard and Tac Report User Guide,Registrar,crawl,Yale,https://registrar.yale.edu/faculty-staff/academic-systems-jump-page
OCE assistance: evaluate@yale.edu,Registrar,crawl,Yale,https://registrar.yale.edu/faculty-staff/academic-systems-jump-page
Directors of Undergraduate Studies Handbook,Registrar,crawl,Yale,https://registrar.yale.edu/faculty-staff/academic-systems-jump-page
Graduate School of Arts and Sciences Programs and Policies,Registrar,crawl,Yale,https://registrar.yale.edu/faculty-staff/academic-systems-jump-page
Handbook for Instructors of Undergraduates in Yale College,Registrar,crawl,Yale,https://registrar.yale.edu/faculty-staff/academic-systems-jump-page
Slate assistance: graduateschool.admissions@yale.edu,Registrar,crawl,Yale,https://registrar.yale.edu/faculty-staff/academic-systems-jump-page
Navigating the Student Profile,Registrar,crawl,Yale,https://registrar.yale.edu/faculty-staff/academic-systems-jump-page
Student Profile assistance: registrar@yale.edu,Registrar,crawl,Yale,https://registrar.yale.edu/faculty-staff/academic-systems-jump-page
TFS assistance: teaching.fellows@yale.edu,Registrar,crawl,Yale,https://registrar.yale.edu/faculty-staff/academic-systems-jump-page
The systems managed by the University Registrar’s Office and associated offices refresh with updated information at different times. See the chart listing the refresh rates.,Registrar,crawl,Yale,https://registrar.yale.edu/faculty-staff/academic-systems-jump-page
Student progress toward degree requirements for Yale College and the Graduate School of Arts & Sciences,Registrar,crawl,Yale,https://registrar.yale.edu/faculty-staff/academic-systems-jump-page
The systems managed by the University Registrar’s Office and associated offices refresh with updated information at different times. Below is a chart listing the refresh rates.,Registrar,crawl,Yale,https://registrar.yale.edu/faculty-staff/academic-systems-jump-page
Guides for Advisers,Registrar,crawl,Yale,https://registrar.yale.edu/faculty-staff/advising-students
"The Yale College Dean’s Office Advising website provides a wealth of advising resources and tools for undergraduate students, while the Graduate School of Arts & Sciences offers mentorship and guidance for graduate students on their intellectual journey. Refer to the Dean’s Offices websites for a comprehensive source of advising information and events.",Registrar,crawl,Yale,https://registrar.yale.edu/faculty-staff/advising-students
The Yale University Registrar’s Office maintains student records and systems which can facilitate the advising of students by faculty and staff.,Registrar,crawl,Yale,https://registrar.yale.edu/faculty-staff/advising-students
The University Registrar’s Office maintains the Student Profile Advising System.,Registrar,crawl,Yale,https://registrar.yale.edu/faculty-staff/advising-students
"Student Profile includes the current term course schedules, as well as prior education, test scores, advisers, residential college (when applicable), class year, school, major(s) and concentration(s). For Yale College and the Graduate School of Arts & Sciences the adviser sync process assigns advisers to students based on their role and the student’s curriculum or residential college.",Registrar,crawl,Yale,https://registrar.yale.edu/faculty-staff/advising-students
The Graduate School of Arts & Sciences,Registrar,crawl,Yale,https://registrar.yale.edu/faculty-staff/credit-bearing-certificates
Professional Schools,Registrar,crawl,Yale,https://registrar.yale.edu/faculty-staff/credit-bearing-certificates
For more detailed information on the creation of Interdisciplinary Certificates see Interdisciplinary Certificates in the Handbook for Instructors of Undergraduates in Yale College . See also How Certificate Programs are Created .,Registrar,crawl,Yale,https://registrar.yale.edu/faculty-staff/credit-bearing-certificates
"For a complete list of existing certificates, see Certificates in Yale College .",Registrar,crawl,Yale,https://registrar.yale.edu/faculty-staff/credit-bearing-certificates
The various professional schools have different programs. Contact your school registrar or review the yearly bulletin for more information.,Registrar,crawl,Yale,https://registrar.yale.edu/faculty-staff/credit-bearing-certificates
Course Evaluations,Registrar,crawl,Yale,https://registrar.yale.edu/faculty-staff/course-evaluations-for-faculty
2025-2026 FAS Schedule for Online Course Evaluations,Registrar,crawl,Yale,https://registrar.yale.edu/faculty-staff/course-evaluations-for-faculty
Spring-term courses,Registrar,crawl,Yale,https://registrar.yale.edu/faculty-staff/course-evaluations-for-faculty
Key Features & Benefits,Registrar,crawl,Yale,https://registrar.yale.edu/faculty-staff/course-evaluations-for-faculty
Teaching Development,Registrar,crawl,Yale,https://registrar.yale.edu/faculty-staff/course-evaluations-for-faculty
OCE FAQs for YC and GSAS Faculty,Registrar,crawl,Yale,https://registrar.yale.edu/faculty-staff/course-evaluations-for-faculty
What are the questions on the evaluation?,Registrar,crawl,Yale,https://registrar.yale.edu/faculty-staff/course-evaluations-for-faculty
How and when do I create a custom question for my course evaluation?,Registrar,crawl,Yale,https://registrar.yale.edu/faculty-staff/course-evaluations-for-faculty
Can teaching assistants create a custom question?,Registrar,crawl,Yale,https://registrar.yale.edu/faculty-staff/course-evaluations-for-faculty
Can I edit or delete my question after I have entered it?,Registrar,crawl,Yale,https://registrar.yale.edu/faculty-staff/course-evaluations-for-faculty
Where will my question appear on the course evaluation?,Registrar,crawl,Yale,https://registrar.yale.edu/faculty-staff/course-evaluations-for-faculty
Is there a limit to the length of the custom question?,Registrar,crawl,Yale,https://registrar.yale.edu/faculty-staff/course-evaluations-for-faculty
"If I am teaching a course with a colleague, can we both submit a custom question for the course?",Registrar,crawl,Yale,https://registrar.yale.edu/faculty-staff/course-evaluations-for-faculty
Why would a Yale College course that I am teaching not appear on my pull-down list?,Registrar,crawl,Yale,https://registrar.yale.edu/faculty-staff/course-evaluations-for-faculty
Which of the courses that I teach participate in the evaluation?,Registrar,crawl,Yale,https://registrar.yale.edu/faculty-staff/course-evaluations-for-faculty
I have always used a paper form of my own design. Can I continue to use it?,Registrar,crawl,Yale,https://registrar.yale.edu/faculty-staff/course-evaluations-for-faculty
How and when can I expect to see the results of the evaluation?,Registrar,crawl,Yale,https://registrar.yale.edu/faculty-staff/course-evaluations-for-faculty
Will my teaching fellow(s) be evaluated?,Registrar,crawl,Yale,https://registrar.yale.edu/faculty-staff/course-evaluations-for-faculty
How many years of evaluation data can I view?,Registrar,crawl,Yale,https://registrar.yale.edu/faculty-staff/course-evaluations-for-faculty
How do I print my evaluations in the Faculty Viewer?,Registrar,crawl,Yale,https://registrar.yale.edu/faculty-staff/course-evaluations-for-faculty
How do I print my evaluations in the Faculty Dashboard?,Registrar,crawl,Yale,https://registrar.yale.edu/faculty-staff/course-evaluations-for-faculty
Whom should I contact for help with this program?,Registrar,crawl,Yale,https://registrar.yale.edu/faculty-staff/course-evaluations-for-faculty
How do I select a course within the Faculty Dashboard?,Registrar,crawl,Yale,https://registrar.yale.edu/faculty-staff/course-evaluations-for-faculty
How do I view question answers within the Faculty Dashboard?,Registrar,crawl,Yale,https://registrar.yale.edu/faculty-staff/course-evaluations-for-faculty
How do I view Respondent answers within the Faculty Dashboard?,Registrar,crawl,Yale,https://registrar.yale.edu/faculty-staff/course-evaluations-for-faculty
What changes were made to evaluations for Spring 2020?,Registrar,crawl,Yale,https://registrar.yale.edu/faculty-staff/course-evaluations-for-faculty
Yale College courses with a minimum enrollment of 5 or more students are eligible for evaluation. Graduate School of Arts & Sciences courses with a minimum enrollment of 4 or more students will be eligible for online evaluation.,Registrar,crawl,Yale,https://registrar.yale.edu/faculty-staff/course-evaluations-for-faculty
Yale includes twelve standardized questions for each student to answer for every course enrolled.,Registrar,crawl,Yale,https://registrar.yale.edu/faculty-staff/course-evaluations-for-faculty
Partial numbers (such as 95 of 954),Registrar,crawl,Yale,https://registrar.yale.edu/faculty-staff/course-evaluations-for-faculty
9_4 (any number combination),Registrar,crawl,Yale,https://registrar.yale.edu/faculty-staff/course-evaluations-for-faculty
"What knowledge, skills, and insights did you develop by taking this course?",Registrar,crawl,Yale,https://registrar.yale.edu/faculty-staff/course-evaluations-for-faculty
"For the period on campus before remote learning, what actions did you take that helped your learning in this course?",Registrar,crawl,Yale,https://registrar.yale.edu/faculty-staff/course-evaluations-for-faculty
"For the period of remote learning, what actions did you take that helped your learning in this course?",Registrar,crawl,Yale,https://registrar.yale.edu/faculty-staff/course-evaluations-for-faculty
"For the period on campus before remote learning, in what ways was [NAME] effective as an instructor and in what ways could the teaching be improved?",Registrar,crawl,Yale,https://registrar.yale.edu/faculty-staff/course-evaluations-for-faculty
"For the period of remote learning, what strategies did your instructor use that were helpful?",Registrar,crawl,Yale,https://registrar.yale.edu/faculty-staff/course-evaluations-for-faculty
"For the period on campus before remote instruction, in what ways was [GRADUATE STUDENT] effective as a teaching assistant and in what ways could the teaching be improved?",Registrar,crawl,Yale,https://registrar.yale.edu/faculty-staff/course-evaluations-for-faculty
"For the period of remote learning, what strategies did your teaching assistant use that were helpful?",Registrar,crawl,Yale,https://registrar.yale.edu/faculty-staff/course-evaluations-for-faculty
The Online Course Evaluations system plays a central role in Yale’s commitment to ensure that teaching practices continuously evolve to meet student needs while maintaining Yale’s standards of academic excellence.,Registrar,crawl,Yale,https://registrar.yale.edu/faculty-staff/course-evaluations-for-faculty
Please note that evaluation responses to questions 1-9 may be made available to students.,Registrar,crawl,Yale,https://registrar.yale.edu/faculty-staff/course-evaluations-for-faculty
"1. What knowledge, skills, and insights did you develop by taking this course?",Registrar,crawl,Yale,https://registrar.yale.edu/faculty-staff/course-evaluations-for-faculty
3. What are the strengths and weaknesses of this course and how could it be improved?,Registrar,crawl,Yale,https://registrar.yale.edu/faculty-staff/course-evaluations-for-faculty
4. What is your overall assessment of this course?,Registrar,crawl,Yale,https://registrar.yale.edu/faculty-staff/course-evaluations-for-faculty
9. Would you recommend this course to another student? Please explain.,Registrar,crawl,Yale,https://registrar.yale.edu/faculty-staff/course-evaluations-for-faculty
Please note that evaluation responses to questions 10-12 will not be made available to students.,Registrar,crawl,Yale,https://registrar.yale.edu/faculty-staff/course-evaluations-for-faculty
10. Summarize the strengths and weaknesses of the instructor. In what ways was their teaching effective and in what ways could their teaching be improved?,Registrar,crawl,Yale,https://registrar.yale.edu/faculty-staff/course-evaluations-for-faculty
11. Summarize the strengths and weaknesses of the Teaching Fellow. In what ways was their teaching effective and in what ways could their teaching be improved?,Registrar,crawl,Yale,https://registrar.yale.edu/faculty-staff/course-evaluations-for-faculty
12. What is your overall assessment of the Teaching Fellow?,Registrar,crawl,Yale,https://registrar.yale.edu/faculty-staff/course-evaluations-for-faculty
"If elected, the custom question will appear as the thirteenth question on the evaluation, after the twelve standard questions.",Registrar,crawl,Yale,https://registrar.yale.edu/faculty-staff/course-evaluations-for-faculty
"The online course evaluation includes two questions pertaining to teaching fellows; questions 11 and 12. All teaching fellows who are recorded as TFs in Banner for an eligible course will be able to view their completed evaluation responses online through the same web-based application used by the faculty, the OCE Faculty Dashboard . Teaching fellows can view evaluation responses to questions 1-9 as well as their individual evaluation responses from questions 11 and 12. Teaching fellows are restricted from viewing evaluation responses pertaining to the course instructor, question 10, and are also restricted from viewing evaluation responses pertaining to their associate teaching fellows for a course.",Registrar,crawl,Yale,https://registrar.yale.edu/faculty-staff/course-evaluations-for-faculty
"The OCE Chair viewer limits users to the past five years of evaluation data. However, faculty members can view all their evaluations without a time restriction.",Registrar,crawl,Yale,https://registrar.yale.edu/faculty-staff/course-evaluations-for-faculty
"Once logged in via Yale’s central authentication service (CAS), the faculty dashboard will default to the instructors’ courses and the current term. Course evaluations are searchable by term, instructor name and/or teaching fellow, subject and course number.",Registrar,crawl,Yale,https://registrar.yale.edu/faculty-staff/course-evaluations-for-faculty
Yale College and Graduate School of Arts and Sciences,Registrar,crawl,Yale,https://registrar.yale.edu/faculty-staff/course-proposals
How to Create a New Course Proposal,Registrar,crawl,Yale,https://registrar.yale.edu/faculty-staff/course-proposals
How to Revise Existing Course Record,Registrar,crawl,Yale,https://registrar.yale.edu/faculty-staff/course-proposals
Course Proposal Workflow,Registrar,crawl,Yale,https://registrar.yale.edu/faculty-staff/course-proposals
Select the school and the effective term from the dropdown options at the top of the form. The course proposal for the indicated school opens.,Registrar,crawl,Yale,https://registrar.yale.edu/faculty-staff/course-proposals
All fields outlined in red require information.,Registrar,crawl,Yale,https://registrar.yale.edu/faculty-staff/course-proposals
"Most fields are self-explanatory, but there are tips within the blue question marks next to the name of the information in question.",Registrar,crawl,Yale,https://registrar.yale.edu/faculty-staff/course-proposals
"Once the form has been completed, click “Start Workflow” at the bottom.",Registrar,crawl,Yale,https://registrar.yale.edu/faculty-staff/course-proposals
"Some changes require review by the Course of Study Committee; specifically, a format change (ex. seminar to lecture), a credit value change, or the addition of a graduate number or distributional designation.",Registrar,crawl,Yale,https://registrar.yale.edu/faculty-staff/course-proposals
Title and course description changes do not require CSC approval but they do go through workflow .,Registrar,crawl,Yale,https://registrar.yale.edu/faculty-staff/course-proposals
You can also click “Save Changes” and return later to complete the form. Remember the title so you can use the Search box at the CIM landing page.,Registrar,crawl,Yale,https://registrar.yale.edu/faculty-staff/course-proposals
"CourseLeaf: Course Management, Registration Guides & Publications",Registrar,crawl,Yale,https://registrar.yale.edu/faculty-staff/courseleaf-course-management-publications
Yale’s Curriculum Management System,Registrar,crawl,Yale,https://registrar.yale.edu/faculty-staff/courseleaf-course-management-publications
Course Management Guides,Registrar,crawl,Yale,https://registrar.yale.edu/faculty-staff/courseleaf-course-management-publications
Course Management Modules,Registrar,crawl,Yale,https://registrar.yale.edu/faculty-staff/courseleaf-course-management-publications
Publications Management Module,Registrar,crawl,Yale,https://registrar.yale.edu/faculty-staff/courseleaf-course-management-publications
The following publications are published in CourseLeaf:,Registrar,crawl,Yale,https://registrar.yale.edu/faculty-staff/courseleaf-course-management-publications
Course Proposals see also: Handbook: A Course from Beginning to End Handbook: Creating New Course Proposals,Registrar,crawl,Yale,https://registrar.yale.edu/faculty-staff/courseleaf-course-management-publications
Handbook: A Course from Beginning to End,Registrar,crawl,Yale,https://registrar.yale.edu/faculty-staff/courseleaf-course-management-publications
Handbook: Creating New Course Proposals,Registrar,crawl,Yale,https://registrar.yale.edu/faculty-staff/courseleaf-course-management-publications
Creating Discussion and Lab Sections,Registrar,crawl,Yale,https://registrar.yale.edu/faculty-staff/courseleaf-course-management-publications
About Departmental Attributes,Registrar,crawl,Yale,https://registrar.yale.edu/faculty-staff/courseleaf-course-management-publications
Adding or Removing Departmental Attributes (Guide),Registrar,crawl,Yale,https://registrar.yale.edu/faculty-staff/courseleaf-course-management-publications
Adding Departmental Attributes to Course Records in CIM (Video),Registrar,crawl,Yale,https://registrar.yale.edu/faculty-staff/courseleaf-course-management-publications
Handbook: Cross-Listing See also “ About Cross-Listing and Distributional Designations “,Registrar,crawl,Yale,https://registrar.yale.edu/faculty-staff/courseleaf-course-management-publications
See also “ About Cross-Listing and Distributional Designations “,Registrar,crawl,Yale,https://registrar.yale.edu/faculty-staff/courseleaf-course-management-publications
Handbook: Searching for Existing Course Proposals,Registrar,crawl,Yale,https://registrar.yale.edu/faculty-staff/courseleaf-course-management-publications
Handbook: Revising Existing Course Proposals,Registrar,crawl,Yale,https://registrar.yale.edu/faculty-staff/courseleaf-course-management-publications
Approving a Course in Workflow,Registrar,crawl,Yale,https://registrar.yale.edu/faculty-staff/courseleaf-course-management-publications
Handbook: Deactivating a Course,Registrar,crawl,Yale,https://registrar.yale.edu/faculty-staff/courseleaf-course-management-publications
Handbook: Setting up Course Offerings See also: Handbook “ Standard Meeting Patterns ”,Registrar,crawl,Yale,https://registrar.yale.edu/faculty-staff/courseleaf-course-management-publications
See also: Handbook “ Standard Meeting Patterns ”,Registrar,crawl,Yale,https://registrar.yale.edu/faculty-staff/courseleaf-course-management-publications
Adding Registration Restrictions,Registrar,crawl,Yale,https://registrar.yale.edu/faculty-staff/courseleaf-course-management-publications
Handbook: Setting up Waitlisting,Registrar,crawl,Yale,https://registrar.yale.edu/faculty-staff/courseleaf-course-management-publications
Handbook: Setting up & Canceling Laboratory & Discussion Sections,Registrar,crawl,Yale,https://registrar.yale.edu/faculty-staff/courseleaf-course-management-publications
Handbook: Canceling Offered Courses,Registrar,crawl,Yale,https://registrar.yale.edu/faculty-staff/courseleaf-course-management-publications
Removing extra HTBA section appearing in YCS,Registrar,crawl,Yale,https://registrar.yale.edu/faculty-staff/courseleaf-course-management-publications
Managing Enrollment for Your Course,Registrar,crawl,Yale,https://registrar.yale.edu/faculty-staff/courseleaf-course-management-publications
Reviewing Instructor Permission Requests,Registrar,crawl,Yale,https://registrar.yale.edu/faculty-staff/courseleaf-course-management-publications
GSAS Process: Individual Study Course Requests,Registrar,crawl,Yale,https://registrar.yale.edu/faculty-staff/courseleaf-course-management-publications
"The Course Inventory Management module provides access to the course records for all active courses for Yale College, GSAS, and several professional schools. It is where new course records are created and where existing course can be updated.",Registrar,crawl,Yale,https://registrar.yale.edu/faculty-staff/courseleaf-course-management-publications
"The CAT module is the primary editing tool for many Yale University bulletins and other academic publications. It provides content owners the opportunity to review their program descriptions and major requirements on a yearly basis. See our step-by-step guides for Yale College (YCPS) and the Graduate School Bulletin . For support, email Beth Baumgartel .",Registrar,crawl,Yale,https://registrar.yale.edu/faculty-staff/courseleaf-course-management-publications
Degree Audit Guides for Advisers & Staff:,Registrar,crawl,Yale,https://registrar.yale.edu/faculty-staff/using-degree-audit-as-an-adviser
How to Use Degree Audit & Understanding Blocks,Registrar,crawl,Yale,https://registrar.yale.edu/faculty-staff/using-degree-audit-as-an-adviser
Searching for Students,Registrar,crawl,Yale,https://registrar.yale.edu/faculty-staff/using-degree-audit-as-an-adviser
Information Blocks,Registrar,crawl,Yale,https://registrar.yale.edu/faculty-staff/using-degree-audit-as-an-adviser
Legend and Disclaimer,Registrar,crawl,Yale,https://registrar.yale.edu/faculty-staff/using-degree-audit-as-an-adviser
Save as PDF or Print,Registrar,crawl,Yale,https://registrar.yale.edu/faculty-staff/using-degree-audit-as-an-adviser
Degree Audit FAQs for Advisers,Registrar,crawl,Yale,https://registrar.yale.edu/faculty-staff/using-degree-audit-as-an-adviser
How do I run a “What If” audit?,Registrar,crawl,Yale,https://registrar.yale.edu/faculty-staff/using-degree-audit-as-an-adviser
"How do I get a list of all of a student’s courses, grades and credits?",Registrar,crawl,Yale,https://registrar.yale.edu/faculty-staff/using-degree-audit-as-an-adviser
Why aren’t I seeing a student that I should in my drop-down list?,Registrar,crawl,Yale,https://registrar.yale.edu/faculty-staff/using-degree-audit-as-an-adviser
Why aren’t the most recent updates made to the major/program curriculum requirements as posted in YCPS applying retroactively to students who have been declared majors?,Registrar,crawl,Yale,https://registrar.yale.edu/faculty-staff/using-degree-audit-as-an-adviser
"My question isn’t on this list, is there more information on Degree Audit available?",Registrar,crawl,Yale,https://registrar.yale.edu/faculty-staff/using-degree-audit-as-an-adviser
What is the contact if I need assistance with Degree Audit?,Registrar,crawl,Yale,https://registrar.yale.edu/faculty-staff/using-degree-audit-as-an-adviser
"Once logged in, please allow several seconds for Degree Audit to fully load.",Registrar,crawl,Yale,https://registrar.yale.edu/faculty-staff/using-degree-audit-as-an-adviser
Use the Select Student drop-down menu in the block to select from your list of advisees (this may take a moment longer to load than the Search block) or use Search (see below).,Registrar,crawl,Yale,https://registrar.yale.edu/faculty-staff/using-degree-audit-as-an-adviser
"The Worksheets tab shows the audit of a student’s degree progress. There are a series of “blocks” with information. The blocks may differ, depending on the level of the pursued degree.",Registrar,crawl,Yale,https://registrar.yale.edu/faculty-staff/using-degree-audit-as-an-adviser
You can sort the list by clicking any column header. The list of audits on the main screen will display in the order chosen here.,Registrar,crawl,Yale,https://registrar.yale.edu/faculty-staff/using-degree-audit-as-an-adviser
Uncheck boxes in the search results to exclude those students from the list of audits on the main screen.,Registrar,crawl,Yale,https://registrar.yale.edu/faculty-staff/using-degree-audit-as-an-adviser
"Degree Audit uses an effective term called catalog term to determine which requirements students must fulfill for their degree and program.; the catalog term shows just below the name of the major/program or other curricular election. The catalog term for the student’s degree is their first matriculated term. The catalog term for the student’s field of study (major, certificate, concentration) is the term in which this field is declared. See also: Catalog Term and Curriculum Year: A Guide to Understanding",Registrar,crawl,Yale,https://registrar.yale.edu/faculty-staff/using-degree-audit-as-an-adviser
The catalog term for the student’s degree is their first matriculated term.,Registrar,crawl,Yale,https://registrar.yale.edu/faculty-staff/using-degree-audit-as-an-adviser
"The catalog term for the student’s field of study (major, certificate, concentration) is the term in which this field is declared.",Registrar,crawl,Yale,https://registrar.yale.edu/faculty-staff/using-degree-audit-as-an-adviser
See also: Catalog Term and Curriculum Year: A Guide to Understanding,Registrar,crawl,Yale,https://registrar.yale.edu/faculty-staff/using-degree-audit-as-an-adviser
"Graduate School-Specific: The Milestones for the Ph.D. block will show if it applies to the selected student. The Language Proficiency block appears if the selected student has any language proficiency codes in Banner regardless of whether their program of study has a language requirement. If a student has met their language requirement and their Banner record has the G05 event code, the checkbox Language Requirement Completed checkbox will show in this block.",Registrar,crawl,Yale,https://registrar.yale.edu/faculty-staff/using-degree-audit-as-an-adviser
The Milestones for the Ph.D. block will show if it applies to the selected student.,Registrar,crawl,Yale,https://registrar.yale.edu/faculty-staff/using-degree-audit-as-an-adviser
"The Language Proficiency block appears if the selected student has any language proficiency codes in Banner regardless of whether their program of study has a language requirement. If a student has met their language requirement and their Banner record has the G05 event code, the checkbox Language Requirement Completed checkbox will show in this block.",Registrar,crawl,Yale,https://registrar.yale.edu/faculty-staff/using-degree-audit-as-an-adviser
"If a student has met their language requirement and their Banner record has the G05 event code, the checkbox Language Requirement Completed checkbox will show in this block.",Registrar,crawl,Yale,https://registrar.yale.edu/faculty-staff/using-degree-audit-as-an-adviser
"To add a note, click the three vertical dots above the student information block, then click the Notes option.",Registrar,crawl,Yale,https://registrar.yale.edu/faculty-staff/using-degree-audit-as-an-adviser
"Click Add a new note and you will see a box to enter your desired text. When finished, click the Save Note button.",Registrar,crawl,Yale,https://registrar.yale.edu/faculty-staff/using-degree-audit-as-an-adviser
https://degreeaudit.yale.edu/ and it may also be found among the resources listed here:,Registrar,crawl,Yale,https://registrar.yale.edu/faculty-staff/using-degree-audit-as-an-adviser
See the Using the What-If forecasting feature in Yale Degree Audit video,Registrar,crawl,Yale,https://registrar.yale.edu/faculty-staff/using-degree-audit-as-an-adviser
See the Class History section of this document.,Registrar,crawl,Yale,https://registrar.yale.edu/faculty-staff/using-degree-audit-as-an-adviser
"First, make sure they are still your advisee and have not declared or changed their major, then:",Registrar,crawl,Yale,https://registrar.yale.edu/faculty-staff/using-degree-audit-as-an-adviser
See guide to Catalog Term and Curriculum Year,Registrar,crawl,Yale,https://registrar.yale.edu/faculty-staff/using-degree-audit-as-an-adviser
"The Student Information block contains basic information, including student name, ID number, year, level of study, and major(s). If a student has a language placement, it will appear in this block. Advisers have a drop-down menu that allows them to select and view all advisees.",Registrar,crawl,Yale,https://registrar.yale.edu/faculty-staff/using-degree-audit-as-an-adviser
"The Degree block includes grade requirements and a summary of the other blocks in the audit. The degree block offers a quick snapshot of a student’s overall progress, including total number of course credits (including in-progress), status on distributional requirements, and status of major requirements.",Registrar,crawl,Yale,https://registrar.yale.edu/faculty-staff/using-degree-audit-as-an-adviser
"The Major or program of study block provides student progress on the specific major(s) or program (i.e. certificate, concentration) they are pursuing; this includes prerequisites, required courses, and electives.",Registrar,crawl,Yale,https://registrar.yale.edu/faculty-staff/using-degree-audit-as-an-adviser
"The Fallthrough block contains any courses that a student has taken that do not count towards a student’s major(s)/program of study. This can include courses in the major, but taken in excess of the total number of required major courses and audited courses. Although these courses do not count toward anything specific, they still appear on the student’s academic record as they count towards the total required credits.Courses from this section are sometimes later applied to the major block by exception.",Registrar,crawl,Yale,https://registrar.yale.edu/faculty-staff/using-degree-audit-as-an-adviser
"The Ineligible block includes courses in which the student enrolled but the courses are not eligible for credit toward the degree such as failed courses, withdrawals, ineligible repeats, etc.",Registrar,crawl,Yale,https://registrar.yale.edu/faculty-staff/using-degree-audit-as-an-adviser
The In-progress and Preregistered block displays courses that a student is currently taking or is registered for but that have not yet been completed or graded. This block is also used as confirmation for which courses a student is officially registered.,Registrar,crawl,Yale,https://registrar.yale.edu/faculty-staff/using-degree-audit-as-an-adviser
The Not Counted block includes items in the student’s academic record that do not count toward the degree.,Registrar,crawl,Yale,https://registrar.yale.edu/faculty-staff/using-degree-audit-as-an-adviser
"The Exceptions block, if any exist, will show a summary of exceptions that have been applied to the audit toward a student’s academic progress. Exceptions require the approval of a DUS/DGS, Dean, or Committee on Honors and Academic Standing (CHAS). These exceptions are specific adjustments to the pre-approved standard academic requirements.",Registrar,crawl,Yale,https://registrar.yale.edu/faculty-staff/using-degree-audit-as-an-adviser
"The Notes block will display only if any notes have been entered for the student. The notes block displays any notes entered for the student. These can include reminders or summary from a student’s meeting with their advisers. Although only advisers and registrars can add notes, notes are available for all to see with the date created and creator shown.",Registrar,crawl,Yale,https://registrar.yale.edu/faculty-staff/using-degree-audit-as-an-adviser
"The legend is at the bottom of the worksheet, followed by a disclaimer approved by the University General Counsel’s Office.",Registrar,crawl,Yale,https://registrar.yale.edu/faculty-staff/using-degree-audit-as-an-adviser
"The Notes feature is used to add or display notes entered in the audit that are relevant to the explain the record. For instance, time away, additional terms, reduced course load, or exceptions.",Registrar,crawl,Yale,https://registrar.yale.edu/faculty-staff/using-degree-audit-as-an-adviser
"The Class History is a simple chronological listing of a student’s classes, grades, and credits earned. To see the class history, click the three vertical dots above the student information block, then click the Class History option.",Registrar,crawl,Yale,https://registrar.yale.edu/faculty-staff/using-degree-audit-as-an-adviser
"The audit can be saved as a PDF fileby clicking the print icon above the student information block—then print, save, or email the file. The PDF file will appear in a separate window and may take several seconds to create.",Registrar,crawl,Yale,https://registrar.yale.edu/faculty-staff/using-degree-audit-as-an-adviser
"The data refreshed date indicates the last time DegreeWorks checked Banner for new data. To see when the data was last changed, hover the mouse pointer over the data refreshed date .",Registrar,crawl,Yale,https://registrar.yale.edu/faculty-staff/using-degree-audit-as-an-adviser
"Once refreshed, an icon will appear to indicate whether there was new data found in Banner and a new Degree Audit was generated, or if no new data was found.",Registrar,crawl,Yale,https://registrar.yale.edu/faculty-staff/using-degree-audit-as-an-adviser
Regarding Yale College students enrolled in Graduate and Professional School courses:,Registrar,crawl,Yale,https://registrar.yale.edu/faculty-staff/grade-submission
Faculty of Graduate and Professional School courses should note that if they accept any Yale College students into their course the Yale College grading deadlines apply for those students.,Registrar,crawl,Yale,https://registrar.yale.edu/faculty-staff/grade-submission
Instructors of courses in the Graduate School and the professional schools are expected to use the Yale College grading system when they report grades for undergraduates who have completed their courses.,Registrar,crawl,Yale,https://registrar.yale.edu/faculty-staff/grade-submission
"These include the deadlines and regulations pertaining to withdrawal from courses, late or postponed work, and work incomplete at the end of term.",Registrar,crawl,Yale,https://registrar.yale.edu/faculty-staff/grade-submission
An exception to a deadline may be made in a course offered in a professional school of the University in which the academic calendar differs from that of Yale College.,Registrar,crawl,Yale,https://registrar.yale.edu/faculty-staff/grade-submission
"A request for such an exception must be grounded in compelling academic reasons, and must be made in writing by the instructor of the course to the student’s residential college dean in advance of the deadline in question.",Registrar,crawl,Yale,https://registrar.yale.edu/faculty-staff/grade-submission
Video Tutorials for Staff & Faculty,Registrar,crawl,Yale,https://registrar.yale.edu/video-tutorials-for-faculty-staff
Using the “What-if” Forecasting Feature for Majors & Programs in Degree Audit,Registrar,crawl,Yale,https://registrar.yale.edu/video-tutorials-for-faculty-staff
Classroom Assignment Change Request Form,Registrar,crawl,Yale,https://registrar.yale.edu/university-registrars-office-forms
Makeup Class Classroom Request Form,Registrar,crawl,Yale,https://registrar.yale.edu/university-registrars-office-forms
Pedagogical Needs Request Form,Registrar,crawl,Yale,https://registrar.yale.edu/university-registrars-office-forms
Change of Academic Administrative Staff Notification,Registrar,crawl,Yale,https://registrar.yale.edu/university-registrars-office-forms
"Change of Name, Social Security Number or Legal Status Form",Registrar,crawl,Yale,https://registrar.yale.edu/university-registrars-office-forms
CIP Code Change Request,Registrar,crawl,Yale,https://registrar.yale.edu/university-registrars-office-forms
Confidentiality Request Form,Registrar,crawl,Yale,https://registrar.yale.edu/university-registrars-office-forms
Degree Audit Exception Request (Student-initiated),Registrar,crawl,Yale,https://registrar.yale.edu/university-registrars-office-forms
Degree Audit Request Form (Faculty/Staff),Registrar,crawl,Yale,https://registrar.yale.edu/university-registrars-office-forms
Discussion/Lab Section Management Form (Yale College),Registrar,crawl,Yale,https://registrar.yale.edu/university-registrars-office-forms
Instructor's Midterm Report (Yale College),Registrar,crawl,Yale,https://registrar.yale.edu/university-registrars-office-forms
Graduate & Professional School Forms,Registrar,crawl,Yale,https://registrar.yale.edu/university-registrars-office-forms
Course Schedule Change Form (GSAS),Registrar,crawl,Yale,https://registrar.yale.edu/university-registrars-office-forms
"Course Waiver, Substitution & Exemption Form (GSAS)",Registrar,crawl,Yale,https://registrar.yale.edu/university-registrars-office-forms
Credit Request Form (TI Grade) (GSAS),Registrar,crawl,Yale,https://registrar.yale.edu/university-registrars-office-forms
Cross-Department Advising Agreement (GSAS),Registrar,crawl,Yale,https://registrar.yale.edu/university-registrars-office-forms
Degree Petition (En route and Terminal),Registrar,crawl,Yale,https://registrar.yale.edu/university-registrars-office-forms
Individual Course Study Request Form (GSAS),Registrar,crawl,Yale,https://registrar.yale.edu/university-registrars-office-forms
PhD Dissertation Status Letter,Registrar,crawl,Yale,https://registrar.yale.edu/university-registrars-office-forms
Temporary Incomplete Grade Submission Request Form (GSAS),Registrar,crawl,Yale,https://registrar.yale.edu/university-registrars-office-forms
Time Away Requests & Cancellations,Registrar,crawl,Yale,https://registrar.yale.edu/university-registrars-office-forms
Cancel Leave of Absence Request (Yale College),Registrar,crawl,Yale,https://registrar.yale.edu/university-registrars-office-forms
Cancel Term or Year Abroad Request (Yale College),Registrar,crawl,Yale,https://registrar.yale.edu/university-registrars-office-forms
Leave of Absence Request (Yale College),Registrar,crawl,Yale,https://registrar.yale.edu/university-registrars-office-forms
Medical Leave of Absence Request (Yale College),Registrar,crawl,Yale,https://registrar.yale.edu/university-registrars-office-forms
Personal Withdrawal Petition (Yale College),Registrar,crawl,Yale,https://registrar.yale.edu/university-registrars-office-forms
Yale College Petitions & Forms,Registrar,crawl,Yale,https://registrar.yale.edu/university-registrars-office-forms
Acceleration/Deceleration Petition,Registrar,crawl,Yale,https://registrar.yale.edu/university-registrars-office-forms
Course Add (Yale College),Registrar,crawl,Yale,https://registrar.yale.edu/university-registrars-office-forms
Course Drop/Course Adjustment (Course Change Notice) Yale College,Registrar,crawl,Yale,https://registrar.yale.edu/university-registrars-office-forms
Course Overlap: Petition to Elect Two Courses with Overlapping Meeting Times (Yale College),Registrar,crawl,Yale,https://registrar.yale.edu/university-registrars-office-forms
Credit Overload Petition (Yale College),Registrar,crawl,Yale,https://registrar.yale.edu/university-registrars-office-forms
Degree Audit Exception Form (Yale College),Registrar,crawl,Yale,https://registrar.yale.edu/university-registrars-office-forms
Double Credit for a Single Credit Course Petition (Yale College),Registrar,crawl,Yale,https://registrar.yale.edu/university-registrars-office-forms
Exceed Limits on Curricular Combinations Petition (Yale College),Registrar,crawl,Yale,https://registrar.yale.edu/university-registrars-office-forms
Exceed Limits on Independent Study Courses Petition (Yale College),Registrar,crawl,Yale,https://registrar.yale.edu/university-registrars-office-forms
Fall Degree Conferral Petition (Yale College),Registrar,crawl,Yale,https://registrar.yale.edu/university-registrars-office-forms
Postpone a Distributional Requirement Petition (Yale College),Registrar,crawl,Yale,https://registrar.yale.edu/university-registrars-office-forms
Professional School Course Enrollment Request (Yale College),Registrar,crawl,Yale,https://registrar.yale.edu/university-registrars-office-forms
Request to Add Coursework Completed Outside Yale (FOR FORMER YC STUDENTS),Registrar,crawl,Yale,https://registrar.yale.edu/university-registrars-office-forms
Request to Add Coursework Completed Outside Yale (Yale College),Registrar,crawl,Yale,https://registrar.yale.edu/university-registrars-office-forms
Simultaneous Award of Bachelor's and Master's Degrees Petition,Registrar,crawl,Yale,https://registrar.yale.edu/university-registrars-office-forms
TI/ABX Request (Yale College),Registrar,crawl,Yale,https://registrar.yale.edu/university-registrars-office-forms
Two Majors: Petition to Complete the Requirements of Two Majors (Yale College),Registrar,crawl,Yale,https://registrar.yale.edu/university-registrars-office-forms
Classroom Request Forms,Registrar,crawl,Yale,https://registrar.yale.edu/yale-university-classrooms
Summer Classroom Reservations,Registrar,crawl,Yale,https://registrar.yale.edu/yale-university-classrooms
Classrooms by the numbers,Registrar,crawl,Yale,https://registrar.yale.edu/yale-university-classrooms
"During the academic year, the University Registrar’s Office schedules classrooms that fall under the jurisdiction of the Faculty of Arts and Sciences.",Registrar,crawl,Yale,https://registrar.yale.edu/yale-university-classrooms
"All requesters must be current Yale students, faculty, staff, or must be sponsored by a Yale department. Groups not affiliated with Yale contact Yale Conferences & Events .",Registrar,crawl,Yale,https://registrar.yale.edu/yale-university-classrooms
Reserving a classroom for a student group/organization event is a different process than classroom scheduling for make-up exams or academic event s.,Registrar,crawl,Yale,https://registrar.yale.edu/yale-university-classrooms
"During the summer months, rooms are booked by Yale Conferences & Events .",Registrar,crawl,Yale,https://registrar.yale.edu/yale-university-classrooms
GSAS & Professional School Organizations,Registrar,crawl,Yale,https://registrar.yale.edu/yale-university-classrooms
100s of rooms scheduled across each standard time slot A substantial logistical operation requiring careful coordination from URO.,Registrar,crawl,Yale,https://registrar.yale.edu/yale-university-classrooms
200+ classroom spaces & features Available for Yale affiliated scheduling.,Registrar,crawl,Yale,https://registrar.yale.edu/yale-university-classrooms
"4,000-5,000 course sections per semester Scheduled by the University Registrar Office",Registrar,crawl,Yale,https://registrar.yale.edu/yale-university-classrooms
"For more information on registered student groups, please refer to Yale Connect or to student affairs staff in your respective school. Registered graduate and professional student organization members can make requests for rooms through 25Live.",Registrar,crawl,Yale,https://registrar.yale.edu/yale-university-classrooms
Instructor Permission,Registrar,crawl,Yale,https://registrar.yale.edu/managing-enrollment-for-your-course
Maximum Enrollment Number with Waitlisting,Registrar,crawl,Yale,https://registrar.yale.edu/managing-enrollment-for-your-course
Maximum Enrollment Number without Waitlisting,Registrar,crawl,Yale,https://registrar.yale.edu/managing-enrollment-for-your-course
Other Considerations,Registrar,crawl,Yale,https://registrar.yale.edu/managing-enrollment-for-your-course
A course that is marked as “Instructor Permission Required” in CourseLeaf WEN and in Yale Course Search requires all students to submit a formal request to enroll. This is the strictest option and allows instructors to choose every single student in the class.,Registrar,crawl,Yale,https://registrar.yale.edu/managing-enrollment-for-your-course
Instructors work with their Department Administrator (Registrar) when the course is offered and before the Registration period opens.,Registrar,crawl,Yale,https://registrar.yale.edu/managing-enrollment-for-your-course
"Instructors electing this option have an obligation to review requests in Yale Course Search (YCS) and admit students to the class daily, or several times daily, depending on the demand. This is so an accurate representation of availability exists in Yale Course Search and the course demand statistics.",Registrar,crawl,Yale,https://registrar.yale.edu/managing-enrollment-for-your-course
Instructors should review requests frequently on the last day of the Registration period.,Registrar,crawl,Yale,https://registrar.yale.edu/managing-enrollment-for-your-course
"Instructor Permission should be added to the course offering before registration begins, but it can be added to a course at any time. If students registered before “Instructor Permission Required” is activated, they are registered and cannot be removed.",Registrar,crawl,Yale,https://registrar.yale.edu/managing-enrollment-for-your-course
"If students registered before “Instructor Permission Required” is activated, they are registered and cannot be removed.",Registrar,crawl,Yale,https://registrar.yale.edu/managing-enrollment-for-your-course
Instructors may revoke permissions granted up until the time the student has accepted the permission and is registered for the course.,Registrar,crawl,Yale,https://registrar.yale.edu/managing-enrollment-for-your-course
For assistance with Canvas contact the Poorvu Center for Teaching and Learning.,Registrar,crawl,Yale,https://registrar.yale.edu/managing-enrollment-for-your-course
Instructors may choose to add a waitlist to any course that does not have a required discussion section. Lectures with discussion sections may not have waitlists.,Registrar,crawl,Yale,https://registrar.yale.edu/managing-enrollment-for-your-course
"Waitlists can be added by department registrars through CourseLeaf WEN, by adding the number of seats that should be available for waitlisting to the Wait Cap field.",Registrar,crawl,Yale,https://registrar.yale.edu/managing-enrollment-for-your-course
"When a course reaches its maximum enrollment, the first student on the waitlist is notified by a system-generated email when a seat is available, and they have 24 hours to claim the seat, otherwise the seat is offered to the next student on the waitlist.",Registrar,crawl,Yale,https://registrar.yale.edu/managing-enrollment-for-your-course
"Students can see their position on the waitlist, and as seats become available, students are invited to claim a seat.",Registrar,crawl,Yale,https://registrar.yale.edu/managing-enrollment-for-your-course
"Instructors are not able to manage the waitlist or see who is on the waitlist, but waitlist numbers are available through Course Demand Statistics and Discussion Section Statistics .",Registrar,crawl,Yale,https://registrar.yale.edu/managing-enrollment-for-your-course
"All courses are required to have a maximum enrollment number, which restricts enrollment in the course to that number.",Registrar,crawl,Yale,https://registrar.yale.edu/managing-enrollment-for-your-course
Waitlisting is only an option during the registration period. Waitlists are removed after registration closes and are not an option during add/drop period.,Registrar,crawl,Yale,https://registrar.yale.edu/managing-enrollment-for-your-course
Departments who have current application processes in place may continue to use them.,Registrar,crawl,Yale,https://registrar.yale.edu/managing-enrollment-for-your-course
"Any other informal processes used by instructors in the past may also continue to be used (e.g., qualtrics surveys, asking student to email interest, etc.).",Registrar,crawl,Yale,https://registrar.yale.edu/managing-enrollment-for-your-course
"The maximum enrollment number on your course automatically limits the course to that many students, and it is required for all courses. You may increase or decrease this number at any point.",Registrar,crawl,Yale,https://registrar.yale.edu/managing-enrollment-for-your-course
The only way to remove registered students is for the instructor to write to them and ask them to remove themselves from the course.,Registrar,crawl,Yale,https://registrar.yale.edu/managing-enrollment-for-your-course
"For questions or help in deciding which option is best for you, email courseleaf@yale.edu .",Registrar,crawl,Yale,https://registrar.yale.edu/managing-enrollment-for-your-course
The Yale Course Search registration system offers several different options for managing enrollment.,Registrar,crawl,Yale,https://registrar.yale.edu/managing-enrollment-for-your-course
NOTE : Only the primary instructor may review and approve pending permission requests.,Registrar,crawl,Yale,https://registrar.yale.edu/managing-enrollment-for-your-course
"Review, Approve, or Deny Registration Requests",Registrar,crawl,Yale,https://registrar.yale.edu/reviewing-instructor-permission-requests-yc-gsas
Scroll down and click COURSES I MANAGE. A new screen with a list of your courses opens. Courses with a red circle with a number inside indicate pending instructor permission requests.,Registrar,crawl,Yale,https://registrar.yale.edu/reviewing-instructor-permission-requests-yc-gsas
Click the target course to see its information. At the bottom click the MANAGE COURSES button. The Manage Course button may also have a red circle with a number inside.,Registrar,crawl,Yale,https://registrar.yale.edu/reviewing-instructor-permission-requests-yc-gsas
The Manage Course button may also have a red circle with a number inside.,Registrar,crawl,Yale,https://registrar.yale.edu/reviewing-instructor-permission-requests-yc-gsas
Click the MANAGE INSTRUCTOR PERMISSION button.,Registrar,crawl,Yale,https://registrar.yale.edu/reviewing-instructor-permission-requests-yc-gsas
"The Instructor Permission Requests screen appears, showing a list of requests waiting for instructor action. You can sort the list by using options in the SORT BY menu.",Registrar,crawl,Yale,https://registrar.yale.edu/reviewing-instructor-permission-requests-yc-gsas
You can sort the list by using options in the SORT BY menu.,Registrar,crawl,Yale,https://registrar.yale.edu/reviewing-instructor-permission-requests-yc-gsas
"There are multiple icons on the page; see the Icon Legend for an explanation of each icon. TIP: If the icon indicates that the class was removed from the student’s worksheet, you don’t need to take any action. You can however still provide an approval or deny the request . TIP: To initiate an email to the student, click on the envelope icon.",Registrar,crawl,Yale,https://registrar.yale.edu/reviewing-instructor-permission-requests-yc-gsas
All pending requests do require instructor action and should be done as early as possible in the registration process. They may be approved or denied from the Instructor Permission Requests screen or from within the detail screen for each course.,Registrar,crawl,Yale,https://registrar.yale.edu/reviewing-instructor-permission-requests-yc-gsas
"Instructor Permission Requests screen: Click the box to toggle between the three options: no response, approved, and denied. Note: You may change your response up until the student has accepted the permission to enroll and completed their registration for the class.",Registrar,crawl,Yale,https://registrar.yale.edu/reviewing-instructor-permission-requests-yc-gsas
"Click the box to toggle between the three options: no response, approved, and denied.",Registrar,crawl,Yale,https://registrar.yale.edu/reviewing-instructor-permission-requests-yc-gsas
Note: You may change your response up until the student has accepted the permission to enroll and completed their registration for the class.,Registrar,crawl,Yale,https://registrar.yale.edu/reviewing-instructor-permission-requests-yc-gsas
Course Details Request screen: Click any request to see its details. Click the appropriate button to deny or approve the request.,Registrar,crawl,Yale,https://registrar.yale.edu/reviewing-instructor-permission-requests-yc-gsas
Click any request to see its details.,Registrar,crawl,Yale,https://registrar.yale.edu/reviewing-instructor-permission-requests-yc-gsas
Click the appropriate button to deny or approve the request.,Registrar,crawl,Yale,https://registrar.yale.edu/reviewing-instructor-permission-requests-yc-gsas
Click the Submit button at the bottom of the Instructor Permission Requests screen to save your responses.,Registrar,crawl,Yale,https://registrar.yale.edu/reviewing-instructor-permission-requests-yc-gsas
A confirmation box appears so you can review your responses before submitting. There is also an option to “Automatically deny all other pending requests” for the selected class.,Registrar,crawl,Yale,https://registrar.yale.edu/reviewing-instructor-permission-requests-yc-gsas
"Click Cancel or Submit Responses, then click OK.",Registrar,crawl,Yale,https://registrar.yale.edu/reviewing-instructor-permission-requests-yc-gsas
"Note: You can submit changes to your approvals and denials if the student has not completed registering for the class. If the student has completed registering for the course, they will appear as “student” on your Canvas roster.",Registrar,crawl,Yale,https://registrar.yale.edu/reviewing-instructor-permission-requests-yc-gsas
"If a course is marked Instructor Permission Required, the primary instructor must provide explicit permission for students to register for your course.",Registrar,crawl,Yale,https://registrar.yale.edu/reviewing-instructor-permission-requests-yc-gsas
Basic Search Options,Registrar,crawl,Yale,https://registrar.yale.edu/registration/about-yale-course-search/search-for-courses-in-yale-course-search
Perform a Basic Search,Registrar,crawl,Yale,https://registrar.yale.edu/registration/about-yale-course-search/search-for-courses-in-yale-course-search
Advanced Search Options,Registrar,crawl,Yale,https://registrar.yale.edu/registration/about-yale-course-search/search-for-courses-in-yale-course-search
Perform an Advanced Search,Registrar,crawl,Yale,https://registrar.yale.edu/registration/about-yale-course-search/search-for-courses-in-yale-course-search
Attributes Search Options,Registrar,crawl,Yale,https://registrar.yale.edu/registration/about-yale-course-search/search-for-courses-in-yale-course-search
Perform a Search with Attributes,Registrar,crawl,Yale,https://registrar.yale.edu/registration/about-yale-course-search/search-for-courses-in-yale-course-search
Yale Course Search,Registrar,crawl,Yale,https://registrar.yale.edu/registration/about-yale-course-search/search-for-courses-in-yale-course-search
Using Course Attributes in Searches,Registrar,crawl,Yale,https://registrar.yale.edu/registration/about-yale-course-search/search-for-courses-in-yale-course-search
"Keyword box—Enter any text that may appear in the desired results. The search will look for your keyword in the course code, course title, school, instructor name, and anything in the course description.",Registrar,crawl,Yale,https://registrar.yale.edu/registration/about-yale-course-search/search-for-courses-in-yale-course-search
"Term/year menu—Select the desired term (Fall, Spring, Summer) and year. Available options include the current academic year and up to ten years in the past.",Registrar,crawl,Yale,https://registrar.yale.edu/registration/about-yale-course-search/search-for-courses-in-yale-course-search
"Search button—Perform the search with the chosen criteria. Note: The Search button always remains visible at the top, even while scrolling down.",Registrar,crawl,Yale,https://registrar.yale.edu/registration/about-yale-course-search/search-for-courses-in-yale-course-search
Select a term/year from the menu.,Registrar,crawl,Yale,https://registrar.yale.edu/registration/about-yale-course-search/search-for-courses-in-yale-course-search
Click Search. Results appear in a new section.,Registrar,crawl,Yale,https://registrar.yale.edu/registration/about-yale-course-search/search-for-courses-in-yale-course-search
"To clear the search results and original search criteria, click Reset Search.",Registrar,crawl,Yale,https://registrar.yale.edu/registration/about-yale-course-search/search-for-courses-in-yale-course-search
Enter criteria in the basic search boxes.,Registrar,crawl,Yale,https://registrar.yale.edu/registration/about-yale-course-search/search-for-courses-in-yale-course-search
Enter/select the desired combination of keywords and options in the advanced search section.,Registrar,crawl,Yale,https://registrar.yale.edu/registration/about-yale-course-search/search-for-courses-in-yale-course-search
"Click the Search button. Tips Try searching by clearing the Keyword field and only use the advanced options to broaden the search results. Click the Reset Search link at the top of the search results to clear all keywords, options, filters, and search results.",Registrar,crawl,Yale,https://registrar.yale.edu/registration/about-yale-course-search/search-for-courses-in-yale-course-search
"Tips Try searching by clearing the Keyword field and only use the advanced options to broaden the search results. Click the Reset Search link at the top of the search results to clear all keywords, options, filters, and search results.",Registrar,crawl,Yale,https://registrar.yale.edu/registration/about-yale-course-search/search-for-courses-in-yale-course-search
Try searching by clearing the Keyword field and only use the advanced options to broaden the search results.,Registrar,crawl,Yale,https://registrar.yale.edu/registration/about-yale-course-search/search-for-courses-in-yale-course-search
"Click the Reset Search link at the top of the search results to clear all keywords, options, filters, and search results.",Registrar,crawl,Yale,https://registrar.yale.edu/registration/about-yale-course-search/search-for-courses-in-yale-course-search
Enter/select the desired combination of keywords and options criteria in the basic and/or advanced search boxes.,Registrar,crawl,Yale,https://registrar.yale.edu/registration/about-yale-course-search/search-for-courses-in-yale-course-search
Enter/select the desired combination of choices in the Yale College Attributes section.,Registrar,crawl,Yale,https://registrar.yale.edu/registration/about-yale-course-search/search-for-courses-in-yale-course-search
Enter/select department attributes by opening “Any Course Information Attribute.”,Registrar,crawl,Yale,https://registrar.yale.edu/registration/about-yale-course-search/search-for-courses-in-yale-course-search
"The Basic and Advanced searches still apply, and the Yale College Attributes serve to provide even more filtering options to basic and/or advanced searches.",Registrar,crawl,Yale,https://registrar.yale.edu/registration/about-yale-course-search/search-for-courses-in-yale-course-search
Registration Worksheet,Registrar,crawl,Yale,https://registrar.yale.edu/registration/yale-college-registration/understanding-and-using-registration-canvas-worksheets
Accessing Worksheets,Registrar,crawl,Yale,https://registrar.yale.edu/registration/yale-college-registration/understanding-and-using-registration-canvas-worksheets
"When you are enrolled in a course through the registration worksheet, you will be added to the Canvas site (if available) with a “Student” status.",Registrar,crawl,Yale,https://registrar.yale.edu/registration/yale-college-registration/understanding-and-using-registration-canvas-worksheets
You are limited to enrolling in no more than 5.5 course credits during registration. (Students with exceptional academic needs should ask their Residential College Dean about a credit overload.),Registrar,crawl,Yale,https://registrar.yale.edu/registration/yale-college-registration/understanding-and-using-registration-canvas-worksheets
"When the registration system closes, your registration worksheet will be locked.",Registrar,crawl,Yale,https://registrar.yale.edu/registration/yale-college-registration/understanding-and-using-registration-canvas-worksheets
You may explore courses and plan tentative schedules using the Canvas worksheet.,Registrar,crawl,Yale,https://registrar.yale.edu/registration/yale-college-registration/understanding-and-using-registration-canvas-worksheets
You may add up to 5 courses to your Canvas worksheet. You will appear on the instructor’s Canvas roster with a “Visitor” status.,Registrar,crawl,Yale,https://registrar.yale.edu/registration/yale-college-registration/understanding-and-using-registration-canvas-worksheets
Your Canvas worksheet becomes available when the registration system opens and remains open for changes until the end of the subsequent add/drop period.,Registrar,crawl,Yale,https://registrar.yale.edu/registration/yale-college-registration/understanding-and-using-registration-canvas-worksheets
Access to your worksheets is through the main navigation panel under the Worksheets heading.,Registrar,crawl,Yale,https://registrar.yale.edu/registration/yale-college-registration/understanding-and-using-registration-canvas-worksheets
"Worksheets correspond to the term selected in the dropdown at the top of the search panel, so make sure you have selected the appropriate term.",Registrar,crawl,Yale,https://registrar.yale.edu/registration/yale-college-registration/understanding-and-using-registration-canvas-worksheets
"This worksheet registers you for a course in real time. When you successfully add a course to this worksheet, you are automatically registered for the course and the information feeds into the Student Information System (SIS). The only exceptions are courses that require instructor permission to register and courses for which you are on a waitlist. You will know that you are successfully enrolled if a black check-mark appears next to the course and/or section. When registration opens, you may enroll course-by-course in real time using the registration worksheet. You may make changes to your schedule until registration closes.",Registrar,crawl,Yale,https://registrar.yale.edu/registration/yale-college-registration/understanding-and-using-registration-canvas-worksheets
"When you add a course to this worksheet, you are not registered for the course. Courses on your Canvas worksheet provide you with access to the Canvas sites.",Registrar,crawl,Yale,https://registrar.yale.edu/registration/yale-college-registration/understanding-and-using-registration-canvas-worksheets
Before Registration,Registrar,crawl,Yale,https://registrar.yale.edu/registration/yale-college-registration/how-yale-college-students-register-for-classes
2. Add the Course to Your Registration Worksheet,Registrar,crawl,Yale,https://registrar.yale.edu/registration/yale-college-registration/how-yale-college-students-register-for-classes
How to Remove or Drop a Course from the Worksheet,Registrar,crawl,Yale,https://registrar.yale.edu/registration/yale-college-registration/how-yale-college-students-register-for-classes
Courses that Do Not Require Instructor Permission,Registrar,crawl,Yale,https://registrar.yale.edu/registration/yale-college-registration/how-yale-college-students-register-for-classes
Course Requiring Instructor Permission,Registrar,crawl,Yale,https://registrar.yale.edu/registration/yale-college-registration/how-yale-college-students-register-for-classes
Courses with Waitlists,Registrar,crawl,Yale,https://registrar.yale.edu/registration/yale-college-registration/how-yale-college-students-register-for-classes
Courses that Require an Associated Discussion or Lab Section,Registrar,crawl,Yale,https://registrar.yale.edu/registration/yale-college-registration/how-yale-college-students-register-for-classes
Registration Expectations,Registrar,crawl,Yale,https://registrar.yale.edu/registration/yale-college-registration/how-yale-college-students-register-for-classes
Post-Drop Considerations,Registrar,crawl,Yale,https://registrar.yale.edu/registration/yale-college-registration/how-yale-college-students-register-for-classes
Search for the course for which you want to register.,Registrar,crawl,Yale,https://registrar.yale.edu/registration/yale-college-registration/how-yale-college-students-register-for-classes
"View course details by clicking on a course listed under Search Results. review course information including description, meeting dates and times, distributional designations, instructors, class notes, course resources, and final exam.",Registrar,crawl,Yale,https://registrar.yale.edu/registration/yale-college-registration/how-yale-college-students-register-for-classes
"Open the viewing panel for the course you want to add, click on Add to Worksheet . Be sure to select the Registration Worksheet. See Understanding and Using Worksheets .",Registrar,crawl,Yale,https://registrar.yale.edu/registration/yale-college-registration/how-yale-college-students-register-for-classes
See Understanding and Using Worksheets .,Registrar,crawl,Yale,https://registrar.yale.edu/registration/yale-college-registration/how-yale-college-students-register-for-classes
Once a course has been added successfully to the registration worksheet a black check mark indicates enrollment in the course.,Registrar,crawl,Yale,https://registrar.yale.edu/registration/yale-college-registration/how-yale-college-students-register-for-classes
"NOTE: If a message states “Concurrent enrollment in [course name here] is required,” you cannot register for the selected course/section without also enrolling in the course indicated by the message.",Registrar,crawl,Yale,https://registrar.yale.edu/registration/yale-college-registration/how-yale-college-students-register-for-classes
See Courses that Require an Associated Discussion or Lab Section below.,Registrar,crawl,Yale,https://registrar.yale.edu/registration/yale-college-registration/how-yale-college-students-register-for-classes
Open your registration worksheet and select the unwanted course.,Registrar,crawl,Yale,https://registrar.yale.edu/registration/yale-college-registration/how-yale-college-students-register-for-classes
Click Submit Registration to save the change.,Registrar,crawl,Yale,https://registrar.yale.edu/registration/yale-college-registration/how-yale-college-students-register-for-classes
"After adding the desired lecture course to your registration worksheet, scroll down to the bottom of the information panel to see the list of section options.",Registrar,crawl,Yale,https://registrar.yale.edu/registration/yale-college-registration/how-yale-college-students-register-for-classes
Add the desired section to your registration worksheet by clicking Add to Worksheet.,Registrar,crawl,Yale,https://registrar.yale.edu/registration/yale-college-registration/how-yale-college-students-register-for-classes
"In the confirmation box, click OK.",Registrar,crawl,Yale,https://registrar.yale.edu/registration/yale-college-registration/how-yale-college-students-register-for-classes
"If the course doesn’t require instructor permission, you should see a black checkmark next to the course name when you opt to register. The black mark means that you are registered for the course.",Registrar,crawl,Yale,https://registrar.yale.edu/registration/yale-college-registration/how-yale-college-students-register-for-classes
"If there is not a black checkmark, that means the course is full. Some courses have a waitlist. If so, you can add your name to the waitlist. Establishing a waitlist is at the discretion of the instructor.",Registrar,crawl,Yale,https://registrar.yale.edu/registration/yale-college-registration/how-yale-college-students-register-for-classes
"If the course requires instructor permission, you will see a Request Instructor Permission section open when you try to add the course to your registration worksheet.",Registrar,crawl,Yale,https://registrar.yale.edu/registration/yale-college-registration/how-yale-college-students-register-for-classes
"If the desired section is full, you might be able to add yourself to a waitlist.",Registrar,crawl,Yale,https://registrar.yale.edu/registration/yale-college-registration/how-yale-college-students-register-for-classes
Students are required to register for 3 course credits at a minimum before the registration closes.,Registrar,crawl,Yale,https://registrar.yale.edu/registration/yale-college-registration/how-yale-college-students-register-for-classes
See also a video guide to requesting instructor permission for Yale College students.,Registrar,crawl,Yale,https://registrar.yale.edu/registration/yale-college-registration/how-yale-college-students-register-for-classes/yale-college
Write a brief note explaining why you want to take the course.,Registrar,crawl,Yale,https://registrar.yale.edu/registration/yale-college-registration/how-yale-college-students-register-for-classes/yale-college
The worksheet will show an hourglass icon indicating that permission is pending .,Registrar,crawl,Yale,https://registrar.yale.edu/registration/yale-college-registration/how-yale-college-students-register-for-classes/yale-college
"Check back periodically to see if the instructor has responded. If so, you will see a note indicating that there have been changes to your registration worksheet.",Registrar,crawl,Yale,https://registrar.yale.edu/registration/yale-college-registration/how-yale-college-students-register-for-classes/yale-college
"If approved, a green checkmark with the word Approved appears just above the instructor’s name to indicate approval from the instructor – this does not mean the registration is complete.",Registrar,crawl,Yale,https://registrar.yale.edu/registration/yale-college-registration/how-yale-college-students-register-for-classes/yale-college
Registration is not automatically complete upon instructor approval,Registrar,crawl,Yale,https://registrar.yale.edu/registration/yale-college-registration/how-yale-college-students-register-for-classes/yale-college
The changes must be confirmed to complete registration and actively confirm a seat in the course; to do this click “ Confirm Changes ”.,Registrar,crawl,Yale,https://registrar.yale.edu/registration/yale-college-registration/how-yale-college-students-register-for-classes/yale-college
"Once the black checkmark appears in the lower left section of the section information, course registration is complete.",Registrar,crawl,Yale,https://registrar.yale.edu/registration/yale-college-registration/how-yale-college-students-register-for-classes/yale-college
"If the course requires instructor permission, a Request Instructor Permission section opens to the left of the Registration worksheet when the course is added to the worksheet.",Registrar,crawl,Yale,https://registrar.yale.edu/registration/yale-college-registration/how-yale-college-students-register-for-classes/yale-college
Dropping a D/L Section,Registrar,crawl,Yale,https://registrar.yale.edu/registration/discussionlab-sections/registering-for-a-discussion-or-lab-section
"After adding the desired lecture course to your registration worksheet, perform a search to find its available discussion or lab sections. Scroll to the bottom of the lecture course information panel to find the discussion section options.",Registrar,crawl,Yale,https://registrar.yale.edu/registration/discussionlab-sections/registering-for-a-discussion-or-lab-section
Add the D/L section to your registration worksheet. In the course details screen:,Registrar,crawl,Yale,https://registrar.yale.edu/registration/discussionlab-sections/registering-for-a-discussion-or-lab-section
You must register for the corresponding lecture at the same time as you register for a discussion or lab (D/L) section.,Registrar,crawl,Yale,https://registrar.yale.edu/registration/discussionlab-sections/registering-for-a-discussion-or-lab-section
"Once you have added the D/L section to your registration worksheet, you will be registered for both the section and its corresponding lecture simultaneously, as long as seats are available in the D/L section. If the desired D/L section is full, you might be able to add yourself to a waitlist (if there is one), or you may remove the D/L section from your worksheet and attempt to register for a different section with available seats.",Registrar,crawl,Yale,https://registrar.yale.edu/registration/discussionlab-sections/registering-for-a-discussion-or-lab-section
"If you drop a D/L section, you must also drop the lecture and vice-versa.",Registrar,crawl,Yale,https://registrar.yale.edu/registration/discussionlab-sections/registering-for-a-discussion-or-lab-section
Navigate to the Yale Course Search site.,Registrar,crawl,Yale,https://registrar.yale.edu/registration/yale-college-registration/understanding-course-demand-statistics
Scroll to the bottom of the left column to find the Links section.,Registrar,crawl,Yale,https://registrar.yale.edu/registration/yale-college-registration/understanding-course-demand-statistics
Click the Course Demand Statistics link.,Registrar,crawl,Yale,https://registrar.yale.edu/registration/yale-college-registration/understanding-course-demand-statistics
Select the term and subject that you wish to search.,Registrar,crawl,Yale,https://registrar.yale.edu/registration/yale-college-registration/understanding-course-demand-statistics
A list of all offered courses will open.,Registrar,crawl,Yale,https://registrar.yale.edu/registration/yale-college-registration/understanding-course-demand-statistics
Click on an individual course.,Registrar,crawl,Yale,https://registrar.yale.edu/registration/yale-college-registration/understanding-course-demand-statistics
"Unlike the Discussion/Lab Section Statistics, this will not show the maximum enrollment (or cap), however, it will show total enrollment.",Registrar,crawl,Yale,https://registrar.yale.edu/registration/yale-college-registration/understanding-course-demand-statistics
"It can also be sorted to show only students who are registered, waitlisted or visiting and will display enrollment trends across several days.",Registrar,crawl,Yale,https://registrar.yale.edu/registration/yale-college-registration/understanding-course-demand-statistics
If a course is cross-listed it will show the number of students enrolled for each of the different subject and course codes and total them to the right.,Registrar,crawl,Yale,https://registrar.yale.edu/registration/yale-college-registration/understanding-course-demand-statistics
The Course Demand Statistics Report on the Yale Course Search site shows enrollment numbers for all courses. The data is updated regularly. Use the filter options to narrow down the data.,Registrar,crawl,Yale,https://registrar.yale.edu/registration/yale-college-registration/understanding-course-demand-statistics
Click the Discussion Section Statistics link to open the landing page (you will need to use your NetID and password to CAS in).,Registrar,crawl,Yale,https://registrar.yale.edu/registration/discussionlab-sections/understanding-discussionlab-section-statistics
A list of discussion and lab sections offered during the current term will open.,Registrar,crawl,Yale,https://registrar.yale.edu/registration/discussionlab-sections/understanding-discussionlab-section-statistics
Discussion sections and labs are listed alphabetically including every section for each course.,Registrar,crawl,Yale,https://registrar.yale.edu/registration/discussionlab-sections/understanding-discussionlab-section-statistics
"Students can view the course and section number, the course title, the maximum number of students who can enter the section (or cap), the number of students currently registered in the section, the number of students on the waitlist, the number of available seats, the meeting day and time., and location.",Registrar,crawl,Yale,https://registrar.yale.edu/registration/discussionlab-sections/understanding-discussionlab-section-statistics
"This information helps students make informed decisions about whether they should join a section, join a waitlist, or find another section or course that fits their schedule.",Registrar,crawl,Yale,https://registrar.yale.edu/registration/discussionlab-sections/understanding-discussionlab-section-statistics
The list can also be exported to an Excel (.xlsx or .csv) or Adobe (.pdf) file.,Registrar,crawl,Yale,https://registrar.yale.edu/registration/discussionlab-sections/understanding-discussionlab-section-statistics
Checking your Place in the Waitlist,Registrar,crawl,Yale,https://registrar.yale.edu/registration/waitlisting/waitlisting-for-courses-without-discussionlab-sections
Claiming Your Seat in the Course,Registrar,crawl,Yale,https://registrar.yale.edu/registration/waitlisting/waitlisting-for-courses-without-discussionlab-sections
Removing Yourself from the Waitlist,Registrar,crawl,Yale,https://registrar.yale.edu/registration/waitlisting/waitlisting-for-courses-without-discussionlab-sections
Search for and select the desired course and then click ADD TO REGISTRATION WORKSHEET .,Registrar,crawl,Yale,https://registrar.yale.edu/registration/waitlisting/waitlisting-for-courses-without-discussionlab-sections
"If the class is full and there is a waitlist option, there will be an ADD TO WAITLIST IF CLASS IS FULL option in the dropdown menu in the Registration Options section. Select Yes and then click SAVE CHANGES .",Registrar,crawl,Yale,https://registrar.yale.edu/registration/waitlisting/waitlisting-for-courses-without-discussionlab-sections
The course will show in the Worksheet Contents section. The hourglass icon indicates that you are on the waitlist for the course.,Registrar,crawl,Yale,https://registrar.yale.edu/registration/waitlisting/waitlisting-for-courses-without-discussionlab-sections
Refresh the Yale Course Search page.,Registrar,crawl,Yale,https://registrar.yale.edu/registration/waitlisting/waitlisting-for-courses-without-discussionlab-sections
Open your r egistration worksheet.,Registrar,crawl,Yale,https://registrar.yale.edu/registration/waitlisting/waitlisting-for-courses-without-discussionlab-sections
Select the waitlisted course. The course details screen will display your position on the waitlist.,Registrar,crawl,Yale,https://registrar.yale.edu/registration/waitlisting/waitlisting-for-courses-without-discussionlab-sections
You will not be added to a course off of the waitlist if adding the course puts you over 5.5 credits. You will need to remedy this by dropping enough credits to be added to the course.,Registrar,crawl,Yale,https://registrar.yale.edu/registration/waitlisting/waitlisting-for-courses-without-discussionlab-sections
Open your r egistration worksheet. The act of logging into Yale Course Search and opening your registration worksheet is the only way to claim your seat in the course.,Registrar,crawl,Yale,https://registrar.yale.edu/registration/waitlisting/waitlisting-for-courses-without-discussionlab-sections
"You will see the waitlisted course’s hourglass icon has changed to a checkmark, indicating you are registered in the course. There is nothing else you need to do to claim your seat.",Registrar,crawl,Yale,https://registrar.yale.edu/registration/waitlisting/waitlisting-for-courses-without-discussionlab-sections
"For waitlisting on multi-section courses, you can only be enrolled, or on a waitlist, not both. The system does not allow you to be enrolled in one section and on the waitlist for a different section of the same course.",Registrar,crawl,Yale,https://registrar.yale.edu/registration/waitlisting/waitlisting-for-courses-without-discussionlab-sections
Notifications to students to add themselves to a course off of the waitlist end 24 hours before the registration periods close. This allows notified students a 24-hour window before registration closes to claim their seat off of the waitlist.,Registrar,crawl,Yale,https://registrar.yale.edu/registration/waitlisting/waitlisting-for-courses-without-discussionlab-sections
Open your registration worksheet.,Registrar,crawl,Yale,https://registrar.yale.edu/registration/waitlisting/waitlisting-for-courses-without-discussionlab-sections
Select the target waitlisted course.,Registrar,crawl,Yale,https://registrar.yale.edu/registration/waitlisting/waitlisting-for-courses-without-discussionlab-sections
Click the REMOVE FROM WAITLIST button in the course details screen.,Registrar,crawl,Yale,https://registrar.yale.edu/registration/waitlisting/waitlisting-for-courses-without-discussionlab-sections
Then click the SUBMIT REGISTRATION button.,Registrar,crawl,Yale,https://registrar.yale.edu/registration/waitlisting/waitlisting-for-courses-without-discussionlab-sections
"You will receive an email when a seat becomes available in a waitlisted course. When you receive the email, you have 24 hours to claim your seat.",Registrar,crawl,Yale,https://registrar.yale.edu/registration/waitlisting/waitlisting-for-courses-without-discussionlab-sections
Register for the Lecture,Registrar,crawl,Yale,https://registrar.yale.edu/registration/waitlisting/waitlisting-for-discussionlab-sections-associated-with-a-lecture
Register for the Associated Discussion/Lab Section,Registrar,crawl,Yale,https://registrar.yale.edu/registration/waitlisting/waitlisting-for-discussionlab-sections-associated-with-a-lecture
Checking Your Position on the Waitlist,Registrar,crawl,Yale,https://registrar.yale.edu/registration/waitlisting/waitlisting-for-discussionlab-sections-associated-with-a-lecture
Claiming Your Seat in the Discussion/Lab Section,Registrar,crawl,Yale,https://registrar.yale.edu/registration/waitlisting/waitlisting-for-discussionlab-sections-associated-with-a-lecture
Not all discussion/lab sections are set up with the waitlist option.,Registrar,crawl,Yale,https://registrar.yale.edu/registration/waitlisting/waitlisting-for-discussionlab-sections-associated-with-a-lecture
The corresponding lecture does not have a waitlist.,Registrar,crawl,Yale,https://registrar.yale.edu/registration/waitlisting/waitlisting-for-discussionlab-sections-associated-with-a-lecture
Yale Course Search requires simultaneous enrollment in both the lecture and the discussion/lab section.,Registrar,crawl,Yale,https://registrar.yale.edu/registration/waitlisting/waitlisting-for-discussionlab-sections-associated-with-a-lecture
Search for and select the desired lecture then click ADD TO REGISTRATION WORKSHEET .,Registrar,crawl,Yale,https://registrar.yale.edu/registration/waitlisting/waitlisting-for-discussionlab-sections-associated-with-a-lecture
The blue worksheet icon shows you are not yet registered in the lecture. This will change once you register for a discussion/lab section.,Registrar,crawl,Yale,https://registrar.yale.edu/registration/waitlisting/waitlisting-for-discussionlab-sections-associated-with-a-lecture
If the lecture is full there is no option to register.,Registrar,crawl,Yale,https://registrar.yale.edu/registration/waitlisting/waitlisting-for-discussionlab-sections-associated-with-a-lecture
Search for and select the desired discussion/lab section then click ADD TO REGISTRATION WORKSHEET .,Registrar,crawl,Yale,https://registrar.yale.edu/registration/waitlisting/waitlisting-for-discussionlab-sections-associated-with-a-lecture
"If the discussion/lab section is full, look in the Registration Options panel to see if the section has the waitlist option. If it does, select Yes from the ADD TO WAITLIST IF CLASS IS FULL dropdown menu. Then click SAVE CHANGES .",Registrar,crawl,Yale,https://registrar.yale.edu/registration/waitlisting/waitlisting-for-discussionlab-sections-associated-with-a-lecture
The course will show in the Worksheet Contents panel. The hourglass icon indicates you are on the waitlist.,Registrar,crawl,Yale,https://registrar.yale.edu/registration/waitlisting/waitlisting-for-discussionlab-sections-associated-with-a-lecture
"If the discussion/lab section does not have a waitlist option, either remove the lecture from your worksheet or select a different section.",Registrar,crawl,Yale,https://registrar.yale.edu/registration/waitlisting/waitlisting-for-discussionlab-sections-associated-with-a-lecture
"The hourglass icon indicates that you are not yet enrolled in the discussion/lab section. When you get and confirm a seat in the discussion/lab section, you will be enrolled in both the lecture and the section at the same time.",Registrar,crawl,Yale,https://registrar.yale.edu/registration/waitlisting/waitlisting-for-discussionlab-sections-associated-with-a-lecture
Select the waitlisted discussion/lab section. The section details screen will display your position on the waitlist.,Registrar,crawl,Yale,https://registrar.yale.edu/registration/waitlisting/waitlisting-for-discussionlab-sections-associated-with-a-lecture
Open your registration worksheet. The act of logging into Yale Course Search and opening your registration worksheet is the only way to claim your seat in the discussion/lab section.,Registrar,crawl,Yale,https://registrar.yale.edu/registration/waitlisting/waitlisting-for-discussionlab-sections-associated-with-a-lecture
"You will see the waitlisted section’s hourglass icon has changed to a checkmark, indicating you are registered. You will also see a checkmark confirming your registration in the associated lecture.",Registrar,crawl,Yale,https://registrar.yale.edu/registration/waitlisting/waitlisting-for-discussionlab-sections-associated-with-a-lecture
"You can only be enrolled, or on a waitlist, not both. The system will not allow you to be enrolled in one discussion/lab section and on the waitlist for a different discussion/lab section for the same lecture.",Registrar,crawl,Yale,https://registrar.yale.edu/registration/waitlisting/waitlisting-for-discussionlab-sections-associated-with-a-lecture
Notifications to students to add themselves to a course off of the waitlist ends 24 hours before the registration period closes. This allows notified students a 24-hour window before registration closes to claim their seat off of the waitlist.,Registrar,crawl,Yale,https://registrar.yale.edu/registration/waitlisting/waitlisting-for-discussionlab-sections-associated-with-a-lecture
Students should register for a different course if they have not received notification of a seat in that 24-hour window.,Registrar,crawl,Yale,https://registrar.yale.edu/registration/waitlisting/waitlisting-for-discussionlab-sections-associated-with-a-lecture
"You will receive an email when a seat becomes available in a waitlisted discussion/lab section. When you receive the email, you have 24 hours to claim your seat .",Registrar,crawl,Yale,https://registrar.yale.edu/registration/waitlisting/waitlisting-for-discussionlab-sections-associated-with-a-lecture
"If you don’t have a seat in the discussion/lab section, decide what further action to take:",Registrar,crawl,Yale,https://registrar.yale.edu/registration/waitlisting/waitlisting-for-discussionlab-sections-associated-with-a-lecture
Exploring Graduate & Professional School Courses,Registrar,crawl,Yale,https://registrar.yale.edu/registration/yale-college-registration/how-yale-college-students-register-for-graduate-professional
Credit for Yale College Students for GSAS or Professional School Courses,Registrar,crawl,Yale,https://registrar.yale.edu/registration/yale-college-registration/how-yale-college-students-register-for-graduate-professional
Credit is not guaranteed.,Registrar,crawl,Yale,https://registrar.yale.edu/registration/yale-college-registration/how-yale-college-students-register-for-graduate-professional
About Graduate School Courses,Registrar,crawl,Yale,https://registrar.yale.edu/registration/yale-college-registration/how-yale-college-students-register-for-graduate-professional
Cross-listed courses…,Registrar,crawl,Yale,https://registrar.yale.edu/registration/yale-college-registration/how-yale-college-students-register-for-graduate-professional
About Professional School Courses,Registrar,crawl,Yale,https://registrar.yale.edu/registration/yale-college-registration/how-yale-college-students-register-for-graduate-professional
Acceptance | Credit,Registrar,crawl,Yale,https://registrar.yale.edu/registration/yale-college-registration/how-yale-college-students-register-for-graduate-professional
Undergraduates wishing to enroll in School of Management ( SOM ) courses need only use the SOM forms found on the SOM website to request permission and enroll.,Registrar,crawl,Yale,https://registrar.yale.edu/registration/yale-college-registration/how-yale-college-students-register-for-graduate-professional
Students may wish to consult with their advisers before making plans to enroll in a course in the Graduate School of Arts & Sciences or one of the professional schools at Yale University.,Registrar,crawl,Yale,https://registrar.yale.edu/registration/yale-college-registration/how-yale-college-students-register-for-graduate-professional
"If a Graduate School course cannot be added to the registration worksheet, then Yale College enrollment in the course is not permitted. Refer to a partial list of historically approved Graduate and Professional School courses for Yale College credit.",Registrar,crawl,Yale,https://registrar.yale.edu/registration/yale-college-registration/how-yale-college-students-register-for-graduate-professional
"When a course has both a Yale College and a Graduate school course number, Yale College students may register for either number. However, should a student wish to change school levels (Graduate School or Yale College), the deadline to do so is the last day of classes in the corresponding term of enrollment.",Registrar,crawl,Yale,https://registrar.yale.edu/registration/yale-college-registration/how-yale-college-students-register-for-graduate-professional
"Drop: This button appears only for classes for which you are registered. After dropping a course, click Submit Registration to save the changes.",Registrar,crawl,Yale,https://registrar.yale.edu/dropping-class-yc
"After dropping a course, click Submit Registration to save the changes.",Registrar,crawl,Yale,https://registrar.yale.edu/dropping-class-yc
Remove from registration worksheet: This button appears for classes on the registration worksheet that you are not registered for.,Registrar,crawl,Yale,https://registrar.yale.edu/dropping-class-yc
Remove from the Canvas worksheet: This button allows you to remove courses you are no longer considering and it will not change your official course enrollment.,Registrar,crawl,Yale,https://registrar.yale.edu/dropping-class-yc
"This video demonstrates how students and advisers can utilize the “what-if” feature in Yale Degree Audit to forecast the results of a change in a student’s major, program or certificate and the resulting progress toward the major or degree.",Registrar,crawl,Yale,https://registrar.yale.edu/using-the-what-if-forecasting-feature-in-yale-degree-audit
Yale Admissions Status Portal,Financial_Aid,crawl,Yale,https://finaid.yale.edu/quicklinks
Yale College Undergraduate Admissions,Financial_Aid,crawl,Yale,https://finaid.yale.edu/quicklinks
Undergraduate Regulations: Financial Services,Financial_Aid,crawl,Yale,https://finaid.yale.edu/quicklinks
University Financial Aid: Veteran Benefits at Yale,Financial_Aid,crawl,Yale,https://finaid.yale.edu/quicklinks
Graduate & Professional Financial Aid,Financial_Aid,crawl,Yale,https://finaid.yale.edu/quicklinks
Schedule an Appointment,Financial_Aid,crawl,Yale,https://finaid.yale.edu/contactus
"The preferred submission method for all financial aid documents is the College Board’s IDOC service , accessible after completing the CSS Profile .",Financial_Aid,crawl,Yale,https://finaid.yale.edu/contactus
Yale’s Approach to Need-Based Aid,Financial_Aid,crawl,Yale,https://finaid.yale.edu/affordability
Who Qualifies for Aid,Financial_Aid,crawl,Yale,https://finaid.yale.edu/affordability
"$0 Parent share for households with less than $100,000 annual income with typical assets.",Financial_Aid,crawl,Yale,https://finaid.yale.edu/affordability
"Almost $73,000 Average scholarship offered in 2024-25.",Financial_Aid,crawl,Yale,https://finaid.yale.edu/affordability
55% Students receiving need-based financial aid from Yale College.,Financial_Aid,crawl,Yale,https://finaid.yale.edu/affordability
Students receiving need-based financial aid from Yale College.,Financial_Aid,crawl,Yale,https://finaid.yale.edu/affordability
The Estimated Cost of Attendance,Financial_Aid,crawl,Yale,https://finaid.yale.edu/coa
Important Note for Eli Whitney Students,Financial_Aid,crawl,Yale,https://finaid.yale.edu/coa
Planning for Four Years,Financial_Aid,crawl,Yale,https://finaid.yale.edu/coa
International Students and U.S. Taxes,Financial_Aid,crawl,Yale,https://finaid.yale.edu/coa
Books/Course Material/Supplies/Equipment,Financial_Aid,crawl,Yale,https://finaid.yale.edu/coa
"$1,000 Books/Course Material/Supplies/Equipment",Financial_Aid,crawl,Yale,https://finaid.yale.edu/coa
Any increases in the cost of attendance for future academic years will be matched with increases in student’s financial aid offer. Yale will continue to meet 100% of demonstrated financial need.,Financial_Aid,crawl,Yale,https://finaid.yale.edu/coa
U.S. Citizens and Permanent Residents’ family’s circumstances are reevaluated each year using tax information from two years prior.,Financial_Aid,crawl,Yale,https://finaid.yale.edu/coa
The estimated cost of attendance (COA) refers to the total expenses a student is expected to incur - both billed and unbilled - when attending Yale College. Yale considers the following expenses when determining the estimated COA for one academic year:,Financial_Aid,crawl,Yale,https://finaid.yale.edu/coa
Students and families have several options to cover their net costs after any financial aid is applied to the total estimated cost of attendance. Yale financial aid counselors can help families understand and pursue the following financing options:,Financial_Aid,crawl,Yale,https://finaid.yale.edu/financingoptions
Scholarships and Grants,Financial_Aid,crawl,Yale,https://finaid.yale.edu/typesofaid
Yale Scholarship : a grant provided to Yale undergraduates from the University’s own funds. Its award is based solely on financial need.,Financial_Aid,crawl,Yale,https://finaid.yale.edu/typesofaid
"Merit-based scholarships : may be funded by private companies, employers, and nonprofit organizations; these are not offered by Yale. These scholarships are based on criteria directly related to a student’s performance in academics, sports, music, and/or another field of special interest. Merit scholarships may reduce or replace the Student Share component of the Yale financial aid offer.",Financial_Aid,crawl,Yale,https://finaid.yale.edu/typesofaid
"Entitlement grants : awarded based on criteria such as federally-determined financial need, city or state of residence, and/or affiliation with an employer. Sources may include federal or state government or other agencies not affiliated with Yale. Entitlement grants reduce Yale Scholarship grants dollar for dollar. Examples include Pell Grants , Supplemental Educational Opportunity Grants (SEOG) , state grants, tuition benefits, and Yale Club or Association Scholarships.",Financial_Aid,crawl,Yale,https://finaid.yale.edu/typesofaid
Students may use loans to cover some or all of their student share instead of taking a term-time or summer job. Families may be eligible for certain types of loans regardless of whether a student receives Yale Scholarship. Learn more about loan options .,Financial_Aid,crawl,Yale,https://finaid.yale.edu/typesofaid
Estimated Cost to Attend Yale,Financial_Aid,crawl,Yale,https://finaid.yale.edu/offerletter
Special Notes About Your Offer,Financial_Aid,crawl,Yale,https://finaid.yale.edu/offerletter
Estimated Net Cost to Attend Yale,Financial_Aid,crawl,Yale,https://finaid.yale.edu/offerletter
Options to Pay Net Cost,Financial_Aid,crawl,Yale,https://finaid.yale.edu/offerletter
Estimated Yale Term Bill,Financial_Aid,crawl,Yale,https://finaid.yale.edu/offerletter
"Travel expenses, which vary based on the student’s home address",Financial_Aid,crawl,Yale,https://finaid.yale.edu/offerletter
"Supplementary allowance, which is a one-time startup grant offered to incoming students with the highest need",Financial_Aid,crawl,Yale,https://finaid.yale.edu/offerletter
Full-time vs. part-time enrollment (Eli Whitney Students Program),Financial_Aid,crawl,Yale,https://finaid.yale.edu/offerletter
Full academic year vs. single semester enrollment,Financial_Aid,crawl,Yale,https://finaid.yale.edu/offerletter
Late Fees (administered by Student Accounts for past due balances),Financial_Aid,crawl,Yale,https://finaid.yale.edu/offerletter
"If your financial circumstances have changed since your financial aid offer was generated, you may submit a request for review.",Financial_Aid,crawl,Yale,https://finaid.yale.edu/offerletter
"The first section of a student’s offer letter reflects a personalized estimate of the cost to attend Yale College for the upcoming academic year. Although most costs are fixed, a student’s estimated cost to attend Yale may differ based on the following:",Financial_Aid,crawl,Yale,https://finaid.yale.edu/offerletter
This section is divided between Billed Expenses and Estimated Unbilled Expenses .,Financial_Aid,crawl,Yale,https://finaid.yale.edu/offerletter
"The Gift Aid section of the offer letter shows the grants and scholarships you will receive to help cover your Estimated Cost of Attendance. Multiple sources of aid may appear present in this section, including:",Financial_Aid,crawl,Yale,https://finaid.yale.edu/offerletter
"This section provides context about how the offer was calculated. It may contain notes about special circumstances, adjustments made since a previous offer letter was generated, and future situations that could change future offers substantially. Review this information carefully.",Financial_Aid,crawl,Yale,https://finaid.yale.edu/offerletter
This section shows the estimated costs that remain after gift aid is applied. This reflects Yale’s assessment of a family’s ability to contribute financially towards a Yale undergraduate education. Think of this section as the “bottom line.” Net cost is divided between a parent and a student share . These are a suggestion for dividing expenses based on Yale’s assessment of your family’s ability to pay. The estimated net cost to attend Yale is equal to the expected family contribution .,Financial_Aid,crawl,Yale,https://finaid.yale.edu/offerletter
This section includes financing options for families to meet their net cost. Learn more about Financing Options .,Financial_Aid,crawl,Yale,https://finaid.yale.edu/offerletter
"This section shows your expected billed expenses and gift aid to estimate the amount you will pay directly to Yale prior to the beginning of each term. This does not include estimated unbilled expenses, such as books and travel expenses.",Financial_Aid,crawl,Yale,https://finaid.yale.edu/offerletter
General Information,Financial_Aid,crawl,Yale,https://finaid.yale.edu/abroad
Financial Aid Process and Requirements,Financial_Aid,crawl,Yale,https://finaid.yale.edu/abroad
Determining your Financial Aid Offer,Financial_Aid,crawl,Yale,https://finaid.yale.edu/abroad
Disbursement of Financial Aid,Financial_Aid,crawl,Yale,https://finaid.yale.edu/abroad
Important Note for Families Enrolled in Yale Payment Plan,Financial_Aid,crawl,Yale,https://finaid.yale.edu/abroad
The Year or Term Abroad Budget Form for Undergraduate Financial Aid,Financial_Aid,crawl,Yale,https://finaid.yale.edu/abroad
Provide a copy of the bill from the program or institution to this weblink.,Financial_Aid,crawl,Yale,https://finaid.yale.edu/abroad
"If the study abroad program cost is equal to Yale’s cost of attendance, you will receive the same amount of Yale scholarship that you would have received at Yale.",Financial_Aid,crawl,Yale,https://finaid.yale.edu/abroad
"If the study abroad program cost is less than Yale’s cost of attendance, you will receive up to the same amount of Yale scholarship that you would have received at Yale, while not exceeding the cost of the program.",Financial_Aid,crawl,Yale,https://finaid.yale.edu/abroad
"If the study abroad program cost is more than Yale’s cost of attendance, you will receive the same amount of Yale scholarship that you would have received at Yale, and will be responsible for the excess cost.",Financial_Aid,crawl,Yale,https://finaid.yale.edu/abroad
"If billed by a U.S. organization or institution of higher learning , Undergraduate Financial Aid will authorize a check to the program up to the balance due, based on the submitted copy of the bill. Any remaining funds will be released directly to the student through YalePay .",Financial_Aid,crawl,Yale,https://finaid.yale.edu/abroad
Students enrolled directly in a college or university abroad and will not be billed by a U.S. organization or institution of higher learning will have all financial aid released to YalePay to be put towards billed expenses.,Financial_Aid,crawl,Yale,https://finaid.yale.edu/abroad
"For general information on Year or Term Abroad, please visit the following websites:",Financial_Aid,crawl,Yale,https://finaid.yale.edu/abroad
"If you have questions about the required forms, please e-mail isa.yss.undergrad.fa@yale.edu .",Financial_Aid,crawl,Yale,https://finaid.yale.edu/abroad
"If enrolled in the Yale Payment Plan, Undergraduate Financial Aid advises families to cancel the plan when abroad. If still enrolled in a Yale Payment Plan, Yale will only refund the actual Yale Plan payments to date. Other financing options , such as loans , may be a good alternative to the Yale Payment Plan. Families may also contact the study abroad institution for payment plans they may offer.",Financial_Aid,crawl,Yale,https://finaid.yale.edu/abroad
Yale Summer Session (YSS) Financial Assistance,Financial_Aid,crawl,Yale,https://finaid.yale.edu/summer
Summer Pell Grants,Financial_Aid,crawl,Yale,https://finaid.yale.edu/summer
Yale College students may apply for certain types of summer loans through the Undergraduate Financial Aid office. Learn more by visiting Student and Parent Loans .,Financial_Aid,crawl,Yale,https://finaid.yale.edu/summer
Yale graduate and professional school students should contact their own graduate or professional school’s Financial Aid Office regarding loan options.,Financial_Aid,crawl,Yale,https://finaid.yale.edu/summer
Students visiting from other schools should contact their home institutions.,Financial_Aid,crawl,Yale,https://finaid.yale.edu/summer
For information about funding sources for Yale Summer Session Abroad programs review the costs and funding page for Yale Summer Session Programs Abroad .,Financial_Aid,crawl,Yale,https://finaid.yale.edu/summer
"For information about the International Study Award (ISA), please visit the Office of International and Summer Programs website .",Financial_Aid,crawl,Yale,https://finaid.yale.edu/summer
"For a comprehensive list of tuition costs for YSS courses, please visit the YSS website .",Financial_Aid,crawl,Yale,https://finaid.yale.edu/summer
Students enrolled in Yale Summer Session may be eligible for a variety of student loans.,Financial_Aid,crawl,Yale,https://finaid.yale.edu/summer
Common Checklist Requirements For:,Financial_Aid,crawl,Yale,https://finaid.yale.edu/apply/prospective
"Important Note about Divorced, Separated, or Unmarried Parents",Financial_Aid,crawl,Yale,https://finaid.yale.edu/apply/prospective
Important Notes for U.S. Citizens Living Abroad,Financial_Aid,crawl,Yale,https://finaid.yale.edu/apply/prospective
"Priority Deadlines, 2026-27 Academic Year",Financial_Aid,crawl,Yale,https://finaid.yale.edu/apply/prospective
Important Note about Priority Deadlines,Financial_Aid,crawl,Yale,https://finaid.yale.edu/apply/prospective
Requirements for Applicants With U.S. Citizenship or Who Are U.S. Permanent Residents,Financial_Aid,crawl,Yale,https://finaid.yale.edu/apply/prospective
Requirements for Applicants with International Citizenship (Including Canadians),Financial_Aid,crawl,Yale,https://finaid.yale.edu/apply/prospective
Questions about your checklist requirements?,Financial_Aid,crawl,Yale,https://finaid.yale.edu/apply/prospective
Still have questions?,Financial_Aid,crawl,Yale,https://finaid.yale.edu/apply/prospective
Applicants with U.S. Citizenship or who are U.S. Permanent Residents,Financial_Aid,crawl,Yale,https://finaid.yale.edu/apply/prospective
Applicants with International Citizenship (Including Canadians),Financial_Aid,crawl,Yale,https://finaid.yale.edu/apply/prospective
CSS Profile (Yale College’s Code: 3987),Financial_Aid,crawl,Yale,https://finaid.yale.edu/apply/prospective
FAFSA (Yale College’s Code: 001426),Financial_Aid,crawl,Yale,https://finaid.yale.edu/apply/prospective
"Parent and Student Tax Returns (Form 1040) If no federal tax return was filed, Parent and Student Non-Tax Filer’s Statement",Financial_Aid,crawl,Yale,https://finaid.yale.edu/apply/prospective
"If no federal tax return was filed, Parent and Student Non-Tax Filer’s Statement",Financial_Aid,crawl,Yale,https://finaid.yale.edu/apply/prospective
"Form 1040 Schedules A, B, C, D, E, F",Financial_Aid,crawl,Yale,https://finaid.yale.edu/apply/prospective
"Business Tax Return Form 1065, 1120-S or 1120",Financial_Aid,crawl,Yale,https://finaid.yale.edu/apply/prospective
Noncustodial Parent Requirements,Financial_Aid,crawl,Yale,https://finaid.yale.edu/apply/prospective
"Parent and Student Income Documentation If a tax return was filed, submit all applicable tax documentation. If tax returns are not in English, please provide an English translation . The translation may be unofficial, and figures do not need to be converted to U.S. dollars. If a tax return was not filed, submit documentation of income, such as a letter from your employer.",Financial_Aid,crawl,Yale,https://finaid.yale.edu/apply/prospective
"If a tax return was filed, submit all applicable tax documentation. If tax returns are not in English, please provide an English translation . The translation may be unofficial, and figures do not need to be converted to U.S. dollars.",Financial_Aid,crawl,Yale,https://finaid.yale.edu/apply/prospective
"If tax returns are not in English, please provide an English translation . The translation may be unofficial, and figures do not need to be converted to U.S. dollars.",Financial_Aid,crawl,Yale,https://finaid.yale.edu/apply/prospective
"If a tax return was not filed, submit documentation of income, such as a letter from your employer.",Financial_Aid,crawl,Yale,https://finaid.yale.edu/apply/prospective
"Students who expressed interest in applying for financial aid when completing their application for admission can view a personalized checklist on the Yale Admissions Status Portal . Applicants should check the portal regularly , as new required documents may be added during the review process.",Financial_Aid,crawl,Yale,https://finaid.yale.edu/apply/prospective
"For the 2026-27 Academic Year, Yale requires 2024 income documentation.",Financial_Aid,crawl,Yale,https://finaid.yale.edu/apply/prospective
"If you are a U.S. Citizen living abroad, you will be required to submit all available tax and income documentation from all applicable countries.",Financial_Aid,crawl,Yale,https://finaid.yale.edu/apply/prospective
The following requirements may be included on your financial aid checklist depending on your family’s circumstances:,Financial_Aid,crawl,Yale,https://finaid.yale.edu/apply/prospective
The Review Process,Financial_Aid,crawl,Yale,https://finaid.yale.edu/rfr
Newly Admitted Students and Incoming First-years,Financial_Aid,crawl,Yale,https://finaid.yale.edu/rfr
Continuing Students,Financial_Aid,crawl,Yale,https://finaid.yale.edu/rfr
Submission Deadlines,Financial_Aid,crawl,Yale,https://finaid.yale.edu/rfr
Changes in family size or number of siblings in college,Financial_Aid,crawl,Yale,https://finaid.yale.edu/rfr
Extraordinary uninsured medical expenses,Financial_Aid,crawl,Yale,https://finaid.yale.edu/rfr
Complete the Request for Review of Financial Aid form . Submit the form using the upload method listed in the form’s header.,Financial_Aid,crawl,Yale,https://finaid.yale.edu/rfr
Collect any applicable documents to help explain or verify your situation. Mark on the review request form which documents you are including and submit them with the form.,Financial_Aid,crawl,Yale,https://finaid.yale.edu/rfr
Please see the Request for Review of Financial Aid form for additional circumstances that may make a review appropriate.,Financial_Aid,crawl,Yale,https://finaid.yale.edu/rfr
"If your request is approved, a revised financial aid offer letter will be provided to you. If denied, your personal financial aid counselor will communicate this to you directly.",Financial_Aid,crawl,Yale,https://finaid.yale.edu/rfr
"If you have questions as you are putting together your review request, you may call Undergraduate Financial Aid or use one of our other contact methods . We would be happy to guide you through the review process.",Financial_Aid,crawl,Yale,https://finaid.yale.edu/rfr
The last day to submit a request for review for matriculated and continuing students is March 15th of the spring semester.,Financial_Aid,crawl,Yale,https://finaid.yale.edu/rfr
"For graduate and professional students, the types of financial aid available and the application procedures for aid vary by school. Please visit your school’s financial aid website for details using the links below:",Financial_Aid,crawl,Yale,https://finaid.yale.edu/apply/graduate
Upload Documents to Undergraduate Financial Aid,Financial_Aid,crawl,Yale,https://finaid.yale.edu/upload
"The preferred submission method for all financial aid application materials* is the College Board’s IDOC service, accessible after completing the CSS Profile. This link is to be used for the following purposes, unless otherwise instructed:",Financial_Aid,crawl,Yale,https://finaid.yale.edu/upload
Veteran Benefits at Yale College,Financial_Aid,crawl,Yale,https://finaid.yale.edu/va
Chapter 33 Post-9/11 GI Bill®,Financial_Aid,crawl,Yale,https://finaid.yale.edu/va
"Example 1: Student has a $3,700 Student Share, $0 Parent Share, and is offered $95,000 in Yale Scholarship.",Financial_Aid,crawl,Yale,https://finaid.yale.edu/va
"Example 2: Student has a $3,700 Student Share, $15,000 Parent Share, and is offered $80,000 in Yale Scholarship.",Financial_Aid,crawl,Yale,https://finaid.yale.edu/va
"Example 3: Student has a $3,700 Student Share, $45,000 Parent Share, and is offered $50,000 in Yale Scholarship.",Financial_Aid,crawl,Yale,https://finaid.yale.edu/va
Chapter 35 Survivors’ and Dependents’ Educational Assistance,Financial_Aid,crawl,Yale,https://finaid.yale.edu/va
"Example 1: Student has a $3,700 Student Share, $0 Parent Share, and is offered $90,000 in Yale Scholarship.",Financial_Aid,crawl,Yale,https://finaid.yale.edu/va
"Example 2: Student has a $3,700 Student Share, $15,000 Parent Share, and is offered $75,000 in Yale Scholarship.",Financial_Aid,crawl,Yale,https://finaid.yale.edu/va
"Example 3: Student has a $3,700 Student Share, $45,000 Parent Share, and is offered $45,000 in Yale Scholarship.",Financial_Aid,crawl,Yale,https://finaid.yale.edu/va
Need more information? It may be addressed in University Aid’s FAQs,Financial_Aid,crawl,Yale,https://finaid.yale.edu/va
Additional Questions?,Financial_Aid,crawl,Yale,https://finaid.yale.edu/va
"VA Tuition Benefit: $30,908.34",Financial_Aid,crawl,Yale,https://finaid.yale.edu/va
"Yale College Yellow Ribbon Match: $19,300",Financial_Aid,crawl,Yale,https://finaid.yale.edu/va
"Fall Basic Allowance for Housing (BAH) : $12,276",Financial_Aid,crawl,Yale,https://finaid.yale.edu/va
"Spring Basic Allowance for Housing (BAH): $15,345",Financial_Aid,crawl,Yale,https://finaid.yale.edu/va
"A Chapter 33 benefit would reduce the Student Share to $0, and the Yale Scholarship would be adjusted to $0.",Financial_Aid,crawl,Yale,https://finaid.yale.edu/va
"Total Yale Scholarship of $0 + Chapter 33 benefit of $98,129.34 = $98,129.34*.",Financial_Aid,crawl,Yale,https://finaid.yale.edu/va
"A Chapter 33 benefit would reduce the Student Share to $0, and the Yale Scholarship would be adjusted to $0, since the Chapter 33 benefit reduces Yale Scholarship dollar-for-dollar and is in excess of the original Yale Scholarship offered.",Financial_Aid,crawl,Yale,https://finaid.yale.edu/va
"The student would receive more VA benefits ($98,129.34) than the original Yale Scholarship that was offered ($80,000).",Financial_Aid,crawl,Yale,https://finaid.yale.edu/va
"The student would receive more VA benefits ($98,129.34) than the original Yale Scholarship that was offered ($50,000).",Financial_Aid,crawl,Yale,https://finaid.yale.edu/va
"A Chapter 35 benefit would reduce the Student Share to $0, and the Yale Scholarship would be adjusted to $81,863*.",Financial_Aid,crawl,Yale,https://finaid.yale.edu/va
"Total Yale Scholarship of $81,863 + Chapter 35 benefit of $11,837= $93,700.",Financial_Aid,crawl,Yale,https://finaid.yale.edu/va
"The Chapter 35 benefit would reduce the Student Share to $0, and the Yale Scholarship would be adjusted to $66,863*.",Financial_Aid,crawl,Yale,https://finaid.yale.edu/va
"Total Yale Scholarship of $66,863 + Chapter 35 benefit of $11,837= $78,700.",Financial_Aid,crawl,Yale,https://finaid.yale.edu/va
"The Chapter 35 benefit would reduce the Student Share to $0, and the Yale Scholarship would be adjusted to $36,863*.",Financial_Aid,crawl,Yale,https://finaid.yale.edu/va
"Total Yale Scholarship of $36,863 + Chapter 35 benefit of $11,837= $48,700.",Financial_Aid,crawl,Yale,https://finaid.yale.edu/va
"If you aren’t yet familiar with the different types of VA Educational Benefits, we recommend starting with the Educational Benefits at Yale page on University Financial Aid’s website, where you’ll find an overview of the programs most commonly used at Yale.",Financial_Aid,crawl,Yale,https://finaid.yale.edu/va
"The Chapter 33 benefit policy follows Yale College’s Outside Resources policy that states for students receiving need-based financial aid, outside resources are first used to reduce or replace the Student Share portion of the financial aid offer. In most cases, the standard Student Share is $3,700 per academic year. Any outside resource(s) that exceed the Student Share will reduce the Yale Scholarship on a dollar-for-dollar basis. VA Benefits do not reduce the Parent Share .",Financial_Aid,crawl,Yale,https://finaid.yale.edu/va
"The Chapter 35 benefit policy follows Yale College’s Outside Resources policy that states for students receiving need-based financial aid, outside resources are first used to reduce or replace the Student Share portion of the financial aid offer. In most cases, the standard Student Share is $3,700 per academic year. If the total value of the outside resource(s) exceeds the Student Share, the remaining amount will reduce the Yale Scholarship on a dollar-for-dollar basis. VA Benefits do not reduce the Parent Share .",Financial_Aid,crawl,Yale,https://finaid.yale.edu/va
Requirements for Continuing Students Enrolled at Yale College With U.S. Citizenship or Who Are U.S. Permanent Residents,Financial_Aid,crawl,Yale,https://finaid.yale.edu/apply/continuing
Requirements for Continuing Students Enrolled at Yale College with International Citizenship (Including Canadians),Financial_Aid,crawl,Yale,https://finaid.yale.edu/apply/continuing
Important Note for International Citizens,Financial_Aid,crawl,Yale,https://finaid.yale.edu/apply/continuing
Continuing Students enrolled at Yale College with U.S. Citizenship or who are Permanent Residents,Financial_Aid,crawl,Yale,https://finaid.yale.edu/apply/continuing
Continuing Students enrolled at Yale College with International Citizenship (Including Canadians),Financial_Aid,crawl,Yale,https://finaid.yale.edu/apply/continuing
"For students who complete their financial aid applications by the priority deadline, offers are typically released in late May or early June, in advance of the July 1 term bill.",Financial_Aid,crawl,Yale,https://finaid.yale.edu/apply/continuing
"If you miss the deadline, y ou are still eligible to apply for financial aid , and your offer will not be reduced because of late submission. Please work to complete your aid application as soon as possible to ensure you and your family have time to plan for the upcoming academic year.",Financial_Aid,crawl,Yale,https://finaid.yale.edu/apply/continuing
How do Merit Scholarships Affect the Financial Aid Offer?,Financial_Aid,crawl,Yale,https://finaid.yale.edu/outsideresources
Receiving Outside Aid? Let Undergraduate Financial Aid Know,Financial_Aid,crawl,Yale,https://finaid.yale.edu/outsideresources
Resources for Merit-based Scholarships,Financial_Aid,crawl,Yale,https://finaid.yale.edu/outsideresources
U.S. Military Benefits,Financial_Aid,crawl,Yale,https://finaid.yale.edu/outsideresources
Enrollment Verification for Scholarship Agencies,Financial_Aid,crawl,Yale,https://finaid.yale.edu/outsideresources
Outside Resources Payment Information,Financial_Aid,crawl,Yale,https://finaid.yale.edu/outsideresources
Federal Student Aid website: Finding and Applying for Scholarships,Financial_Aid,crawl,Yale,https://finaid.yale.edu/outsideresources
U.S. Dept. of Labor’s Career One Stop: Scholarship Finder (for U.S. and international citizens),Financial_Aid,crawl,Yale,https://finaid.yale.edu/outsideresources
U.S. Dept. of State’s Education USA: Finance Your Studies (for international citizens),Financial_Aid,crawl,Yale,https://finaid.yale.edu/outsideresources
CollegeScholarships.org: Scholarship Search Engine,Financial_Aid,crawl,Yale,https://finaid.yale.edu/outsideresources
Fastweb: College Scholarships and Grants,Financial_Aid,crawl,Yale,https://finaid.yale.edu/outsideresources
International Education Financial Aid (IEFA): Scholarships,Financial_Aid,crawl,Yale,https://finaid.yale.edu/outsideresources
Students receiving outside resources should submit an Outside Scholarship/Resource Information Form,Financial_Aid,crawl,Yale,https://finaid.yale.edu/outsideresources
The U.S. government provides resources to help U.S. and international students find scholarships for study at U.S. universities.,Financial_Aid,crawl,Yale,https://finaid.yale.edu/outsideresources
"The U.S. government offers a variety of education benefits for veterans and active service members. For more information, see Financial Aid Policies .",Financial_Aid,crawl,Yale,https://finaid.yale.edu/outsideresources
Important Note about Eli Whitney Students Program,Financial_Aid,crawl,Yale,https://finaid.yale.edu/ewsp
Requirements for Eli Whitney Students Program Applicants With U.S. Citizenship or Who Are U.S. Permanent Residents,Financial_Aid,crawl,Yale,https://finaid.yale.edu/ewsp
Requirements for Eli Whitney Students Program Applicants With International Citizenship (Including Canadians),Financial_Aid,crawl,Yale,https://finaid.yale.edu/ewsp
Important Information for International Citizens (Including Canadians),Financial_Aid,crawl,Yale,https://finaid.yale.edu/ewsp
Requirements for Continuing Eli Whitney Students Enrolled at Yale College,Financial_Aid,crawl,Yale,https://finaid.yale.edu/ewsp
Continuing Eli Whitney Students Enrolled at Yale College,Financial_Aid,crawl,Yale,https://finaid.yale.edu/ewsp
"Student Tax Returns (Form 1040) Include all corresponding Schedules (1, 2, 3, A, B, C, D, E, F) If no federal tax return was filed, Student Non-Tax Filer’s Statement",Financial_Aid,crawl,Yale,https://finaid.yale.edu/ewsp
"Include all corresponding Schedules (1, 2, 3, A, B, C, D, E, F)",Financial_Aid,crawl,Yale,https://finaid.yale.edu/ewsp
"If no federal tax return was filed, Student Non-Tax Filer’s Statement",Financial_Aid,crawl,Yale,https://finaid.yale.edu/ewsp
"Spousal Requirements, if applicable",Financial_Aid,crawl,Yale,https://finaid.yale.edu/ewsp
"Student Income Documentation If a tax return was filed, submit all applicable tax documentation. If tax returns are not in English, please provide an English translation . The translation may be unofficial, and figures do not need to be converted to U.S. dollars. If a tax return was not filed, submit documentation of income, such as a letter from your employer.",Financial_Aid,crawl,Yale,https://finaid.yale.edu/ewsp
Verification of Student Assets (available in YaleHub ),Financial_Aid,crawl,Yale,https://finaid.yale.edu/ewsp
The following requirements may be included on your financial aid checklist depending on your circumstances:,Financial_Aid,crawl,Yale,https://finaid.yale.edu/ewsp
Esplanade (family options),Housing,crawl,Yale,https://housing.yale.edu/graduate-housing/our-buildings
Whitehall (family options),Housing,crawl,Yale,https://housing.yale.edu/graduate-housing/our-buildings
254 Prospect Street,Housing,crawl,Yale,https://housing.yale.edu/graduate-housing/our-buildings
276 Prospect Street,Housing,crawl,Yale,https://housing.yale.edu/graduate-housing/our-buildings
First Year Students,Housing,crawl,Yale,https://housing.yale.edu/graduate-housing/our-buildings
272 Elm Street (GSAS only),Housing,crawl,Yale,https://housing.yale.edu/graduate-housing/our-buildings
Divinity School - Sterling Quadrangle,Housing,crawl,Yale,https://housing.yale.edu/graduate-housing/our-buildings
Divinity School - Bauer Hall,Housing,crawl,Yale,https://housing.yale.edu/graduate-housing/our-buildings
"Graduate Housing Applications are acce​pted only in this online, electronic format.",Housing,crawl,Yale,https://housing.yale.edu/graduate-housing/apply/application
"Shared Unfurnished Apartments Whitehall, 68 Mansfield and Yale Divinity Quadrangle (for Divinity students only)",Housing,crawl,Yale,https://housing.yale.edu/graduate-housing/apply/application
"Whitehall, 68 Mansfield and Yale Divinity Quadrangle (for Divinity students only)",Housing,crawl,Yale,https://housing.yale.edu/graduate-housing/apply/application
"Furnished units (renewable option) Harkness Hall, Baker Hall, 254 Prospect, 276 Prospect",Housing,crawl,Yale,https://housing.yale.edu/graduate-housing/apply/application
"Harkness Hall, Baker Hall, 254 Prospect, 276 Prospect",Housing,crawl,Yale,https://housing.yale.edu/graduate-housing/apply/application
"Furnished units (non-renewable, first year students only) 272 Elm ( GSAS students only), and Mansfield.",Housing,crawl,Yale,https://housing.yale.edu/graduate-housing/apply/application
"272 Elm ( GSAS students only), and Mansfield.",Housing,crawl,Yale,https://housing.yale.edu/graduate-housing/apply/application
"Family Housing (unfurnished) Esplanade (efficiency, 1, 2 and 3 bedroom apartments), Whitehall (2-bedroom apartments)",Housing,crawl,Yale,https://housing.yale.edu/graduate-housing/apply/application
"Esplanade (efficiency, 1, 2 and 3 bedroom apartments), Whitehall (2-bedroom apartments)",Housing,crawl,Yale,https://housing.yale.edu/graduate-housing/apply/application
"The Housing Application for the 2026-2027 Academic Year for Graduate and Professional students will open on April 1, 2026. Room Selection will begin the week of April 20th. Details will be provided to you once you have submitted your application. Please be sure to review the webinar, application procedures, and general information before applying. There is limited availability.",Housing,crawl,Yale,https://housing.yale.edu/graduate-housing/apply/application
Graduate Housing for 2026-2027 Academic Year:,Housing,crawl,Yale,https://housing.yale.edu/graduate-housing/apply/general-information
Tours of Yale Housing,Housing,crawl,Yale,https://housing.yale.edu/graduate-housing/apply/general-information
Housing Applications are accepted only in the electronic online format. To access click here .,Housing,crawl,Yale,https://housing.yale.edu/graduate-housing/apply/general-information
Please view our Buildings page before completing the application.,Housing,crawl,Yale,https://housing.yale.edu/graduate-housing/apply/general-information
"Unfurnished units and the Divinity Living Village applicants - Micro, Efficiency, one bedroom and two bedroom shared units will participate in a Room Selection process.",Housing,crawl,Yale,https://housing.yale.edu/graduate-housing/apply/general-information
Family Housing applicants - assignments at Whitehall or Esplanade will be made manually by Yale Housing. Applicants will be notified by email.,Housing,crawl,Yale,https://housing.yale.edu/graduate-housing/apply/general-information
Furnished housing applicants - will participate in Room Selection where you will choose your hall and room assignment.,Housing,crawl,Yale,https://housing.yale.edu/graduate-housing/apply/general-information
Especially for graduate students applying for housing from India - please make sure your VPN is changed to a US location before applying.,Housing,crawl,Yale,https://housing.yale.edu/graduate-housing/apply/general-information
Note: there is a one-year residency limit at the following halls (non-renewable): 272 Elm (first-year GSAS students only) Mansfield Apartments,Housing,crawl,Yale,https://housing.yale.edu/graduate-housing/apply/general-information
"License Agreement term dates August 1, 2026 – May 31, 2027",Housing,crawl,Yale,https://housing.yale.edu/graduate-housing/apply/general-information
"August 1, 2026 – May 31, 2027",Housing,crawl,Yale,https://housing.yale.edu/graduate-housing/apply/general-information
"License Agreement Renewals Current students looking to renew their contracts for the next academic year do not need to re-apply. Please review the Housing Timeline of processes and events, or contact the Yale Housing staff to find out more about how to proceed with renewing your contract.",Housing,crawl,Yale,https://housing.yale.edu/graduate-housing/apply/general-information
"Current students looking to renew their contracts for the next academic year do not need to re-apply. Please review the Housing Timeline of processes and events, or contact the Yale Housing staff to find out more about how to proceed with renewing your contract.",Housing,crawl,Yale,https://housing.yale.edu/graduate-housing/apply/general-information
Half-Year License Agreements Yale Housing does not offer half-year (semester-long) contracts. Students graduating in December will not be allowed to renew and should look off campus for housing that better meets their situation.,Housing,crawl,Yale,https://housing.yale.edu/graduate-housing/apply/general-information
Yale Housing does not offer half-year (semester-long) contracts. Students graduating in December will not be allowed to renew and should look off campus for housing that better meets their situation.,Housing,crawl,Yale,https://housing.yale.edu/graduate-housing/apply/general-information
"Application/Processing Fee: $110, non-refundable, one-time fee.",Housing,crawl,Yale,https://housing.yale.edu/graduate-housing/apply/general-information
"Residential Life Programming Fee: amount varies depending on Hall, non-refundable, yearly.",Housing,crawl,Yale,https://housing.yale.edu/graduate-housing/apply/general-information
"Personal Property Insurance: $152 Personal Property Insurance, non-refundable, yearly. Residents with proof of insurance may opt out no later than September 1st.",Housing,crawl,Yale,https://housing.yale.edu/graduate-housing/apply/general-information
The Housing Application for the 2026-2027 Academic Year for Graduate and Professional students will open on April 1st.,Housing,crawl,Yale,https://housing.yale.edu/graduate-housing/apply/general-information
The License Agreement term dates are below. All license agreements must be signed within 48 hours of selecting a room assignment. Any assignments without a signed license agreement will be cancelled.,Housing,crawl,Yale,https://housing.yale.edu/graduate-housing/apply/general-information
The following fees are posted to the students’ YalePay account:,Housing,crawl,Yale,https://housing.yale.edu/graduate-housing/apply/general-information
The following cancellation fees will be posted to the student’s YalePay account should the assignment be cancelled after signing the Housing License Agreement.,Housing,crawl,Yale,https://housing.yale.edu/graduate-housing/apply/general-information
Alterations to the Housing,Housing,crawl,Yale,https://housing.yale.edu/apply-now/general-information/policies
Care of the Premises,Housing,crawl,Yale,https://housing.yale.edu/apply-now/general-information/policies
Illegal Appliances,Housing,crawl,Yale,https://housing.yale.edu/apply-now/general-information/policies
Lost Keys/Lock-Outs,Housing,crawl,Yale,https://housing.yale.edu/apply-now/general-information/policies
Packing and Shipping,Housing,crawl,Yale,https://housing.yale.edu/apply-now/general-information/policies
Transfer/Room Change Policy,Housing,crawl,Yale,https://housing.yale.edu/apply-now/general-information/policies
"You are responsible for the full term of the license agreement. If you wish to terminate your license agreement and vacate before the end of its term, you will be responsible for all rent charges posted to your YalePay account. All early terminations will incur a cancellation fee based on this schedule:",Housing,crawl,Yale,https://housing.yale.edu/apply-now/general-information/policies
Please notify Yale Housing Office if you have lost your key(s). A replacement fee of $50 per key will be charged to the your YalePay account. Residents who are locked out of their apartments can contact Security at 203-785-5555 for an officer to open their doors.,Housing,crawl,Yale,https://housing.yale.edu/apply-now/general-information/policies
"Students are responsible for arranging the packing, shipping and storage of their own belongings. Any student who has an active assignment and leaves belongings in their room, will be charged an in-room storage fee. Students who leave belongings behind and do not have an active assignment, will be charged for the removal of those belongings",Housing,crawl,Yale,https://housing.yale.edu/apply-now/general-information/policies
"For furnished housing students can request a room change to a new furnished room during the academic year. Students need to submit a Room Change Request form to Yale Housing. If and when space is available, Yale Housing will contact students with new building or bedroom options. There is a $350 transfer fee, which will be billed to the student’s YalePay account.",Housing,crawl,Yale,https://housing.yale.edu/apply-now/general-information/policies
Requests and Information,Housing,crawl,Yale,https://housing.yale.edu/apply-now/general-information/policies/forms
"Applications for the 2026-2027 Academic Year will open in April 1, 2026",Housing,crawl,Yale,https://housing.yale.edu/apply-now/timeline
Welcome to the Graduate Resident Community!,Housing,crawl,Yale,https://housing.yale.edu/graduate-housing/graduate-residence-life
Events and Programs!,Housing,crawl,Yale,https://housing.yale.edu/graduate-housing/graduate-residence-life
Jour your building’s Yale Connect Group!,Housing,crawl,Yale,https://housing.yale.edu/graduate-housing/graduate-residence-life
Whitehall Children and Families,Housing,crawl,Yale,https://housing.yale.edu/graduate-housing/graduate-residence-life
Esplanade Children and Families,Housing,crawl,Yale,https://housing.yale.edu/graduate-housing/graduate-residence-life
Housing Sustainability and Swap Room,Housing,crawl,Yale,https://housing.yale.edu/graduate-housing/graduate-residence-life
Want to join the Residence Life Team?,Housing,crawl,Yale,https://housing.yale.edu/graduate-housing/residence-life/residence-life-team
Individual responsibility and mutual respect,Housing,crawl,Yale,https://housing.yale.edu/graduate-housing/residence-life/residence-life-team
Advocacy of academic integrity,Housing,crawl,Yale,https://housing.yale.edu/graduate-housing/residence-life/residence-life-team
Freedom of expression within a diverse and dynamic residential community,Housing,crawl,Yale,https://housing.yale.edu/graduate-housing/residence-life/residence-life-team
Children’s Program Coordinator,Housing,crawl,Yale,https://housing.yale.edu/graduate-housing/residence-life/residence-life-team
All info sessions for the 25 - 26 application period have not past.,Housing,crawl,Yale,https://housing.yale.edu/graduate-housing/residence-life/residence-life-team
Email nicole.copeland@yale.edu with any additional questions!,Housing,crawl,Yale,https://housing.yale.edu/graduate-housing/residence-life/residence-life-team
"The Yale Graduate Residence Life Team is composed of 16 Community Fellows , 2 Children’s and Family Coordinators and 1 Sustainability/Swap Room Coordinator . Together, they are dedicated to providing student-centered programs and services that emphasize:",Housing,crawl,Yale,https://housing.yale.edu/graduate-housing/residence-life/residence-life-team
"If you are interested in a Residential Life role, we encourage you to attend one of our information sessions beginning in January 2027. Applications for the 2027-2028 academic year will open in February 2027.",Housing,crawl,Yale,https://housing.yale.edu/graduate-housing/residence-life/residence-life-team
"If you would like to join our interest list to be notified of any openings or stay up to date on the 2027-2028 application process, please sign up HERE",Housing,crawl,Yale,https://housing.yale.edu/graduate-housing/residence-life/residence-life-team
Alcohol Policy for Housing-Sponsored Events,Housing,crawl,Yale,https://housing.yale.edu/graduate-housing/residence-life/alcohol-policy
Alcohol Policy for Students in Graduate Housing,Housing,crawl,Yale,https://housing.yale.edu/graduate-housing/residence-life/alcohol-policy
Not letting intoxicated persons drive while under the influence.,Housing,crawl,Yale,https://housing.yale.edu/graduate-housing/residence-life/alcohol-policy
Seeking medical help/assistance if someone shows signs of alcohol poisoning.,Housing,crawl,Yale,https://housing.yale.edu/graduate-housing/residence-life/alcohol-policy
Being held responsible for any property damages or cleaning charges resulting from this gathering by you or your guests.,Housing,crawl,Yale,https://housing.yale.edu/graduate-housing/residence-life/alcohol-policy
"The event itself must also abide by the following guidelines, (1) The event duration has a reasonable start and end time, (2) beer and wine are the only alcoholic beverages that may be served, and (3) appropriate quantities (equal to or greater than) of nonalcoholic beverages and food must be available and easily accessible at the same location.",Housing,crawl,Yale,https://housing.yale.edu/graduate-housing/residence-life/alcohol-policy
Sustainability In Action,Housing,crawl,Yale,https://housing.yale.edu/graduate-housing/residence-life/swap-room
Spring Salvage Program,Housing,crawl,Yale,https://housing.yale.edu/graduate-housing/residence-life/swap-room
Spring Yard Sale and Salvage,Housing,crawl,Yale,https://housing.yale.edu/graduate-housing/residence-life/swap-room
Volunteer and Community Give Back Events,Housing,crawl,Yale,https://housing.yale.edu/graduate-housing/residence-life/swap-room
Sustainable Craft Gatherings,Housing,crawl,Yale,https://housing.yale.edu/graduate-housing/residence-life/swap-room
The Swap Room is located in the basement of 533 Prospect Street,Housing,crawl,Yale,https://housing.yale.edu/graduate-housing/residence-life/swap-room
"Please join the Yale Connect Group or Yale swaproom.whitehall@gmail.com For the most up to date schedule. You may request additional access, if you are unable to attend during regular open hours.",Housing,crawl,Yale,https://housing.yale.edu/graduate-housing/residence-life/swap-room
"The Sustainability Coordinator hosts a variety of programs throughout the year, including:",Housing,crawl,Yale,https://housing.yale.edu/graduate-housing/residence-life/swap-room
"The Sustainability Coordinator collaborates with Grounds Maintenance to manage the Community Garden, where residents can grow and maintain their own veggies during the warmer months. A live lottery is held each year, offering a great way to connect with nature and neighbors.",Housing,crawl,Yale,https://housing.yale.edu/graduate-housing/residence-life/swap-room
"For more information on how to live sustainably,please visit the following links: https://campuspress.yale.edu/sustainablenewhaven/",Housing,crawl,Yale,https://housing.yale.edu/graduate-housing/residence-life/swap-room
"License agreement term: August 1, 2026-May 31, 2027",Housing,crawl,Yale,https://housing.yale.edu/graduate-housing/2026-2027-furnished-housing-rates
Living in Yale Graduate Housing,Housing,crawl,Yale,https://housing.yale.edu/graduate-housing/resources
"Maintenance, Utilities and Laundry",Housing,crawl,Yale,https://housing.yale.edu/graduate-housing/resources
"Fire, Health & Safety",Housing,crawl,Yale,https://housing.yale.edu/graduate-housing/resources
Personal Property Insurance,Housing,crawl,Yale,https://housing.yale.edu/graduate-housing/resources
Harkness Gym Membership,Housing,crawl,Yale,https://housing.yale.edu/graduate-housing/resources
Related Yale Links,Housing,crawl,Yale,https://housing.yale.edu/graduate-housing/resources
Other On-Campus Housing Options,Housing,crawl,Yale,https://housing.yale.edu/graduate-housing/resources
Graduate Residence Life Swap Room,Housing,crawl,Yale,https://housing.yale.edu/graduate-housing/resources
Policy Number – Policy No. 4-500-1-0000,Housing,crawl,Yale,https://housing.yale.edu/graduate-housing/resources
The name of your sponsor – Yale Graduate Housing,Housing,crawl,Yale,https://housing.yale.edu/graduate-housing/resources
Resources from the Office of International Students & Scholars,Housing,crawl,Yale,https://housing.yale.edu/graduate-housing/resources
The Downsizing Donation Guide,Housing,crawl,Yale,https://housing.yale.edu/graduate-housing/resources
"If you show proof that you have your own insurance coverage, you can opt out of the insurance. Notification with proof must be received by September 1st each year.",Housing,crawl,Yale,https://housing.yale.edu/graduate-housing/resources
Your Guide to Housing in New Haven,Housing,crawl,Yale,https://housing.yale.edu/graduate-housing/resources/new-yale
"If you are an undergraduate, please see Yale College .",Housing,crawl,Yale,https://housing.yale.edu/graduate-housing/resources/new-yale
"We invite all full time Graduate and Professional Students to view our Graduate Housing Options. Please understand graduate housing at Yale by reading our Apply Page . Check our details on arriving and make sure that you have the proper immunizations. If you are international, please see the resources that OISS offers.",Housing,crawl,Yale,https://housing.yale.edu/graduate-housing/resources/new-yale
Please understand graduate housing at Yale by reading our Apply Page .,Housing,crawl,Yale,https://housing.yale.edu/graduate-housing/resources/new-yale
Check our details on arriving and make sure that you have the proper immunizations.,Housing,crawl,Yale,https://housing.yale.edu/graduate-housing/resources/new-yale
"If you are international, please see the resources that OISS offers.",Housing,crawl,Yale,https://housing.yale.edu/graduate-housing/resources/new-yale
Please contact our office with any questions or concerns. We wish to make your search for housing as stress free as possible so that you have time to focus on your Yale experience. Welcome Home!,Housing,crawl,Yale,https://housing.yale.edu/graduate-housing/resources/new-yale
Yale Campus – Located in the Heart of Downtown New Haven:,Housing,crawl,Yale,https://housing.yale.edu/graduate-housing/resources/arriving-campus-new-haven-connecticut
Checking In and Early Arrivals:,Housing,crawl,Yale,https://housing.yale.edu/graduate-housing/resources/arriving-campus-new-haven-connecticut
Important Check-In Information,Housing,crawl,Yale,https://housing.yale.edu/graduate-housing/resources/arriving-campus-new-haven-connecticut
Immunization Requirements:,Housing,crawl,Yale,https://housing.yale.edu/graduate-housing/resources/arriving-campus-new-haven-connecticut
"Students can check in to their dormitory or apartment only as of the first day of their Housing License Agreement. Early arrivals are only permitted for residents who must attend Yale’s Math Camp or English Language Program. Proof of enrollment is required. There are no other exceptions. If you arrive to New Haven before your check in date, please contact a local hotel or bed & breakfast for overnight accommodations .",Housing,crawl,Yale,https://housing.yale.edu/graduate-housing/resources/arriving-campus-new-haven-connecticut
Check-In Information:,Housing,crawl,Yale,https://housing.yale.edu/graduate-housing/resources/arriving/housing-check
You must be pre-registered as move-ins/key pick up are by appointment only link will be provided in early May after room selection is complete.,Housing,crawl,Yale,https://housing.yale.edu/graduate-housing/resources/arriving/housing-check
If you require an alternate move-in date please email housing@yale.edu . Alternate date requests will only be granted for extenuating circumstances.,Housing,crawl,Yale,https://housing.yale.edu/graduate-housing/resources/arriving/housing-check
What if I arrive to campus outside the dates/times available?,Housing,crawl,Yale,https://housing.yale.edu/graduate-housing/resources/arriving/housing-check
"If you are planning to arrive on campus outside of the designated move-in times/days, you will need to make sleeping arrangements such as hotel reservations until the next available move in appointment.",Housing,crawl,Yale,https://housing.yale.edu/graduate-housing/resources/arriving/housing-check
You will receive a confirmation email prior to your appointment with your check-in details. After you pick up your keys we will provide you with a map from the check in location to your assigned residency.,Housing,crawl,Yale,https://housing.yale.edu/graduate-housing/resources/arriving/housing-check
Does Housing Have Furniture or Other Household Items Available to New Residents?,Housing,crawl,Yale,https://housing.yale.edu/graduate-housing/resources/arriving/housing-check
For a list of hotels in the area please visit https://your.yale.edu/campus-essentials/off-campus-living/local-overnight-accommodations,Housing,crawl,Yale,https://housing.yale.edu/graduate-housing/resources/arriving/housing-check
"If you have any questions, feel free to contact Yale Housing Office at housing@yale.edu .",Housing,crawl,Yale,https://housing.yale.edu/graduate-housing/resources/arriving/housing-check
"The only students who can move in before the contract start date are those who are participating in an academic program, confirmed by a Yale department hosting the early program/orientation.",Housing,crawl,Yale,https://housing.yale.edu/graduate-housing/resources/arriving/orientation
Students must coordinate their early arrival with the Yale department hosting the early program/orientation.,Housing,crawl,Yale,https://housing.yale.edu/graduate-housing/resources/arriving/orientation
Please be aware that the start date of your Housing License Agreement is August 1st and the orientation calendar and schedule provided to you by your academic school or department.,Housing,crawl,Yale,https://housing.yale.edu/graduate-housing/resources/arriving/orientation
For a schedule of the Yale Graduate and Professional Academic and Orientation calendars:,Housing,crawl,Yale,https://housing.yale.edu/graduate-housing/resources/arriving/orientation
"Friday, August 4 – Sunday, August 6 from 10:00am – 8:00pm.",Housing,crawl,Yale,https://housing.yale.edu/faq-page/8
"Friday, August 18 – Sunday, August 20 from 10:00am – 8:00pm.",Housing,crawl,Yale,https://housing.yale.edu/faq-page/8
"IKEA ( www.ikea .com ), 450 Sargent Drive, Long Wharf, New Haven, 203-865‐4532",Housing,crawl,Yale,https://housing.yale.edu/faq-page/8
"Railroad Salvage, 1131 Campbell Avenue, West Haven, 203-933‐5468",Housing,crawl,Yale,https://housing.yale.edu/faq-page/8
"Bedding Barn, 131 Boston Post Road, Orange, 203-795‐0271 314 Washington Avenue, North Haven, 203-239‐4461",Housing,crawl,Yale,https://housing.yale.edu/faq-page/8
"314 Washington Avenue, North Haven, 203-239‐4461",Housing,crawl,Yale,https://housing.yale.edu/faq-page/8
"Goodwill Store & Donation Center, 61 Amity Road, 203-397‐2735",Housing,crawl,Yale,https://housing.yale.edu/faq-page/8
"Goodwill Store & Donation Center, 305 Boston Post Road, Milford, 203-584-9007",Housing,crawl,Yale,https://housing.yale.edu/faq-page/8
"Salvation Army Thrift Store & Donation Center, 1349 Dixwell Avenue, Hamden, 203-230‐2323",Housing,crawl,Yale,https://housing.yale.edu/faq-page/8
"Sleepy’s, 130 Universal Drive, North Haven, 203-239-5252",Housing,crawl,Yale,https://housing.yale.edu/faq-page/8
Excessive cleaning: charged according to material cost and hourly rates,Housing,crawl,Yale,https://housing.yale.edu/faq-page/8
Refrigerator (cleaned & defrosted): $30,Housing,crawl,Yale,https://housing.yale.edu/faq-page/8
Stove (burners & exterior): $20,Housing,crawl,Yale,https://housing.yale.edu/faq-page/8
Trash removal (per room): 410,Housing,crawl,Yale,https://housing.yale.edu/faq-page/8
Furniture removal (per item): $30,Housing,crawl,Yale,https://housing.yale.edu/faq-page/8
Mini-blinds (per window): $10,Housing,crawl,Yale,https://housing.yale.edu/faq-page/8
"Walls, ceiling, and trim (per room): $30",Housing,crawl,Yale,https://housing.yale.edu/faq-page/8
Damage repairs: actual cost to replace the item,Housing,crawl,Yale,https://housing.yale.edu/faq-page/8
Maintenance repairs above normal wear and tear to the apartment will be assessed additional charges.,Housing,crawl,Yale,https://housing.yale.edu/faq-page/8
"For those residents who have a $700 security deposit on file with Graduate Housing, once you have returned your keys at the end of your housing license agreement and your apartment has been inspected, we will process your security deposit refund as a credit to your YalePay account. You can then request a refund from Student Financial Services. Refunds take approximately one month to process. Please visit www.yale.edu/sis to request the refund from your student account if you have a credit balance.",Housing,crawl,Yale,https://housing.yale.edu/faq-page/8
Failure to properly maintain the apartment and/or prepare it for move-out will result in fines assessed to your YalePay account. Any other monies owed to the University will be deducted by the Bursar’s Office to satisfy those charges.,Housing,crawl,Yale,https://housing.yale.edu/faq-page/8
"The following things are not allowed: Pets, firearms/ammunition, hoverboards, Lime scooters, prohibited appliances (washing machines, dishwashers, freezer units), and waterbeds.",Housing,crawl,Yale,https://housing.yale.edu/faq-page/8
The following is a brief list of stores in the surrounding areas.,Housing,crawl,Yale,https://housing.yale.edu/faq-page/8
"If you have not renewed your license agreement you must move out by noon on the last day of your lease. For most occupants, this is June 30.",Housing,crawl,Yale,https://housing.yale.edu/faq-page/8
"The last day to apply for the packing and shipping of student belongings due to Covid because of visa or travel restrictions is June 30, 2021. After that date, students will be responsible for arranging the packing, shipping and storage of their own belongings. Any student who has an active assignment and leaves belongings in their room, will be charged an in-room storage fee. Students who leave belongings behind and do not have an active assignment, will be charged for the removal of those belongings.",Housing,crawl,Yale,https://housing.yale.edu/faq-page/8
$500 if you cancel during the month of April,Housing,crawl,Yale,https://housing.yale.edu/faq-page/9
$750 if you cancel during the month of May,Housing,crawl,Yale,https://housing.yale.edu/faq-page/9
"$1,000 if you cancel between June - November",Housing,crawl,Yale,https://housing.yale.edu/faq-page/9
"$2,000 if you cancel from December until the end of the license agreement",Housing,crawl,Yale,https://housing.yale.edu/faq-page/9
ES Harkness Hall – all rooms have tile floors.,Housing,crawl,Yale,https://housing.yale.edu/faq-page/9
254 Prospect Street – all rooms have carpeted floors.,Housing,crawl,Yale,https://housing.yale.edu/faq-page/9
276 Prospect Street – most rooms have carpeted floors. Some rooms have tile/wood floors.,Housing,crawl,Yale,https://housing.yale.edu/faq-page/9
"Baker Hall - tile, cork and carpeted floors.",Housing,crawl,Yale,https://housing.yale.edu/faq-page/9
HHH – all rooms have tile floors.,Housing,crawl,Yale,https://housing.yale.edu/faq-page/9
272 Elm – vinyl plank in bedrooms and kitchens; ceramic tile in bathrooms.,Housing,crawl,Yale,https://housing.yale.edu/faq-page/9
"For students who have a security deposit ($700) on file with Yale Graduate Housing, it will stay for as long as you live within Yale Graduate Housing. When you vacate your room at the end of the license agreement, the security deposit will be credited to your YalePay account within one month of your departure. You may request a refund from Yale Student Financial Services.",Housing,crawl,Yale,https://housing.yale.edu/faq-page/9
"The dormitories do not have dedicated parking for resident use. There is metered street parking around all buildings, but students are subject to the parking rules, fines, and enforcement by the City of New Haven.",Housing,crawl,Yale,https://housing.yale.edu/faq-page/9
Please contact Yale Parking and Transit to arrange access to a Yale lot or parking garage (for a semester or academic year fee).,Housing,crawl,Yale,https://housing.yale.edu/faq-page/9
Students can have packages sent to the Barnes & Noble Student Package Center located at 77 Broadway lower level. Office hours are Monday - Saturday 10 a.m. to 7 p.m. and Sundays 12 noon to 5 p.m.,Housing,crawl,Yale,https://housing.yale.edu/faq-page/9
Please address all student packages in the following format:,Housing,crawl,Yale,https://housing.yale.edu/faq-page/9
Student Name (the name that is affiliated with your Yale email address and preferred name if it applies),Housing,crawl,Yale,https://housing.yale.edu/faq-page/9
"Students will receive an email when your UPS, DHL, USPS, Fed Ex, Amazon, or LaserShip package has been scanned and received at the Student Package Center. Do not come to the package center until you receive a second email letting you know it is “ready for pickup.” Lastly, once you pick up your package, you will receive a final email stating your package has been picked up.",Housing,crawl,Yale,https://housing.yale.edu/faq-page/9
The housing license agreement begins on August 1. You may schedule to move in on or after that date.,Housing,crawl,Yale,https://housing.yale.edu/faq-page/9
"You are responsible for the full term of the license agreement. If you wish to cancel your license agreement and vacate before the end of the license agreement term, you will still be responsible for all rent charges posted to your YalePay account. All early terminations will be subject to the following cancellation fee timeline:",Housing,crawl,Yale,https://housing.yale.edu/faq-page/9
"The dormitory rooms are furnished with an extra-long (80-inch) twin-size bed frame and mattress (bedding not included), desk and desk chair, dresser, and wardrobe unit (if other built in closets and dressers are not available). Most rooms also come with bookshelves and a sitting chair.",Housing,crawl,Yale,https://housing.yale.edu/faq-page/9
Smoke and Carbon Monoxide Detectors,Housing,crawl,Yale,https://housing.yale.edu/resources/fire-safety
Holiday Decorations,Housing,crawl,Yale,https://housing.yale.edu/resources/fire-safety
Use the fans above the stove when cooking (where available).,Housing,crawl,Yale,https://housing.yale.edu/resources/fire-safety
Never leave the kitchen when you are cooking.,Housing,crawl,Yale,https://housing.yale.edu/resources/fire-safety
Do not use high heat when cooking.,Housing,crawl,Yale,https://housing.yale.edu/resources/fire-safety
"If you set off the alarm in a non-fire incident, call 911 to let Yale Police know it is a non-emergent alarm. Only the person who sets off the alarm should make the call.",Housing,crawl,Yale,https://housing.yale.edu/resources/fire-safety
Never attach or hang anything from a sprinkler pipe or sprinkler head. The water damage that can result is immense.,Housing,crawl,Yale,https://housing.yale.edu/resources/fire-safety
Candles and open flames are prohibited due to the fire risk. LED candles are a suitable alternative.,Housing,crawl,Yale,https://housing.yale.edu/resources/fire-safety
All trees or decorations should be located a safe distance from sources of heat.,Housing,crawl,Yale,https://housing.yale.edu/resources/fire-safety
Keep your fire egress paths clear when installing any holiday decorations or furnishings.,Housing,crawl,Yale,https://housing.yale.edu/resources/fire-safety
"Only use holiday lights when you are at home and awake, and please keep in mind the following when installing holiday lights: Overloaded electrical outlets and faulty wires are a common cause of holiday-related accidents. Worn-out electrical cords and plugs should be replaced.",Housing,crawl,Yale,https://housing.yale.edu/resources/fire-safety
Overloaded electrical outlets and faulty wires are a common cause of holiday-related accidents.,Housing,crawl,Yale,https://housing.yale.edu/resources/fire-safety
Worn-out electrical cords and plugs should be replaced.,Housing,crawl,Yale,https://housing.yale.edu/resources/fire-safety
Please do not install any lights or other decorations in the common areas outside your apartment or room.,Housing,crawl,Yale,https://housing.yale.edu/resources/fire-safety
"If the fire alarm sounds, leave your room at once and exit the building through the nearest exit stairwell. Wait outside by the front of the building until the Fire Marshall says it is safe to reenter the building.",Housing,crawl,Yale,https://housing.yale.edu/resources/fire-safety
Lead Paint Disclosure,Housing,crawl,Yale,https://housing.yale.edu/graduate-housing/resources/health-and-safety-links
Yale Public Safety,Housing,crawl,Yale,https://housing.yale.edu/graduate-housing/resources/health-and-safety-links
Yale University Health Service,Housing,crawl,Yale,https://housing.yale.edu/graduate-housing/resources/health-and-safety-links
Yale University Bed Bug Protocol - Revised April 2016,Housing,crawl,Yale,https://housing.yale.edu/graduate-housing/resources/health-and-safety-links
Connecticut Coalition Against Bed Bugs (CCABB) - Bed Bug Information.,Housing,crawl,Yale,https://housing.yale.edu/graduate-housing/resources/health-and-safety-links
"Sterling Quadrangle ( Bellamy Hall , Curtis Hall , Fisher Hall )",Housing,crawl,Yale,https://housing.yale.edu/graduate-housing/resources/health-and-safety-links
Please click below to view your buildings lead paint disclosure:,Housing,crawl,Yale,https://housing.yale.edu/graduate-housing/resources/health-and-safety-links
For information about Yale Public Safety click here .,Housing,crawl,Yale,https://housing.yale.edu/graduate-housing/resources/health-and-safety-links
"The University uses Yale ALERT to notify the campus community in the event of an emergency. Yale ALERT is ONLY for campus emergencies and not for routine announcements. It is important to keep your contact information up-to-date at the Yale Portal and WebSIS. Detailed instructions for updating are at https://emergency.yale.edu/stay-informed . This will help ensure that, in the event of an emergency, we can reach you through Yale ALERT. Additional information about preparing for an emergency is also on http://emergency.yale.edu .",Housing,crawl,Yale,https://housing.yale.edu/graduate-housing/resources/health-and-safety-links
Yale Information and Campus Services,Housing,crawl,Yale,https://housing.yale.edu/graduate-housing/resources/related-yale-links
"Living in New Haven provides useful information about the city, its schools, and life in New Haven.",Housing,crawl,Yale,https://housing.yale.edu/graduate-housing/resources/related-yale-links
McDougal Center Activities provides programs and information for graduate students and postdocs.,Housing,crawl,Yale,https://housing.yale.edu/graduate-housing/resources/related-yale-links
"Office of International Students & Scholars (OISS) is the first stop for many international students and scholars as they navigate a new city, new country, and all that they have to offer.",Housing,crawl,Yale,https://housing.yale.edu/graduate-housing/resources/related-yale-links
"Recycling is a major concern at the University, and this website provides information about University recycling services and practices.",Housing,crawl,Yale,https://housing.yale.edu/graduate-housing/resources/related-yale-links
"Student Financial & Administrative Services (SFAS) hosts all student information and is where the billing is processed for all housing contractual fees. Student accounts can be viewed online. For more information, please visit the SFAS website .",Housing,crawl,Yale,https://housing.yale.edu/graduate-housing/resources/related-yale-links
"Yale Athletics provides information about intramurals, all sports teams and their schedules, and University sports facilities, including gyms, outdoor fields, swimming pools, ice skating rinks, etc.",Housing,crawl,Yale,https://housing.yale.edu/graduate-housing/resources/related-yale-links
"Yale Daily News is the student–run newspaper, published only when classes are in session.",Housing,crawl,Yale,https://housing.yale.edu/graduate-housing/resources/related-yale-links
Yale Dining has the schedule of meals and special events relating to the various Dining halls around campus.,Housing,crawl,Yale,https://housing.yale.edu/graduate-housing/resources/related-yale-links
"Yale Emergency Management will inform you about important updates and preparedness plans for various emergencies, be they related to weather (severe storms), health, or general disaster response.",Housing,crawl,Yale,https://housing.yale.edu/graduate-housing/resources/related-yale-links
Yale Facilities FAMIS connection is the program used for entering work requests for maintenance for all of Yale’s buildings.,Housing,crawl,Yale,https://housing.yale.edu/graduate-housing/resources/related-yale-links
"Yale Fire Marshal’s Office encourages all students living in the Graduate Dormitories and Graduate Apartments to be safe in their campus buildings. Always look for two ways out of your room and apartment. Remember – at the sound of an alarm, grab your keys and ID card, clothing, and shoes appropriate for the outside weather, and you and your family should quickly and calmly exit the building. Yale Police and Security staff will help confirm when the building is safe to reenter.",Housing,crawl,Yale,https://housing.yale.edu/graduate-housing/resources/related-yale-links
"Yale Health Plan provides health services for students and their families, including needed immunizations and checkups, and also provides them with the latest information about health issues and education.",Housing,crawl,Yale,https://housing.yale.edu/graduate-housing/resources/related-yale-links
Yale Human Resources provides information for employees and job applicants.,Housing,crawl,Yale,https://housing.yale.edu/graduate-housing/resources/related-yale-links
"Yale Information Technology Services (ITS) is the central provider for Internet, email services, cell phones, and other equipment to use and purchase. This website also provides answers to many questions regarding their services, updates to the University services, and outages as they may occur.",Housing,crawl,Yale,https://housing.yale.edu/graduate-housing/resources/related-yale-links
"YaleNews is published weekly by the Office of Public Affairs and provides information on activities, lectures, concerts, and visitors to the University.",Housing,crawl,Yale,https://housing.yale.edu/graduate-housing/resources/related-yale-links
Yale Student Employment helps students locate part-time jobs in various offices and locations around campus.,Housing,crawl,Yale,https://housing.yale.edu/graduate-housing/resources/related-yale-links
Yale Worklife Program is sponsored by Human Resources and provides a number of programs on working and related issues for students as well as all University employees.,Housing,crawl,Yale,https://housing.yale.edu/graduate-housing/resources/related-yale-links
Living in New Haven - Links,Housing,crawl,Yale,https://housing.yale.edu/graduate-housing/resources/navigating-new-haven
Travel to and From New Haven,Housing,crawl,Yale,https://housing.yale.edu/graduate-housing/resources/navigating-new-haven
"If Yale–owned housing has not been secured before arriving in New Haven, it is recommended that you plan to arrive early and spend a few days in a hotel while in search of appropriate housing. Please review Yale Off Campus Living for local apartments or houses for rent during the summer and academic year.",Housing,crawl,Yale,https://housing.yale.edu/graduate-housing/resources/navigating-new-haven
Repairs and Maintenance in Yale Graduate Housing:,Housing,crawl,Yale,https://housing.yale.edu/graduate-housing/resources/maintenance-and-utilities
Repairs and Maintenance in Master-Leased UP Properties:,Housing,crawl,Yale,https://housing.yale.edu/graduate-housing/resources/maintenance-and-utilities
"loss of heat, electricity, or water in your unit;",Housing,crawl,Yale,https://housing.yale.edu/graduate-housing/resources/maintenance-and-utilities
"water leaking into or from the ceiling, walls, toilets, bathroom or kitchen pipes, tubs, showers, etc.;",Housing,crawl,Yale,https://housing.yale.edu/graduate-housing/resources/maintenance-and-utilities
broken elevators in the dormitory buildings;,Housing,crawl,Yale,https://housing.yale.edu/graduate-housing/resources/maintenance-and-utilities
broken doors/windows that effect the safety or security of your person or housing unit;,Housing,crawl,Yale,https://housing.yale.edu/graduate-housing/resources/maintenance-and-utilities
smell of gas. Leave your apartment and call 911.,Housing,crawl,Yale,https://housing.yale.edu/graduate-housing/resources/maintenance-and-utilities
Property address and apartment number,Housing,crawl,Yale,https://housing.yale.edu/graduate-housing/resources/maintenance-and-utilities
Phone number where you can be reached,Housing,crawl,Yale,https://housing.yale.edu/graduate-housing/resources/maintenance-and-utilities
Full description of the request,Housing,crawl,Yale,https://housing.yale.edu/graduate-housing/resources/maintenance-and-utilities
For emergency repairs call Facilities Customer Service at 203–432–6888. Yale Facilities will initially respond with 24 hours.,Housing,crawl,Yale,https://housing.yale.edu/graduate-housing/resources/maintenance-and-utilities
"For emergencies such as power outage, leak issue or heating problem, call directly to Elm Campus Partners, 203-776-4466. If you smell gas in your apartment, vacate the premises and call 911 and Elm Campus Partners immediately.",Housing,crawl,Yale,https://housing.yale.edu/graduate-housing/resources/maintenance-and-utilities
"For routine maintenance service requests can be entered on-line at https://elmcampus.com . When placing a maintenance request, please include the following information:",Housing,crawl,Yale,https://housing.yale.edu/graduate-housing/resources/maintenance-and-utilities
"For more information, email hartfordrental@cort.com , call (860) 613-0415 or visit us at our sales rental office: 4 Northrop Industrial Park Road, West, Wallingford, CT 06492.",Housing,crawl,Yale,https://housing.yale.edu/resources/furniture-rental
"To apply online for the Harkness Gym, click here.",Housing,crawl,Yale,https://housing.yale.edu/graduate-housing/resources/harkness-gym-membership
"The Yale Housing Office is open Monday–Friday,",Housing,crawl,Yale,https://housing.yale.edu/about-us
"The Yale Graduate Housing office is responsible for Yale owned and operated dormitories and apartments in various locations across New Haven. The management and support staff are located in two main offices. Yale Graduate Housing is located on the second floor of 221 Whitney Avenue. The Harkness Housing Office, a satellite of Yale Graduate Housing, is located at 367 Cedar St (ES Harkness Hall dormitory).",Housing,crawl,Yale,https://housing.yale.edu/about-us
"The Graduate Housing Office employs various students and student spouses living in the dormitory and apartment areas as Community Fellows —staff that assists with administrative needs of Yale Graduate Housing, social programming for our residents and children’s play groups, as well as general assistance to students and families living Yale Graduate Housing.",Housing,crawl,Yale,https://housing.yale.edu/about-us
"Room Draw, Spring 2026",Housing,crawl,Yale,https://housing.yale.edu/undergraduate-housing/announcements
Housing Intent is Now Open,Housing,crawl,Yale,https://housing.yale.edu/undergraduate-housing/announcements
Housing Group Formation is Now Open,Housing,crawl,Yale,https://housing.yale.edu/undergraduate-housing/announcements
New Student Move In,Housing,crawl,Yale,https://housing.yale.edu/undergraduate-housing/move
Upper Level Student Move In,Housing,crawl,Yale,https://housing.yale.edu/undergraduate-housing/move
How to make or change a move in appointment,Housing,crawl,Yale,https://housing.yale.edu/undergraduate-housing/move
To make an appointment,Housing,crawl,Yale,https://housing.yale.edu/undergraduate-housing/move
To confirm or reschedule your appointment,Housing,crawl,Yale,https://housing.yale.edu/undergraduate-housing/move
Questions or Additional Assistance,Housing,crawl,Yale,https://housing.yale.edu/undergraduate-housing/move
Visit the Housing Portal and log-in with your Net ID and password. You may need to enable pop ups for the StarRez site on your web browser to access the login window to enter your credentials.,Housing,crawl,Yale,https://housing.yale.edu/undergraduate-housing/move
Click “Schedule Your Move In” on the top menu bar.,Housing,crawl,Yale,https://housing.yale.edu/undergraduate-housing/move
"Using the dropdown, select “Schedule Move In”",Housing,crawl,Yale,https://housing.yale.edu/undergraduate-housing/move
"A calendar will display, with available timeslots to the right. Select an available appointment. Note that first-year students will only see available appointments for Sunday, August 23rd and upper level students will only see appointments available for Sunday, August 30th - Monday, August 31st. Students who are approved for pre-term housing will have the ability to select a move in appointment on the date provided by their sponsoring program.",Housing,crawl,Yale,https://housing.yale.edu/undergraduate-housing/move
"Note that first-year students will only see available appointments for Sunday, August 23rd and upper level students will only see appointments available for Sunday, August 30th - Monday, August 31st.",Housing,crawl,Yale,https://housing.yale.edu/undergraduate-housing/move
Students who are approved for pre-term housing will have the ability to select a move in appointment on the date provided by their sponsoring program.,Housing,crawl,Yale,https://housing.yale.edu/undergraduate-housing/move
"After selecting a timeslot, click ‘confirm’ on the pop-up. Click the blue ‘register appointment’ button to finalize the date for your your appointment.",Housing,crawl,Yale,https://housing.yale.edu/undergraduate-housing/move
You will receive an email confirmation with your scheduled arrival date.,Housing,crawl,Yale,https://housing.yale.edu/undergraduate-housing/move
Visit the Housing Porta l and log-in with your Net ID and password,Housing,crawl,Yale,https://housing.yale.edu/undergraduate-housing/move
Click “Schedule Your Move In” on the top menu bar,Housing,crawl,Yale,https://housing.yale.edu/undergraduate-housing/move
"Using the dropdown, select “View Appointment”",Housing,crawl,Yale,https://housing.yale.edu/undergraduate-housing/move
Your existing appointment is displayed in the “My Appointments” section,Housing,crawl,Yale,https://housing.yale.edu/undergraduate-housing/move
"To reschedule, click the reschedule button and then select an available appointment",Housing,crawl,Yale,https://housing.yale.edu/undergraduate-housing/move
Click yes to confirm your appointment,Housing,crawl,Yale,https://housing.yale.edu/undergraduate-housing/move
You will receive an email confirmation when you cancel an appointment and another with the new appointment’s confirmation,Housing,crawl,Yale,https://housing.yale.edu/undergraduate-housing/move
Visit the Undergraduate Housing Portal and log-in with your Net ID and password.,Housing,crawl,Yale,https://housing.yale.edu/undergraduate-housing/move-out
Click “Schedule Your Move Out” on the top menu bar,Housing,crawl,Yale,https://housing.yale.edu/undergraduate-housing/move-out
"On the Spring 2026 Check Out Process page, click “Continue”",Housing,crawl,Yale,https://housing.yale.edu/undergraduate-housing/move-out
"On the Anticipated Departure Date page, click “Continue”",Housing,crawl,Yale,https://housing.yale.edu/undergraduate-housing/move-out
This will bring you to the Preparing to Check Out page. You will be asked to review the move out check list and attest that all items on the check list have been completed.,Housing,crawl,Yale,https://housing.yale.edu/undergraduate-housing/move-out
Click the attestation button to confirm you have reviewed and completed the checklist.,Housing,crawl,Yale,https://housing.yale.edu/undergraduate-housing/move-out
Your check out is now complete and you will receive a confirmation email.,Housing,crawl,Yale,https://housing.yale.edu/undergraduate-housing/move-out
"If you are approved for post-term housing due to your participation in postseason athletics, or your assistance with commencement and reunion activities, you will receive specific instructions about move out and for moving into your post-term housing assignment. Post-term housing is only available to preapproved groups sponsored by Yale College.",Housing,crawl,Yale,https://housing.yale.edu/undergraduate-housing/move-out
"Students approved for Post-Term Housing may remain in their room until Friday, May 8th at 9:00 AM EST. Post-term housing students must completely vacate their term time rooms by this time. Late departures are not allowed and there are no exceptions.",Housing,crawl,Yale,https://housing.yale.edu/undergraduate-housing/move-out
"For questions related to move out, please visit our FAQ page .",Housing,crawl,Yale,https://housing.yale.edu/undergraduate-housing/move-out
Check Out Instructions,Housing,crawl,Yale,https://housing.yale.edu/undergraduate-housing/move-out/check-out-checklist
Yale Carbon Charge,Housing,crawl,Yale,https://housing.yale.edu/undergraduate-housing/move-out/check-out-checklist
Information on Fines,Housing,crawl,Yale,https://housing.yale.edu/undergraduate-housing/move-out/check-out-checklist
"Remove all personal belongings, including furniture, wall decorations, lights, refrigerators and other appliances, from your room and common room.",Housing,crawl,Yale,https://housing.yale.edu/undergraduate-housing/move-out/check-out-checklist
"Empty and clean out your closet, bureau, wardrobe, and desk drawers.",Housing,crawl,Yale,https://housing.yale.edu/undergraduate-housing/move-out/check-out-checklist
Sweep and clean all floors and fireplace.,Housing,crawl,Yale,https://housing.yale.edu/undergraduate-housing/move-out/check-out-checklist
Return any dining hall property; renew or return library books.,Housing,crawl,Yale,https://housing.yale.edu/undergraduate-housing/move-out/check-out-checklist
"Ensure all Yale issued microwaves and mini-fridges are cleaned, emptied and unplugged.",Housing,crawl,Yale,https://housing.yale.edu/undergraduate-housing/move-out/check-out-checklist
Ensure all Yale issued curtains are in place in the proper windows.,Housing,crawl,Yale,https://housing.yale.edu/undergraduate-housing/move-out/check-out-checklist
Ensure All Yale issued furniture is assembled and in its original location.,Housing,crawl,Yale,https://housing.yale.edu/undergraduate-housing/move-out/check-out-checklist
Remove all trash from room and place it in the dumpster.,Housing,crawl,Yale,https://housing.yale.edu/undergraduate-housing/move-out/check-out-checklist
"Report any issues to Facilities Customer Service, 203.432.6888.",Housing,crawl,Yale,https://housing.yale.edu/undergraduate-housing/move-out/check-out-checklist
Remove your bike. Any bikes left on campus will be considered abandoned and removed.,Housing,crawl,Yale,https://housing.yale.edu/undergraduate-housing/move-out/check-out-checklist
Close and lock the door to your individual room.,Housing,crawl,Yale,https://housing.yale.edu/undergraduate-housing/move-out/check-out-checklist
Donate unwanted items or recycle them appropriately.,Housing,crawl,Yale,https://housing.yale.edu/undergraduate-housing/move-out/check-out-checklist
Set radiator to 0. Report any issues to Facilities Customer Service by calling 203-432-6888.,Housing,crawl,Yale,https://housing.yale.edu/undergraduate-housing/move-out/check-out-checklist
Failure to complete move out through the Yale Undergraduate Housing portal will result in an automatic charge of $20.,Housing,crawl,Yale,https://housing.yale.edu/undergraduate-housing/move-out/check-out-checklist
Failure to completely vacate your room by 3:00pm on move out day will result in an automatic fine of $100 charged to your University account.,Housing,crawl,Yale,https://housing.yale.edu/undergraduate-housing/move-out/check-out-checklist
"For rooms that require special cleaning, an additional charge of $78 per hour minimum, per person, will be levied. Removal of unauthorized/excess items from rooms, common rooms or hallways will generate a fine of $60 per small item and $120 per large item.",Housing,crawl,Yale,https://housing.yale.edu/undergraduate-housing/move-out/check-out-checklist
An additional charge of $78 per hour minimum will be levied if Yale owned micro fridge/microwave unit is left uncleaned.,Housing,crawl,Yale,https://housing.yale.edu/undergraduate-housing/move-out/check-out-checklist
For missing Yale-issued microwaves and refrigerators the $500 cost of replacement will be charged to the occupant(s) of the room/suite. If your refrigerator was moved after move-in check with your college’s ADO to confirm its new location is noted.,Housing,crawl,Yale,https://housing.yale.edu/undergraduate-housing/move-out/check-out-checklist
"For missing Yale-issued Dorm Furniture, cost of replacement will be charged to the occupant(s) of the room/suite. (The Dorm Furniture Inventory, a copy of which was left in your room at the start of the year, itemizes what furniture must be in the room.)",Housing,crawl,Yale,https://housing.yale.edu/undergraduate-housing/move-out/check-out-checklist
Yale-issued Dorm Furniture that has been moved and not returned to its original location will generate a reconfiguration fine of $60 per room.,Housing,crawl,Yale,https://housing.yale.edu/undergraduate-housing/move-out/check-out-checklist
"If you have painted your room, or damaged the walls/ceiling in your room, you will be charged a minimum of $100 per wall/ceiling. Any repairs to the room will be charged at the actual cost, $117 per hour as minimum. Yale takes no responsibility for items left on University property.",Housing,crawl,Yale,https://housing.yale.edu/undergraduate-housing/move-out/check-out-checklist
The items listed below contribute to the efforts of the Yale Carbon Charge. Visit the Yale Carbon Charge website for additional information.,Housing,crawl,Yale,https://housing.yale.edu/undergraduate-housing/move-out/check-out-checklist
Summer Storage 2026,Housing,crawl,Yale,https://housing.yale.edu/undergraduate-housing/move-out/storage
Move Out Readiness Starts NOW!,Housing,crawl,Yale,https://housing.yale.edu/undergraduate-housing/move-out/storage
Declutter & Donate,Housing,crawl,Yale,https://housing.yale.edu/undergraduate-housing/move-out/storage
Storage and Shipping Options,Housing,crawl,Yale,https://housing.yale.edu/undergraduate-housing/move-out/storage
Storage Unit Rental,Housing,crawl,Yale,https://housing.yale.edu/undergraduate-housing/move-out/storage
Spring break is the perfect time for spring cleaning - take back some of your clothing (one less thing to pack at the end of the year),Housing,crawl,Yale,https://housing.yale.edu/undergraduate-housing/move-out/storage
"Donation options include: Spring Salvage Common Closet: For questions, reach out to info@commonclosetyale.com Loaves & Fishes : a good option for local donations (clothes only), with a drop-off center at Wooster Square. Habitat for Humanity is a great option for household items.",Housing,crawl,Yale,https://housing.yale.edu/undergraduate-housing/move-out/storage
"Common Closet: For questions, reach out to info@commonclosetyale.com",Housing,crawl,Yale,https://housing.yale.edu/undergraduate-housing/move-out/storage
"Loaves & Fishes : a good option for local donations (clothes only), with a drop-off center at Wooster Square.",Housing,crawl,Yale,https://housing.yale.edu/undergraduate-housing/move-out/storage
Habitat for Humanity is a great option for household items.,Housing,crawl,Yale,https://housing.yale.edu/undergraduate-housing/move-out/storage
"What are you doing with your personal items? Taking/driving items home? Need local storage? Taking some home, storing some locally? Shipping items?",Housing,crawl,Yale,https://housing.yale.edu/undergraduate-housing/move-out/storage
"Taking some home, storing some locally?",Housing,crawl,Yale,https://housing.yale.edu/undergraduate-housing/move-out/storage
"If in need of local New Haven storage: Identify your “must store” items Familiarize yourself with storage options and the total cost. Cost may include getting items to and from storage facility, packing materials, insurance, minimum date requirement (usually 4 months), taxes and early drop-off or early pickup fees. Discounts are often available for early signup, pre-paying, and special-time campaign Find friends looking to store and split the storage unit cost See if off-campus friends have available space",Housing,crawl,Yale,https://housing.yale.edu/undergraduate-housing/move-out/storage
Identify your “must store” items,Housing,crawl,Yale,https://housing.yale.edu/undergraduate-housing/move-out/storage
"Familiarize yourself with storage options and the total cost. Cost may include getting items to and from storage facility, packing materials, insurance, minimum date requirement (usually 4 months), taxes and early drop-off or early pickup fees.",Housing,crawl,Yale,https://housing.yale.edu/undergraduate-housing/move-out/storage
"Discounts are often available for early signup, pre-paying, and special-time campaign",Housing,crawl,Yale,https://housing.yale.edu/undergraduate-housing/move-out/storage
Find friends looking to store and split the storage unit cost,Housing,crawl,Yale,https://housing.yale.edu/undergraduate-housing/move-out/storage
See if off-campus friends have available space,Housing,crawl,Yale,https://housing.yale.edu/undergraduate-housing/move-out/storage
Boxes and tape will be shipped to you to pack (requires registration),Housing,crawl,Yale,https://housing.yale.edu/undergraduate-housing/move-out/storage
Pick up at your room door on your selected date,Housing,crawl,Yale,https://housing.yale.edu/undergraduate-housing/move-out/storage
Free delivery in the fall on your selected date,Housing,crawl,Yale,https://housing.yale.edu/undergraduate-housing/move-out/storage
Stored items insured up to $150,Housing,crawl,Yale,https://housing.yale.edu/undergraduate-housing/move-out/storage
"Varied discount codes available, including spring sales",Housing,crawl,Yale,https://housing.yale.edu/undergraduate-housing/move-out/storage
More details: Box and per item-based pricing 4-month minimum Four-month cost average of $450 or as low as $79,Housing,crawl,Yale,https://housing.yale.edu/undergraduate-housing/move-out/storage
Box and per item-based pricing,Housing,crawl,Yale,https://housing.yale.edu/undergraduate-housing/move-out/storage
Four-month cost average of $450 or as low as $79,Housing,crawl,Yale,https://housing.yale.edu/undergraduate-housing/move-out/storage
Rent a storage unit by yourself,Housing,crawl,Yale,https://housing.yale.edu/undergraduate-housing/move-out/storage
"Rent storage unit with friends – share transportation, rental cost and fees",Housing,crawl,Yale,https://housing.yale.edu/undergraduate-housing/move-out/storage
Store items with an off-campus friend with available space,Housing,crawl,Yale,https://housing.yale.edu/undergraduate-housing/move-out/storage
Battery-Powered Micro-Mobility Devices,Housing,crawl,Yale,https://housing.yale.edu/undergraduate-housing/housing-policies
Room Change Requests,Housing,crawl,Yale,https://housing.yale.edu/undergraduate-housing/housing-policies
Filling Empty Rooms,Housing,crawl,Yale,https://housing.yale.edu/undergraduate-housing/housing-policies
Bathroom Designations,Housing,crawl,Yale,https://housing.yale.edu/undergraduate-housing/housing-policies
Religious Accommodations,Housing,crawl,Yale,https://housing.yale.edu/undergraduate-housing/housing-policies
Relinquishing Housing,Housing,crawl,Yale,https://housing.yale.edu/undergraduate-housing/housing-policies
Fees & Reimbursement Schedule,Housing,crawl,Yale,https://housing.yale.edu/undergraduate-housing/housing-policies
Students can submit a request for housing via the Housing Portal for a given term: Requests for Fall term housing can be submitted beginning in February (after the intent declaration deadline has passed) up until the start of Fall term classes. Requests for Spring term housing can be submitted beginning in September up until the start of Spring term classes.,Housing,crawl,Yale,https://housing.yale.edu/undergraduate-housing/housing-policies
Requests for Fall term housing can be submitted beginning in February (after the intent declaration deadline has passed) up until the start of Fall term classes.,Housing,crawl,Yale,https://housing.yale.edu/undergraduate-housing/housing-policies
Requests for Spring term housing can be submitted beginning in September up until the start of Spring term classes.,Housing,crawl,Yale,https://housing.yale.edu/undergraduate-housing/housing-policies
"Housing placements for a given term are processed on a rolling basis. Once the fall/spring placement periods begin, students can expect to receive notification of their status within 5-7 business days of submitting a request. The placement period for the fall term opens in April. The placement period for the spring term opens in November.",Housing,crawl,Yale,https://housing.yale.edu/undergraduate-housing/housing-policies
The placement period for the fall term opens in April.,Housing,crawl,Yale,https://housing.yale.edu/undergraduate-housing/housing-policies
The placement period for the spring term opens in November.,Housing,crawl,Yale,https://housing.yale.edu/undergraduate-housing/housing-policies
Students will be assigned to partially filled suites and will have suitemates and/or a roommate. Submitting a request for housing does not guarantee assignment to a single room.,Housing,crawl,Yale,https://housing.yale.edu/undergraduate-housing/housing-policies
Students may be placed in Annex housing if there are no available spaces in a residential college.,Housing,crawl,Yale,https://housing.yale.edu/undergraduate-housing/housing-policies
Students currently seeking reinstatement may still request housing. Please note that eligibility to receive a housing assignment is contingent upon reinstatement approval.,Housing,crawl,Yale,https://housing.yale.edu/undergraduate-housing/housing-policies
"When submitting a request for housing, students will have the opportunity to provide additional relevant information to aid in their placement. Please note that while requests related to placements will be considered, they are unlikely to be met.",Housing,crawl,Yale,https://housing.yale.edu/undergraduate-housing/housing-policies
"Upon submitting your request, you will see your status in the housing portal as Pending Room Assignment .",Housing,crawl,Yale,https://housing.yale.edu/undergraduate-housing/housing-policies
"Historically, there has been room for every student who wishes to live on campus.",Housing,crawl,Yale,https://housing.yale.edu/undergraduate-housing/housing-policies
Fall Term: The deadline to relinquish housing without financial penalty is the day before Room Selection opens during the Room Draw process.,Housing,crawl,Yale,https://housing.yale.edu/undergraduate-housing/housing-policies
Spring Term: The deadline to relinquish housing without financial penalty is November 30th .,Housing,crawl,Yale,https://housing.yale.edu/undergraduate-housing/housing-policies
"Students in their first four terms of enrollment must live on campus unless they are married or are at least twenty-one years of age on the first day of classes of the term in question. On-campus housing is guaranteed to first-year students and sophomores, for whom residence is required. Housing is generally available for all who request it, but availability is not guaranteed. Please visit the Yale College Undergraduate Regulations for more information.",Housing,crawl,Yale,https://housing.yale.edu/undergraduate-housing/housing-policies
"Students must live in the rooms to which they have been assigned and should not expect to change rooms during the academic year. Room changes outside a student’s current suite are considered only in limited circumstances, such as unresolvable maintenance issues that render a room unusable or approved medical accommodations with the support of the Student Accessibility Services Office.",Housing,crawl,Yale,https://housing.yale.edu/undergraduate-housing/housing-policies
Please note the following important information:,Housing,crawl,Yale,https://housing.yale.edu/undergraduate-housing/housing-policies
"Students may relinquish their housing at any time; however, they should be mindful of any applicable relinquishment fees and/or eligibility requirements at the time of relinquishment.",Housing,crawl,Yale,https://housing.yale.edu/undergraduate-housing/housing-policies
Students contract for housing for the full academic year. Relinquishing housing for one term results in the cancellation of housing for both the fall and spring terms.,Housing,crawl,Yale,https://housing.yale.edu/undergraduate-housing/housing-policies
"For example, a student who relinquishes housing for the fall term also relinquishes their spring term housing. Students who plan to return for the spring must submit a new Housing Request via the Housing Portal .",Housing,crawl,Yale,https://housing.yale.edu/undergraduate-housing/housing-policies
"Once a change to housing has been made and confirmed by the Undergraduate Housing office, a student can expect to see an update to their student account within one week. If after one week the charges have not been updated, the student should reach out to Student Accounts for assistance.",Housing,crawl,Yale,https://housing.yale.edu/undergraduate-housing/housing-policies
Please refer to the Housing Regulations for complete Housing Regulations.,Housing,crawl,Yale,https://housing.yale.edu/undergraduate-housing/housing-policies-regulations/undergraduate-regulations
Please refer to the Financial Services Regulations for fee/reimbursement information.,Housing,crawl,Yale,https://housing.yale.edu/undergraduate-housing/housing-policies-regulations/undergraduate-regulations
Stages of Room Draw,Housing,crawl,Yale,https://housing.yale.edu/undergraduate-housing/room-draw
Intent Declaration,Housing,crawl,Yale,https://housing.yale.edu/undergraduate-housing/room-draw
Oversubscription & Regrouping,Housing,crawl,Yale,https://housing.yale.edu/undergraduate-housing/room-draw
Lottery & Room Selection,Housing,crawl,Yale,https://housing.yale.edu/undergraduate-housing/room-draw
2026-2027 Room Draw Timeline,Housing,crawl,Yale,https://housing.yale.edu/undergraduate-housing/room-draw/timeline
Change of Intent after Deadline,Housing,crawl,Yale,https://housing.yale.edu/undergraduate-housing/room-draw/room-draw-policies
Opt Out of Grouping,Housing,crawl,Yale,https://housing.yale.edu/undergraduate-housing/room-draw/room-draw-policies
Withdrawing from the Housing Process,Housing,crawl,Yale,https://housing.yale.edu/undergraduate-housing/room-draw/room-draw-policies
Post Draw Housing Requests,Housing,crawl,Yale,https://housing.yale.edu/undergraduate-housing/room-draw/room-draw-policies
Changing Rooms within Suite after Room Draw,Housing,crawl,Yale,https://housing.yale.edu/undergraduate-housing/room-draw/room-draw-policies
Housing Agreements,Housing,crawl,Yale,https://housing.yale.edu/undergraduate-housing/room-draw/room-draw-policies
Opt Out of Grouping should not be used as a pathway to guarantee a single room.,Housing,crawl,Yale,https://housing.yale.edu/undergraduate-housing/room-draw/room-draw-policies
"Opt Out of Grouping is also not a pathway for students to guarantee an SAS Housing Accommodation. When Group Formation opens, students with approved accommodations will see further information in the Housing Portal regarding their accommodation and how they should proceed.",Housing,crawl,Yale,https://housing.yale.edu/undergraduate-housing/room-draw/room-draw-policies
"When Group Formation opens, students with approved accommodations will see further information in the Housing Portal regarding their accommodation and how they should proceed.",Housing,crawl,Yale,https://housing.yale.edu/undergraduate-housing/room-draw/room-draw-policies
"Selecting this option is meant for students who truly do not have a preference as to where they are placed. If being able to select your room and suitemates/roommates is important to you, it is not recommended to select this option.",Housing,crawl,Yale,https://housing.yale.edu/undergraduate-housing/room-draw/room-draw-policies
"If being able to select your room and suitemates/roommates is important to you, it is not recommended to select this option.",Housing,crawl,Yale,https://housing.yale.edu/undergraduate-housing/room-draw/room-draw-policies
"Students will be assigned to a partially filled suite with students in their same draw (class year), and they will have suitemates and/or a roommate.",Housing,crawl,Yale,https://housing.yale.edu/undergraduate-housing/room-draw/room-draw-policies
"Upon selecting this option, students will see their status in the portal as Pending Room Assignment.",Housing,crawl,Yale,https://housing.yale.edu/undergraduate-housing/room-draw/room-draw-policies
"Sophomores and Juniors: Requests must be made no later than 5:00PM on Tuesday, March 24th",Housing,crawl,Yale,https://housing.yale.edu/undergraduate-housing/room-draw/room-draw-policies
"Seniors: Request must be made no later than 5:00PM on Wednesday, April 1st",Housing,crawl,Yale,https://housing.yale.edu/undergraduate-housing/room-draw/room-draw-policies
"A student who withdraws after the above deadline, and does not select a room, will be assessed a $200 fee for leaving their group.",Housing,crawl,Yale,https://housing.yale.edu/undergraduate-housing/room-draw/room-draw-policies
"A student who selects and confirms a room, and subsequently withdraws and relinquishes that room will be assessed the standard one-quarter relinquishment fee as outlined in the Undergraduate Financial Regulations .",Housing,crawl,Yale,https://housing.yale.edu/undergraduate-housing/room-draw/room-draw-policies
The request form will be available in the portal after the intent declaration period closes.,Housing,crawl,Yale,https://housing.yale.edu/undergraduate-housing/room-draw/room-draw-policies
"Students in the housing request queue are not eligible to participate* in the room draw process and will not have access to form, join groups, or participate in room selection.",Housing,crawl,Yale,https://housing.yale.edu/undergraduate-housing/room-draw/room-draw-policies
"Historically, in recent decades, there has been room for every student who wishes to live on campus.",Housing,crawl,Yale,https://housing.yale.edu/undergraduate-housing/room-draw/room-draw-policies
"Students who opt out of grouping will receive email notification of their assignment, along with the names of any suitemates, after room selection has ended in April.",Housing,crawl,Yale,https://housing.yale.edu/undergraduate-housing/room-draw/room-draw-policies
Students are assigned by default to the draw associated with their academic year. Students may request a draw reclassification if their academic year does not align with their original matriculation class.,Housing,crawl,Yale,https://housing.yale.edu/undergraduate-housing/room-draw/class-definitions
All students who were originally members of class 2026 and who entered in the fall of 2022 will participate in the senior draw.,Housing,crawl,Yale,https://housing.yale.edu/undergraduate-housing/room-draw/class-definitions
All students who were originally members of class 2027 and who entered in the fall of 2023 will be classified as seniors.,Housing,crawl,Yale,https://housing.yale.edu/undergraduate-housing/room-draw/class-definitions
All students who were originally members of class 2028 and who entered in the fall of 2024 will be classified as juniors.,Housing,crawl,Yale,https://housing.yale.edu/undergraduate-housing/room-draw/class-definitions
"All students who were originally members of class 2029 and who have completed at least one term at Yale, will proceed through the draw as sophomores unless otherwise designated.",Housing,crawl,Yale,https://housing.yale.edu/undergraduate-housing/room-draw/class-definitions
"Students contracting housing are doing so with the expectation that they will reside on campus for a full academic year. Students relinquishing housing after contracting it must do so in accordance with Yale Undergraduate Regulations, and should expect to pay the room relinquishment fee.",Housing,crawl,Yale,https://housing.yale.edu/undergraduate-housing/room-draw/class-definitions
Deciding to live off campus this academic year does not prohibit you from seeking future on-campus housing.,Housing,crawl,Yale,https://housing.yale.edu/undergraduate-housing/room-draw/class-definitions
"Draw Priority: juniors will take priority in the draw; with rising juniors selecting rooms first, followed by rising seniors.",Housing,crawl,Yale,https://housing.yale.edu/undergraduate-housing/room-draw/class-definitions
"For the 2026-2027 Housing Cycle, the following Class Definitions will apply:",Housing,crawl,Yale,https://housing.yale.edu/undergraduate-housing/room-draw/class-definitions
"Note that students will only be eligible to house with students in their same draw classification. Mixed year housing is not allowed, with the exception of students who, due to taking one or more semesters off, have had a change in their class year per the class definitions outlined above. These students may request a reclassification to participate in housing with their matriculation year, so that they can group with classmates of their original matriculation class.",Housing,crawl,Yale,https://housing.yale.edu/undergraduate-housing/room-draw/class-definitions
Session 1: Intent and Group Formation,Housing,crawl,Yale,https://housing.yale.edu/undergraduate-housing/room-draw/room-draw-info-sessions
"Session 2: Regrouping, Room Selection and the Housing Waitlist",Housing,crawl,Yale,https://housing.yale.edu/undergraduate-housing/room-draw/room-draw-info-sessions
Logging Into the Housing Portal 1:50,Housing,crawl,Yale,https://housing.yale.edu/undergraduate-housing/room-draw/room-draw-info-sessions
SAS Housing Accommodations 8:18,Housing,crawl,Yale,https://housing.yale.edu/undergraduate-housing/room-draw/room-draw-info-sessions
Updates from Yale College 13:00,Housing,crawl,Yale,https://housing.yale.edu/undergraduate-housing/room-draw/room-draw-info-sessions
"Students Currently Abroad, on Leave, or on Medical Leave",Housing,crawl,Yale,https://housing.yale.edu/undergraduate-housing/room-draw/cycle-students
Students Currently Withdrawn,Housing,crawl,Yale,https://housing.yale.edu/undergraduate-housing/room-draw/cycle-students
SAS Housing Accommodations,Housing,crawl,Yale,https://housing.yale.edu/undergraduate-housing/room-draw/additional-resources
Change of College Affiliation,Housing,crawl,Yale,https://housing.yale.edu/undergraduate-housing/room-draw/additional-resources
Yale College Community Care (YC3),Housing,crawl,Yale,https://housing.yale.edu/undergraduate-housing/room-draw/additional-resources
"Some accommodations can be met in all available housing, and students will be directed to proceed through grouping in any configuration available in their draw.",Housing,crawl,Yale,https://housing.yale.edu/undergraduate-housing/room-draw/additional-resources
"Some accommodations may be met in most available housing. Students will proceed through grouping, and will be directed to form a group that will allow for their accommodation to be met. For example, a student with an accommodation for a single must form into a group size that will allow for their group to select a suite with a single in it. Similarly, a student with an accommodation for a nut-free suite should group with students who will abide by this accommodation.",Housing,crawl,Yale,https://housing.yale.edu/undergraduate-housing/room-draw/additional-resources
"Some accommodations can only be met in very limited available housing. In these instances, students may opt to either be pre-assigned housing (forgoing their participation in the housing selection process) or opt to proceed through the grouping and room selection stages of room draw * .",Housing,crawl,Yale,https://housing.yale.edu/undergraduate-housing/room-draw/additional-resources
Roommate and Suitemate Agreement,Housing,crawl,Yale,https://housing.yale.edu/undergraduate-housing/room-draw/additional-resources
Community Agreement Resource List,Housing,crawl,Yale,https://housing.yale.edu/undergraduate-housing/room-draw/additional-resources
"Fall 2026 Term Sunday, August 23 for First-Year and Transfer students Sunday, August 30 for returning upper-level students",Housing,crawl,Yale,https://housing.yale.edu/undergraduate-housing/frequently-asked-questions/move-move-out-faqs
"Sunday, August 23 for First-Year and Transfer students",Housing,crawl,Yale,https://housing.yale.edu/undergraduate-housing/frequently-asked-questions/move-move-out-faqs
"Sunday, August 30 for returning upper-level students",Housing,crawl,Yale,https://housing.yale.edu/undergraduate-housing/frequently-asked-questions/move-move-out-faqs
"Spring 2027 Term Wednesday, January 6 for all returning students",Housing,crawl,Yale,https://housing.yale.edu/undergraduate-housing/frequently-asked-questions/move-move-out-faqs
"Wednesday, January 6 for all returning students",Housing,crawl,Yale,https://housing.yale.edu/undergraduate-housing/frequently-asked-questions/move-move-out-faqs
Ensure you have scheduled your move-in appointment in advance via the Housing Portal,Housing,crawl,Yale,https://housing.yale.edu/undergraduate-housing/frequently-asked-questions/move-move-out-faqs
Be attentive to your Yale student email as you’ll receive important information and reminders from your residential college and the housing office,Housing,crawl,Yale,https://housing.yale.edu/undergraduate-housing/frequently-asked-questions/move-move-out-faqs
Make note of any restrictions for late arrivals (after 5:00pm) and communicate changes in plans as soon as possible to your college office,Housing,crawl,Yale,https://housing.yale.edu/undergraduate-housing/frequently-asked-questions/move-move-out-faqs
Visit the Move In page for more information. First-Year and Transfer students should also refer to the Planning Your Move In website for additional tips and resources.,Housing,crawl,Yale,https://housing.yale.edu/undergraduate-housing/frequently-asked-questions/move-move-out-faqs
"Fall 2025 Winter Recess Thursday, December 18th at 12:00pm noon",Housing,crawl,Yale,https://housing.yale.edu/undergraduate-housing/frequently-asked-questions/move-move-out-faqs
"Thursday, December 18th at 12:00pm noon",Housing,crawl,Yale,https://housing.yale.edu/undergraduate-housing/frequently-asked-questions/move-move-out-faqs
"Spring 2026 Term Thursday, May 7th at 3:00pm for all students and non-graduating seniors Friday, May 8th at 9:00am for students pre-approved for post-term housing Tuesday, May 19th at 12:00pm noon for graduating seniors",Housing,crawl,Yale,https://housing.yale.edu/undergraduate-housing/frequently-asked-questions/move-move-out-faqs
"Thursday, May 7th at 3:00pm for all students and non-graduating seniors",Housing,crawl,Yale,https://housing.yale.edu/undergraduate-housing/frequently-asked-questions/move-move-out-faqs
"Friday, May 8th at 9:00am for students pre-approved for post-term housing",Housing,crawl,Yale,https://housing.yale.edu/undergraduate-housing/frequently-asked-questions/move-move-out-faqs
"Tuesday, May 19th at 12:00pm noon for graduating seniors",Housing,crawl,Yale,https://housing.yale.edu/undergraduate-housing/frequently-asked-questions/move-move-out-faqs
Make note of closing dates for the residential colleges and prepare and pack up your room accordingly,Housing,crawl,Yale,https://housing.yale.edu/undergraduate-housing/frequently-asked-questions/move-move-out-faqs
Complete the Check Out Checklist,Housing,crawl,Yale,https://housing.yale.edu/undergraduate-housing/frequently-asked-questions/move-move-out-faqs
Plan any storage and/or shipping needs in advance of your departure,Housing,crawl,Yale,https://housing.yale.edu/undergraduate-housing/frequently-asked-questions/move-move-out-faqs
Students departing for the winter recess and returning in the spring should make sure to: Make sure room is tidy and all electrical cords are removed from their sockets Close windows and ensure heat is maintained Students living in double rooms with an empty space should make sure the room is ready to welcome a new roommate. This includes moving the beds apart (if necessary) and ensuring that your personal items are confined to your side of the room,Housing,crawl,Yale,https://housing.yale.edu/undergraduate-housing/frequently-asked-questions/move-move-out-faqs
Make sure room is tidy and all electrical cords are removed from their sockets,Housing,crawl,Yale,https://housing.yale.edu/undergraduate-housing/frequently-asked-questions/move-move-out-faqs
Close windows and ensure heat is maintained,Housing,crawl,Yale,https://housing.yale.edu/undergraduate-housing/frequently-asked-questions/move-move-out-faqs
Students living in double rooms with an empty space should make sure the room is ready to welcome a new roommate. This includes moving the beds apart (if necessary) and ensuring that your personal items are confined to your side of the room,Housing,crawl,Yale,https://housing.yale.edu/undergraduate-housing/frequently-asked-questions/move-move-out-faqs
Review the Move Out page for more information,Housing,crawl,Yale,https://housing.yale.edu/undergraduate-housing/frequently-asked-questions/move-move-out-faqs
"I am a returning upper-level student. Is Sunday, August 30th the only day available for move in?",Housing,crawl,Yale,https://housing.yale.edu/undergraduate-housing/frequently-asked-questions/move-move-out-faqs
"The move in period for returning upper-level students is Sunday, August 30th through Monday, August 31st . Students can arrive any day during that timeframe, and are expected to return to campus no later than Monday, August 31st.",Housing,crawl,Yale,https://housing.yale.edu/undergraduate-housing/frequently-asked-questions/move-move-out-faqs
Students will select a move in appointment through the Housing Portal . The Fall move in portal will open to students over the summer. Students will receive communications from the Housing Office that the move in portal has opened along with instructions on how to select a move in appointment.,Housing,crawl,Yale,https://housing.yale.edu/undergraduate-housing/frequently-asked-questions/move-move-out-faqs
"Students may not move into their residences before the official opening day of the college. Early move ins are not allowed, and our office cannot grant exceptions.",Housing,crawl,Yale,https://housing.yale.edu/undergraduate-housing/frequently-asked-questions/move-move-out-faqs
How can I best prepare for my return to or move onto campus?,Housing,crawl,Yale,https://housing.yale.edu/undergraduate-housing/frequently-asked-questions/move-move-out-faqs
"What should I do if my travel plans have changed, and I need to arrive later than my scheduled appointment?",Housing,crawl,Yale,https://housing.yale.edu/undergraduate-housing/frequently-asked-questions/move-move-out-faqs
"If you anticipate a delayed arrival, be sure to update your move-in appointment in the housing portal at least 48 hours in advance. If you run into an unexpected delay on the day of your move in, contact your residential college office for further assistance.",Housing,crawl,Yale,https://housing.yale.edu/undergraduate-housing/frequently-asked-questions/move-move-out-faqs
I am ready to depart campus. How do I check out of my room?,Housing,crawl,Yale,https://housing.yale.edu/undergraduate-housing/frequently-asked-questions/move-move-out-faqs
"When departing campus, students must check out of their room assignment via the Housing Portal . Students should ensure they’ve completed the Check Out Checklist prior to their departure.",Housing,crawl,Yale,https://housing.yale.edu/undergraduate-housing/frequently-asked-questions/move-move-out-faqs
Students must vacate campus by the published deadlines. Late departures cannot be accommodated and there are no exceptions.,Housing,crawl,Yale,https://housing.yale.edu/undergraduate-housing/frequently-asked-questions/move-move-out-faqs
What actions should I take before moving out?,Housing,crawl,Yale,https://housing.yale.edu/undergraduate-housing/frequently-asked-questions/move-move-out-faqs
Declare Off-Campus: Indicates that you will not need on-campus housing.,Housing,crawl,Yale,https://housing.yale.edu/undergraduate-housing/frequently-asked-questions/room-draw-faqs
"Request Housing After Room Draw: You may submit a request to receive an assignment after room draw has closed (if you’d like to request housing as a backup) via the housing portal. The Housing Request form opens in the portal once the Intent Declaration period closes. Please note , if you later decide to study abroad after contracting a room, you will be subject to a relinquishment fee as outlined in the Undergraduate Regulations .",Housing,crawl,Yale,https://housing.yale.edu/undergraduate-housing/frequently-asked-questions/room-draw-faqs
"For sophomores, students who are disbanded after regrouping will be randomly assigned to available beds in their college draw after room selection has concluded.",Housing,crawl,Yale,https://housing.yale.edu/undergraduate-housing/frequently-asked-questions/room-draw-faqs
"For juniors and seniors, students who are disbanded will be designated as off-campus. Juniors and seniors who are designated as off-campus can opt to join the assignment pending list, through the request housing process in the portal, if they still wish to live on-campus.",Housing,crawl,Yale,https://housing.yale.edu/undergraduate-housing/frequently-asked-questions/room-draw-faqs
"For sophomores, students who are disbanded due to inaction or invalid group size at the end of regrouping will be randomly assigned to available beds in their college after room selection has concluded.",Housing,crawl,Yale,https://housing.yale.edu/undergraduate-housing/frequently-asked-questions/room-draw-faqs
March 23rd - timeslots released to rising sophomores and juniors,Housing,crawl,Yale,https://housing.yale.edu/undergraduate-housing/frequently-asked-questions/room-draw-faqs
March 31st - timeslots released to rising seniors,Housing,crawl,Yale,https://housing.yale.edu/undergraduate-housing/frequently-asked-questions/room-draw-faqs
"For rising sophomores and juniors , withdrawal requests must be made no later than 5:00pm on Tuesday, March 24th .",Housing,crawl,Yale,https://housing.yale.edu/undergraduate-housing/frequently-asked-questions/room-draw-faqs
"For rising seniors , withdrawal request must be made no later than 5:00pm on Wednesday, April 1st .",Housing,crawl,Yale,https://housing.yale.edu/undergraduate-housing/frequently-asked-questions/room-draw-faqs
What happens if I am not able to fill my group by the regrouping deadline? Will I have to live off-campus?,Housing,crawl,Yale,https://housing.yale.edu/undergraduate-housing/frequently-asked-questions/room-draw-faqs
Students should make every effort to fill their groups with other students participating in regrouping. Students can utilize the search functions in the portal to help find students still needing to join a group.,Housing,crawl,Yale,https://housing.yale.edu/undergraduate-housing/frequently-asked-questions/room-draw-faqs
"Students who take every action to follow the process and form a group to the best of their ability will not be forced off-campus because there are not enough students to fill the group. In those instances, placeholders will be slotted into the group to be later filled by a transfer, opt out, or reinstated student. However, students must form into a group size that remains available and undersubscribed in their draw.",Housing,crawl,Yale,https://housing.yale.edu/undergraduate-housing/frequently-asked-questions/room-draw-faqs
"If placeholders are available to your draw, they can be found by utilizing the Suggest Roommates or Search for Roommates by Details tools in the portal. You can send a request to add a placeholder to your group like you would with any other student. Please note that each placeholder must be reviewed and approved in advance of regrouping closing. Please write to the Undergraduate Housing Office at undergraduatehousing@yale.edu to request approval for a placeholder.",Housing,crawl,Yale,https://housing.yale.edu/undergraduate-housing/frequently-asked-questions/room-draw-faqs
Requests for Spring term housing can be submitted beginning in October up until the start of Spring term classes.,Housing,crawl,Yale,https://housing.yale.edu/undergraduate-housing/frequently-asked-questions/housing-requests-faqs
"Fall Term Placement Period The placement period for the fall term opens after the spring room draw process has completed. During a short window in April, students will receive notification of available housing and be able to select from empty bed spaces on campus. More information on the process will be provided to students via email. After this process, placements for the fall term will continue to be made on a rolling basis up until the start of the fall term.",Housing,crawl,Yale,https://housing.yale.edu/undergraduate-housing/frequently-asked-questions/housing-requests-faqs
"The placement period for the fall term opens after the spring room draw process has completed. During a short window in April, students will receive notification of available housing and be able to select from empty bed spaces on campus. More information on the process will be provided to students via email. After this process, placements for the fall term will continue to be made on a rolling basis up until the start of the fall term.",Housing,crawl,Yale,https://housing.yale.edu/undergraduate-housing/frequently-asked-questions/housing-requests-faqs
Spring Term Placement Period The placement period for the spring term opens in November. Students will receive notification of available housing in late November. Placements for the spring term will continue to be made on a rolling basis up until the start of the spring term.,Housing,crawl,Yale,https://housing.yale.edu/undergraduate-housing/frequently-asked-questions/housing-requests-faqs
The placement period for the spring term opens in November. Students will receive notification of available housing in late November. Placements for the spring term will continue to be made on a rolling basis up until the start of the spring term.,Housing,crawl,Yale,https://housing.yale.edu/undergraduate-housing/frequently-asked-questions/housing-requests-faqs
College Affiliation,Housing,crawl,Yale,https://housing.yale.edu/undergraduate-housing/residential-colleges
Residential Colleges,Housing,crawl,Yale,https://housing.yale.edu/undergraduate-housing/residential-colleges
Current Full-Time Opportunities,Housing,crawl,Yale,https://housing.yale.edu/contact-us/employment
"Assistant Administrator, Residential Technology",Housing,crawl,Yale,https://housing.yale.edu/contact-us/employment
Current Seasonal Opportunities,Housing,crawl,Yale,https://housing.yale.edu/contact-us/employment
Assistant Office Manager,Housing,crawl,Yale,https://housing.yale.edu/contact-us/employment
Hospitality Coordinator,Housing,crawl,Yale,https://housing.yale.edu/contact-us/employment
Operations Assistant,Housing,crawl,Yale,https://housing.yale.edu/contact-us/employment
Operations Coordinator,Housing,crawl,Yale,https://housing.yale.edu/contact-us/employment
Residential Assistant,Housing,crawl,Yale,https://housing.yale.edu/contact-us/employment
Resource Coordinator,Housing,crawl,Yale,https://housing.yale.edu/contact-us/employment
Welcome to Yale Housing’s Spring Salvage Program,Housing,crawl,Yale,https://housing.yale.edu/spring-salvage
How does the program work?,Housing,crawl,Yale,https://housing.yale.edu/spring-salvage
Unacceptable Items:,Housing,crawl,Yale,https://housing.yale.edu/spring-salvage
This program is for donations of Large Furniture items only and NOT for items for sale,Housing,crawl,Yale,https://housing.yale.edu/spring-salvage
Residents will be responsible for posting their item and description with a minimum of 2 photos,Housing,crawl,Yale,https://housing.yale.edu/spring-salvage
"Once the item has been adopted, the resident will coordinate the drop off of the item to one of our storage facilites.",Housing,crawl,Yale,https://housing.yale.edu/spring-salvage
If the item has not been adopted by the end of the program remaining items will either donated to a local non - profit of Graduate Housing choice.,Housing,crawl,Yale,https://housing.yale.edu/spring-salvage
Large items must be disassembled befoe brining to storage facility.,Housing,crawl,Yale,https://housing.yale.edu/spring-salvage
Adopted items must be picked up from the storage location by the new owners.,Housing,crawl,Yale,https://housing.yale.edu/spring-salvage
"Adopted items are on a first come, first serve basis",Housing,crawl,Yale,https://housing.yale.edu/spring-salvage
Adopted items will become the property of the new owner and the new owner is responsible for discarding the item if no longer wanted.,Housing,crawl,Yale,https://housing.yale.edu/spring-salvage
Leaving unclaimed items in your housing unit will result in fines as outlined in your Yale Housing license agreement,Housing,crawl,Yale,https://housing.yale.edu/spring-salvage
Please submit one donation form per item,Housing,crawl,Yale,https://housing.yale.edu/spring-salvage
Sofas - Salvation Army can pick these up at a convenient time prior to your departure: 1-800-728-7825,Housing,crawl,Yale,https://housing.yale.edu/spring-salvage
"For questions or feedback about the program, please email yalespringsalvage@gmail.com",Housing,crawl,Yale,https://housing.yale.edu/spring-salvage
Copyright Statement,IT,crawl,Yale,https://canvas.yale.edu/
Copyright Best Practices,IT,crawl,Yale,https://canvas.yale.edu/
System Announcements,IT,crawl,Yale,https://canvas.yale.edu/
Respondus Lockdown Browser Service Disruption,IT,crawl,Yale,https://canvas.yale.edu/
"Canvas ePortfolio Retirement on May 19, 2026",IT,crawl,Yale,https://canvas.yale.edu/
You are the copyright holder; or,IT,crawl,Yale,https://canvas.yale.edu/
You have obtained express permission from the copyright holder or determined such content is in the public domain under copyright law; or,IT,crawl,Yale,https://canvas.yale.edu/
You have completed a fair use evaluation and determined in good faith after reasonable inquiry that the use of the copyrighted work is a “ fair use ” under copyright law.,IT,crawl,Yale,https://canvas.yale.edu/
"Turnitin Report Generation Issue May 2, 2026 Canvas @ Yale is experiencing an issue with Turnitin assignments generating similarity reports.",IT,crawl,Yale,https://canvas.yale.edu/
"Respondus Lockdown Browser Service Disruption May 1, 2026 Respondus Lockdown Browser is currently experiencing a service disruption due to a Canvas platform issue.",IT,crawl,Yale,https://canvas.yale.edu/
"Canvas ePortfolio Retirement on May 19, 2026 April 20, 2026 The ePortfolio tool in all of Yale’s instances of Canvas will be retired on May 19, 2026 .",IT,crawl,Yale,https://canvas.yale.edu/
"The University expects all users of this site to respect copyright and to determine if their posted content complies with copyright law and the Terms of Use for Canvas . By posting content on this site, you affirm the content was lawfully acquired and:",IT,crawl,Yale,https://canvas.yale.edu/
"The ePortfolio tool in all of Yale’s instances of Canvas will be retired on May 19, 2026 .",IT,crawl,Yale,https://canvas.yale.edu/
Canvas Local Account,IT,crawl,Yale,https://canvas.yale.edu/login
There is a form for that…,IT,crawl,Yale,https://canvas.yale.edu/request-forms
Canvas Request Forms,IT,crawl,Yale,https://canvas.yale.edu/request-forms
"Canvas Request Forms Submit Canvas request forms for: Guest Account Creation, Project Sites, Sandbox Sites, Umbrella Sites, and WordPress blog creation",IT,crawl,Yale,https://canvas.yale.edu/request-forms
"Guidelines for use of Non-Yale Supported Technology, including AI",IT,crawl,Yale,https://canvas.yale.edu/policies
Optional Use of External Technology,IT,crawl,Yale,https://canvas.yale.edu/policies
Maintaining Student Anonymity,IT,crawl,Yale,https://canvas.yale.edu/policies
Consent for Non-Yale Supported Tools,IT,crawl,Yale,https://canvas.yale.edu/policies
Looking for AI Guidance?,IT,crawl,Yale,https://canvas.yale.edu/policies
Canvas Data and Academic Integrity,IT,crawl,Yale,https://canvas.yale.edu/policies
Guidelines for Non-Yale Tech,IT,crawl,Yale,https://canvas.yale.edu/policies
You have obtained express permission to use the content from the copyright holder or determined such content is in the public domain under copyright law; or,IT,crawl,Yale,https://canvas.yale.edu/policies
You have completed a fair use evaluation and determined in good faith after reasonable inquiry that the use of the copyrighted work is a “fair use” under copyright law.,IT,crawl,Yale,https://canvas.yale.edu/policies
Students should be told in advance about course-based activities that involve non-Yale supported tools and that these activities are optional and can be completed anonymously.,IT,crawl,Yale,https://canvas.yale.edu/policies
Have a question about using AI in your class? Check out the Poorvu Center’s AI Guidance page for updated information about using AI in your teaching.,IT,crawl,Yale,https://canvas.yale.edu/policies
Fall 2026 FAS-SEAS Canvas Course Sites Created,IT,crawl,Yale,https://canvas.yale.edu/news
Qualtrics LTI Removal - May 2026,IT,crawl,Yale,https://canvas.yale.edu/news
Canvas @ Yale Email Support Update,IT,crawl,Yale,https://canvas.yale.edu/news
New Canvas AI Features Now Available,IT,crawl,Yale,https://canvas.yale.edu/news
Canvas Request Forms: URL Changes,IT,crawl,Yale,https://canvas.yale.edu/news
RESOLVED - Canvas Outage due to AWS Incident,IT,crawl,Yale,https://canvas.yale.edu/news
Spring 2026 FAS-SEAS Canvas Course Sites Now Available,IT,crawl,Yale,https://canvas.yale.edu/news
"Fall 2026 FAS-SEAS Canvas Course Sites Created March 5, 2026 Yale has created Fall 2026 FAS-SEAS courses in Canvas.",IT,crawl,Yale,https://canvas.yale.edu/news
"Qualtrics LTI Removal - May 2026 January 30, 2026 The Qualtrics LTI will be removed from all Canvas instances at the end of May 2026.",IT,crawl,Yale,https://canvas.yale.edu/news
"Canvas @ Yale Email Support Update January 15, 2026 Support requests made to the canvas@yale.edu email will now go directly to the Educational & Engagement Technology team in the Poorvu Center.",IT,crawl,Yale,https://canvas.yale.edu/news
"New Canvas AI Features Now Available January 7, 2026 We are pleased to announce that we have enabled 3 native Canvas AI features after review and approval by Yale’s Data Governance Committee.",IT,crawl,Yale,https://canvas.yale.edu/news
"Canvas Request Forms: URL Changes December 1, 2025 Canvas @ Yale request forms have been updated and the URLs have changed.",IT,crawl,Yale,https://canvas.yale.edu/news
"RESOLVED - Canvas Outage due to AWS Incident October 20, 2025 Canvas, Yale’s learning management system, is unavailable at this time due to an unexpected AWS service outage.",IT,crawl,Yale,https://canvas.yale.edu/news
"Spring 2026 FAS-SEAS Canvas Course Sites Now Available October 15, 2025 Yale has created Spring 2026 FAS-SEAs courses in Canvas. You can now edit your upcoming course site.",IT,crawl,Yale,https://canvas.yale.edu/news
Dismissed a Global Announcement on your Canvas Dashboard? Want to see a record of the most recent Global Announcements on Canvas?,IT,crawl,Yale,https://canvas.yale.edu/news
The Qualtrics LTI will be removed from all Canvas instances at the end of May 2026.,IT,crawl,Yale,https://canvas.yale.edu/news
Guidelines for Using Non-Yale Supported Technology,IT,crawl,Yale,https://canvas.yale.edu/instructional-tools
Tools Available in Canvas @ Yale,IT,crawl,Yale,https://canvas.yale.edu/instructional-tools
Respondus LockDown Browser,IT,crawl,Yale,https://canvas.yale.edu/instructional-tools
Mid-Semester Feedback Tool,IT,crawl,Yale,https://canvas.yale.edu/instructional-tools
Media Library (Panopto),IT,crawl,Yale,https://canvas.yale.edu/instructional-tools
Feedback & Accessibility Barriers Tool,IT,crawl,Yale,https://canvas.yale.edu/instructional-tools
Canvas Discussions,IT,crawl,Yale,https://canvas.yale.edu/instructional-tools
Canvas Collaborations,IT,crawl,Yale,https://canvas.yale.edu/instructional-tools
Canvas Assignment Tool,IT,crawl,Yale,https://canvas.yale.edu/instructional-tools
Canvas Announcements,IT,crawl,Yale,https://canvas.yale.edu/instructional-tools
Can’t Find the Right Tool in our List,IT,crawl,Yale,https://canvas.yale.edu/instructional-tools
We’re here to help!,IT,crawl,Yale,https://canvas.yale.edu/instructional-tools
"Instructional Tool | Web Conferencing | Zoom A web / video conferencing tool, which allows instructors to meet with their students synchronously online.",IT,crawl,Yale,https://canvas.yale.edu/instructional-tools
Instructional Tool | Blogging | Wordpress Wordpress is an online blogging solution creating a site where students and instructors can post and comment on a variety of topics.,IT,crawl,Yale,https://canvas.yale.edu/instructional-tools
Instructional Tool | Collaboration | Discussion | Video | VoiceThread An asynchronous discussion tool that centers video and audio responses as the primary form of response option to promote community and engagement.,IT,crawl,Yale,https://canvas.yale.edu/instructional-tools
Instructional Tool | Assessment | Turnitin A tool to help faculty and students develop and evaluate written scholarship.,IT,crawl,Yale,https://canvas.yale.edu/instructional-tools
"Instructional Tool | Artificial Intelligence | Assessment | Discussion | Speakology AI Speakology AI uses AI-powered avatars to give students immersive, one-on-one conversational practice in their target language.",IT,crawl,Yale,https://canvas.yale.edu/instructional-tools
Instructional Tool | Assessment | Respondus LockDown Browser A custom browser that locks down the testing environment within a learning management system.,IT,crawl,Yale,https://canvas.yale.edu/instructional-tools
"Instructional Tool | Survey | Qualtrics LTI Qualtrics allows for faculty to create and share robust, responsive surveys to collect data and feedback.",IT,crawl,Yale,https://canvas.yale.edu/instructional-tools
Instructional Tool | Feedback | Yale ITS | Post'Em Provides detailed text feedback to students by uploading a single CSV file. The file can contain multiple columns of feedback or upload multiple files,IT,crawl,Yale,https://canvas.yale.edu/instructional-tools
Instructional Tool | Survey | Poll Everywhere Yale’s supported system for in-class polling. Using a cloud based “bring your own device” model for polling.,IT,crawl,Yale,https://canvas.yale.edu/instructional-tools
"Instructional Tool | Course Facilitation | Yale ITS | Photo Roster Available to Instructors and TAs to provide additional information like student photo, major, year, college, course section, and email address.",IT,crawl,Yale,https://canvas.yale.edu/instructional-tools
Instructional Tool | Artificial Intelligence | Discussion | Feedback | Perusall An annotation tool that helps your students engage collectively with texts.,IT,crawl,Yale,https://canvas.yale.edu/instructional-tools
"Instructional Tool | Accessibility | Panorama Panorama assists instructors in building a more inclusive learning environment, and improve the student experience by helping them take clear control.",IT,crawl,Yale,https://canvas.yale.edu/instructional-tools
Instructional Tool | Feedback | Yale ITS | Mid-Semester Feedback Tool A Yale-developed survey tool created to support faculty in the collection of anonymous student feedback during a set-time around the semester midterm.,IT,crawl,Yale,https://canvas.yale.edu/instructional-tools
"Instructional Tool | Video | Media Library (Panopto) A streaming video service that is integrated into Canvas. Media Library can be used to store, share, and stream uploaded audio and video files.",IT,crawl,Yale,https://canvas.yale.edu/instructional-tools
"Instructional Tool | Video | LinkedIn Learning Online, curated video courses designed for in-depth and just-in-time instruction on various tools (e.g. Excel, Tableau) and technical / soft skills.",IT,crawl,Yale,https://canvas.yale.edu/instructional-tools
"Instructional Tool | Assessment | Gradescope Designed to streamline and standardize paper-based, digital, and code assignments. It supports problem sets and projects, worksheets and quizzes.",IT,crawl,Yale,https://canvas.yale.edu/instructional-tools
Instructional Tool | Accessibility | Feedback | Yale ITS | Feedback & Accessibility Barriers Tool Promotes anonymous feedback reporting for accessibility barriers at any time on course or content during the term by providing an open feedback box.,IT,crawl,Yale,https://canvas.yale.edu/instructional-tools
Instructional Tool | Artificial Intelligence | Discussion | Ed Discussion A powerful threaded discussion tool that allows instructors and students to share and interact asynchronously.,IT,crawl,Yale,https://canvas.yale.edu/instructional-tools
"Instructional Tool | Course Facilitation | Canvas Syllabus An interactive syllabus of the course site using the rich content editor to add links, files, images, media, and more.",IT,crawl,Yale,https://canvas.yale.edu/instructional-tools
Instructional Tool | Assessment | Canvas Quizzes A native Canvas feature which is available in all Canvas course sites. Canvas Quizzes allows instructors to create high and/or low stakes assessments.,IT,crawl,Yale,https://canvas.yale.edu/instructional-tools
"Instructional Tool | Course Facilitation | Canvas Pages Canvas Pages deliver information and content to students, create a front page to welcome students to your course, or provide a way to collaborate.",IT,crawl,Yale,https://canvas.yale.edu/instructional-tools
Instructional Tool | Course Facilitation | Canvas Modules Canvas Modules allow instructors to bring together resources and activities from across their Canvas course site into modules for easier access.,IT,crawl,Yale,https://canvas.yale.edu/instructional-tools
"Instructional Tool | Communication | Canvas Inbox Inbox is a two-way messaging tool used instead of email to communicate with a course, a group, or an individual user.",IT,crawl,Yale,https://canvas.yale.edu/instructional-tools
Instructional Tool | Collaboration | Canvas Groups Canvas Group Sets/Groups tool allows instructors to split students up into smaller working groups for collaborative assignment work and discussions.,IT,crawl,Yale,https://canvas.yale.edu/instructional-tools
Instructional Tool | Discussion | Canvas Discussions Provides instructors and students the opportunity to contribute and discuss asynchronously.,IT,crawl,Yale,https://canvas.yale.edu/instructional-tools
Instructional Tool | Collaboration | Canvas Collaborations The Collaborations tool in Canvas allows students and instructors to create collaborative documents together.,IT,crawl,Yale,https://canvas.yale.edu/instructional-tools
Instructional Tool | Assessment | Canvas Assignment Tool This is one of several native Canvas tools that allows instructors to collect student work for grading.,IT,crawl,Yale,https://canvas.yale.edu/instructional-tools
Instructional Tool | Communication | Canvas Announcements Instructors in a Canvas course have the ability to send Announcements to students in their course.,IT,crawl,Yale,https://canvas.yale.edu/instructional-tools
"Instructional Tool | Artificial Intelligence | Assessment | Discussion | BoodleBox BoodleBox.ai (currently in limited pilot) is a collaborative AI platform designed to support teaching, learning, and research across disciplines.",IT,crawl,Yale,https://canvas.yale.edu/instructional-tools
The Collaborations tool in Canvas allows students and instructors to create collaborative documents together.,IT,crawl,Yale,https://canvas.yale.edu/instructional-tools
This is one of several native Canvas tools that allows instructors to collect student work for grading.,IT,crawl,Yale,https://canvas.yale.edu/instructional-tools
Facilitating & Instructing on Canvas,IT,crawl,Yale,https://canvas.yale.edu/course-management
Participating & Engaging with Canvas,IT,crawl,Yale,https://canvas.yale.edu/course-management
Course Administration Settings,IT,crawl,Yale,https://canvas.yale.edu/course-management/teaching-with-canvas
Managing Course Materials,IT,crawl,Yale,https://canvas.yale.edu/course-management/teaching-with-canvas
Communication & Notifications,IT,crawl,Yale,https://canvas.yale.edu/course-management/teaching-with-canvas
Calendars & Scheduling,IT,crawl,Yale,https://canvas.yale.edu/course-management/teaching-with-canvas
Requesting Canvas Project Sites,IT,crawl,Yale,https://canvas.yale.edu/course-management/teaching-with-canvas
"The following resources provide you with how-to articles, support documentation, and best-practices for configuring and using Canvas in your course.",IT,crawl,Yale,https://canvas.yale.edu/course-management/teaching-with-canvas
Canvas @Yale Login,IT,crawl,Yale,https://canvas.yale.edu/course-management/learning-with-canvas
Canvas Usage & Features,IT,crawl,Yale,https://canvas.yale.edu/course-management/learning-with-canvas
Navigating Canvas @ Yale,IT,crawl,Yale,https://canvas.yale.edu/course-management/learning-with-canvas
Finding your way around Canvas,IT,crawl,Yale,https://canvas.yale.edu/course-management/learning-with-canvas
Canvas dashboard favorites,IT,crawl,Yale,https://canvas.yale.edu/course-management/learning-with-canvas
Locating your Canvas course,IT,crawl,Yale,https://canvas.yale.edu/course-management/learning-with-canvas
Filter your Canvas course list,IT,crawl,Yale,https://canvas.yale.edu/course-management/learning-with-canvas
Assessments & Feedback on Canvas,IT,crawl,Yale,https://canvas.yale.edu/course-management/learning-with-canvas
Submitting an online Canvas assignment,IT,crawl,Yale,https://canvas.yale.edu/course-management/learning-with-canvas
Create a PDF of handwritten assignments,IT,crawl,Yale,https://canvas.yale.edu/course-management/learning-with-canvas
Canvas assessment guides for external tools,IT,crawl,Yale,https://canvas.yale.edu/course-management/learning-with-canvas
"Finding feedback, rubrics and grades in Canvas",IT,crawl,Yale,https://canvas.yale.edu/course-management/learning-with-canvas
Using the Sign Up Tool,IT,crawl,Yale,https://canvas.yale.edu/course-management/learning-with-canvas
Personalizing Your Canvas,IT,crawl,Yale,https://canvas.yale.edu/course-management/learning-with-canvas
Changing your profile picture,IT,crawl,Yale,https://canvas.yale.edu/course-management/learning-with-canvas
Completing your Canvas profile,IT,crawl,Yale,https://canvas.yale.edu/course-management/learning-with-canvas
Editing your Canvas user settings,IT,crawl,Yale,https://canvas.yale.edu/course-management/learning-with-canvas
Changing your name on Canvas,IT,crawl,Yale,https://canvas.yale.edu/course-management/learning-with-canvas
Canvas @ Yale Support Guides,IT,crawl,Yale,https://canvas.yale.edu/course-management/learning-with-canvas
Canvas Vendor Guides,IT,crawl,Yale,https://canvas.yale.edu/course-management/learning-with-canvas
Common Canvas Questions / Topics,IT,crawl,Yale,https://canvas.yale.edu/course-management/learning-with-canvas
Finding your way around Canvas Learn how to navigate your Canvas Dashboard and Global Navigation links. You’ll also learn about navigating a course and accessing assignments.,IT,crawl,Yale,https://canvas.yale.edu/course-management/learning-with-canvas
Canvas dashboard favorites Utilize the ‘ Favorites ’ function to organize and find all of your courses easily within your Canvas @ Yale Dashboard each semester.,IT,crawl,Yale,https://canvas.yale.edu/course-management/learning-with-canvas
Locating your Canvas course Your Canvas Dashboard page will display all of your courses enrolled in for the current academic year. Past term courses can be found on your Courses list.,IT,crawl,Yale,https://canvas.yale.edu/course-management/learning-with-canvas
"Filter your Canvas course list The Courses list, found in the Global Navigation menu, can be sorted and searched to make it easier to find specific course sites.",IT,crawl,Yale,https://canvas.yale.edu/course-management/learning-with-canvas
Submitting an online Canvas assignment You can submit online assignments in Canvas using several submission types. Instructors can choose what kind of online submissions they want you to use.,IT,crawl,Yale,https://canvas.yale.edu/course-management/learning-with-canvas
"Create a PDF of handwritten assignments For online assignments that require you to hand write/draw your response, you will need to create an electronic version of your completed work.",IT,crawl,Yale,https://canvas.yale.edu/course-management/learning-with-canvas
"Canvas assessment guides for external tools Getting started guides for using tools like Turnitin, WordPress, Ed Discussion, and Respondus",IT,crawl,Yale,https://canvas.yale.edu/course-management/learning-with-canvas
"Finding feedback, rubrics and grades in Canvas Canvas offers many different kinds of assignments that your instructors may use. Always know where to go in a Canvas activity to find your grades and feedback.",IT,crawl,Yale,https://canvas.yale.edu/course-management/learning-with-canvas
Changing your profile picture You can add or change your profile picture on the User Profile page. Canvas profile pictures are visible to all other participants in current-term courses.,IT,crawl,Yale,https://canvas.yale.edu/course-management/learning-with-canvas
"Completing your Canvas profile Canvas allows participants to display profile photos, biographies, and links on their profiles. These settings can be configured on the User Profile page.",IT,crawl,Yale,https://canvas.yale.edu/course-management/learning-with-canvas
"Editing your Canvas user settings Participants can make changes to their pronouns, language, time zone, third-party services, Canvas feature options, and contact information on the User Settings page.",IT,crawl,Yale,https://canvas.yale.edu/course-management/learning-with-canvas
Changing your name on Canvas Canvas @ Yale displays your “preferred name” based on the official Name Policy and Use.,IT,crawl,Yale,https://canvas.yale.edu/course-management/learning-with-canvas
Why are the courses I registered for not showing up in Canvas?,IT,crawl,Yale,https://canvas.yale.edu/course-management/learning-with-canvas
I am missing part or all of an essay response. What happened to the rest of my essay response in the Canvas quiz / exam I took?,IT,crawl,Yale,https://canvas.yale.edu/course-management/learning-with-canvas
What role am I in this Canvas Course?,IT,crawl,Yale,https://canvas.yale.edu/course-management/learning-with-canvas
Why am I not getting copies of my notifications in my Yale email account?,IT,crawl,Yale,https://canvas.yale.edu/course-management/learning-with-canvas
Understanding How the Registration Worksheet & Canvas Worksheet Interact with a Canvas Course Site,IT,crawl,Yale,https://canvas.yale.edu/course-management/learning-with-canvas
Understanding the Canvas @ Yale Visitor Purge,IT,crawl,Yale,https://canvas.yale.edu/course-management/learning-with-canvas
"The following resources provide you with how-to articles, support documentation, and recommendations for navigating / using Canvas.",IT,crawl,Yale,https://canvas.yale.edu/course-management/learning-with-canvas
"Please note that using Canvas is up to the individual instructor of each course. Canvas may be utilized to varying degrees, including not at all. If you have questions regarding the use of Canvas for a course, please reach out to your instructor.",IT,crawl,Yale,https://canvas.yale.edu/course-management/learning-with-canvas
You can submit online assignments in Canvas using several submission types. Instructors can choose what kind of online submissions they want you to use.,IT,crawl,Yale,https://canvas.yale.edu/course-management/learning-with-canvas
"For online assignments that require you to hand write/draw your response, you will need to create an electronic version of your completed work.",IT,crawl,Yale,https://canvas.yale.edu/course-management/learning-with-canvas
You can add or change your profile picture on the User Profile page. Canvas profile pictures are visible to all other participants in current-term courses.,IT,crawl,Yale,https://canvas.yale.edu/course-management/learning-with-canvas
Need some guidance on how to do something on Canvas? Check out our support guides to find answers!,IT,crawl,Yale,https://canvas.yale.edu/course-management/learning-with-canvas
Can’t find how to do something in our guides? Check out Instructure’s guides for even more support articles on using Canvas.,IT,crawl,Yale,https://canvas.yale.edu/course-management/learning-with-canvas
"Student Technology Collaborative - (Yale College & GSAS only) - supports students in most technology needs, both hardware and software",IT,crawl,Yale,https://canvas.yale.edu/course-management/learning-with-canvas
Course Support Roles,IT,crawl,Yale,https://canvas.yale.edu/course-management/course-roles-permissions
ULA (Undergraduate Learning Assistant),IT,crawl,Yale,https://canvas.yale.edu/course-management/course-roles-permissions
Accessibility Support,IT,crawl,Yale,https://canvas.yale.edu/course-management/course-roles-permissions
Course Roles to Avoid Using,IT,crawl,Yale,https://canvas.yale.edu/course-management/course-roles-permissions
Course Role Permissions,IT,crawl,Yale,https://canvas.yale.edu/course-management/course-roles-permissions
Primary Use: Official instructor(s) of record for the course. These users will be automatically added to course sites by the registration system.,IT,crawl,Yale,https://canvas.yale.edu/course-management/course-roles-permissions
Permissions: Full course permissions to add / edit / delete / copy course content and manage manually added users.,IT,crawl,Yale,https://canvas.yale.edu/course-management/course-roles-permissions
Limitations: Cannot manage users that are automatically enrolled by the registration system.,IT,crawl,Yale,https://canvas.yale.edu/course-management/course-roles-permissions
Primary Use: Unofficial users that need instructor level permissions but are not the official instructor of record. These users must be manually added by the course Instructor or a TA.,IT,crawl,Yale,https://canvas.yale.edu/course-management/course-roles-permissions
Primary Use: Teaching fellows and teaching assistants who will be supporting the instructor(s) for a course. These users must be manually added by the course Instructor or a TA.,IT,crawl,Yale,https://canvas.yale.edu/course-management/course-roles-permissions
"Limitations: Cannot manage users that are automatically enrolled by the registration system. Also, the TA role can be restricted so that they can only view the course section they are assigned to manage.",IT,crawl,Yale,https://canvas.yale.edu/course-management/course-roles-permissions
Primary Use: TAs or other staff who will be grading assignments. These users must be manually added by the course Instructor or a TA.,IT,crawl,Yale,https://canvas.yale.edu/course-management/course-roles-permissions
Permissions: Add / edit student grades and add / edit / delete assignments and quizzes.,IT,crawl,Yale,https://canvas.yale.edu/course-management/course-roles-permissions
Limitations: Cannot manage users or any other course content.,IT,crawl,Yale,https://canvas.yale.edu/course-management/course-roles-permissions
Primary Use: Undergraduate students who are providing peer tutoring and academic support in a class. These users must be manually added by the course Instructor or a TA.,IT,crawl,Yale,https://canvas.yale.edu/course-management/course-roles-permissions
"Permissions: Add / edit / delete assignments, quizzes and discussions, as well as add / edit / delete course files. Can send announcements.",IT,crawl,Yale,https://canvas.yale.edu/course-management/course-roles-permissions
"Limitations: Cannot manage users, or grade activities.",IT,crawl,Yale,https://canvas.yale.edu/course-management/course-roles-permissions
Primary Use: Departmental and administrative staff supporting the creation of course sites. These users must be manually added by the course Instructor or a TA.,IT,crawl,Yale,https://canvas.yale.edu/course-management/course-roles-permissions
Permissions: Add / edit / delete course content. Can add other TAs and Guest Instructors.,IT,crawl,Yale,https://canvas.yale.edu/course-management/course-roles-permissions
Limitations: Cannot manage student users and cannot update / edit student grades.,IT,crawl,Yale,https://canvas.yale.edu/course-management/course-roles-permissions
Primary Use: Accessibility support staff that are assisting faculty.,IT,crawl,Yale,https://canvas.yale.edu/course-management/course-roles-permissions
"Permissions: Add / edit / delete course assignments, files, announcements, discussions, and pages.",IT,crawl,Yale,https://canvas.yale.edu/course-management/course-roles-permissions
"Limitations: Cannot manage users, cannot update / edit / view student grades, and cannot add / edit / delete all other course content.",IT,crawl,Yale,https://canvas.yale.edu/course-management/course-roles-permissions
Primary Use: Librarian staff that are assisting faculty.,IT,crawl,Yale,https://canvas.yale.edu/course-management/course-roles-permissions
Permissions: Add LibGuides links to Course Navigation.,IT,crawl,Yale,https://canvas.yale.edu/course-management/course-roles-permissions
"Limitations: Cannot manage users, cannot update / edit / view student grades, and cannot add / edit / delete course content.",IT,crawl,Yale,https://canvas.yale.edu/course-management/course-roles-permissions
Primary Use: For users who would like to view the course only.,IT,crawl,Yale,https://canvas.yale.edu/course-management/course-roles-permissions
Permissions: View course content and post to discussions.,IT,crawl,Yale,https://canvas.yale.edu/course-management/course-roles-permissions
Limitations: Cannot view or modify course settings or view other students’ grades or assignments.,IT,crawl,Yale,https://canvas.yale.edu/course-management/course-roles-permissions
Primary Use: Students who have added the course to their Registration Worksheet in Yale Course Search to officially enroll in a course. These users will be automatically added to course sites by the registration system.,IT,crawl,Yale,https://canvas.yale.edu/course-management/course-roles-permissions
Permissions: View course content and participate in course activities and assignments.,IT,crawl,Yale,https://canvas.yale.edu/course-management/course-roles-permissions
"Primary Use: Students who have added the course to their Canvas Worksheet in Yale Course Search because they are interested in, but not ready to officially register for a course. These users will be automatically added to course sites by the registration system.",IT,crawl,Yale,https://canvas.yale.edu/course-management/course-roles-permissions
Permissions: View course content and participate in course activities and assignments. Visitors have the same permissions in the course as users with the Student role.,IT,crawl,Yale,https://canvas.yale.edu/course-management/course-roles-permissions
Primary Use: People who are unofficially requesting to audit or participate in a course. These users must be manually added by the course Instructor or a TA.,IT,crawl,Yale,https://canvas.yale.edu/course-management/course-roles-permissions
Permissions: View course content and participate in course activities and assignments. Guest Students have the same permissions in the course as users with the Student role.,IT,crawl,Yale,https://canvas.yale.edu/course-management/course-roles-permissions
Primary Use: Students who have officially registered to audit a course. These users will be automatically added to course sites by the registration system.,IT,crawl,Yale,https://canvas.yale.edu/course-management/course-roles-permissions
Permissions: View course content and participate in course activities and assignments. Auditors have the same permissions in the course as users with the Student role.,IT,crawl,Yale,https://canvas.yale.edu/course-management/course-roles-permissions
Primary Use: Please do not use.,IT,crawl,Yale,https://canvas.yale.edu/course-management/course-roles-permissions
Primary Use: Typically used in the K-12 arena to allow parents to view and monitor their children’s progress.,IT,crawl,Yale,https://canvas.yale.edu/course-management/course-roles-permissions
"Permissions: View course content. When linked to a student account, this user can also see the associated student’s assignment submissions and grades.",IT,crawl,Yale,https://canvas.yale.edu/course-management/course-roles-permissions
Limitations: Cannot add / edit / delete content or participate in any activities.,IT,crawl,Yale,https://canvas.yale.edu/course-management/course-roles-permissions
"The Grader role is NOT anonymous in Canvas. If you need an anonymous grader, please contact canvas@yale.edu for more information.",IT,crawl,Yale,https://canvas.yale.edu/course-management/course-roles-permissions
"For more information regarding the usage of ULAs in a course, please reference the Yale College Guidelines for Teaching with Undergraduate Learning Assistants (ULAs) support page.",IT,crawl,Yale,https://canvas.yale.edu/course-management/course-roles-permissions
This is a default Canvas role and is not recommended for use.,IT,crawl,Yale,https://canvas.yale.edu/course-management/course-roles-permissions
Why is the Expanded Course Description in the Canvas Syllabus?,IT,crawl,Yale,https://canvas.yale.edu/course-management/expanded-course-description
Registrar Information,IT,crawl,Yale,https://canvas.yale.edu/course-management/expanded-course-description
Expanded Course Description Support,IT,crawl,Yale,https://canvas.yale.edu/course-management/expanded-course-description
Expanded Course Description Elements,IT,crawl,Yale,https://canvas.yale.edu/course-management/expanded-course-description
Breakdown of the Elements,IT,crawl,Yale,https://canvas.yale.edu/course-management/expanded-course-description
Course Description,IT,crawl,Yale,https://canvas.yale.edu/course-management/expanded-course-description
"Enrollment Cap, Selection Process, & Notification (if applicable)",IT,crawl,Yale,https://canvas.yale.edu/course-management/expanded-course-description
Required Course Materials,IT,crawl,Yale,https://canvas.yale.edu/course-management/expanded-course-description
Assessments and Grading,IT,crawl,Yale,https://canvas.yale.edu/course-management/expanded-course-description
Academic Integrity,IT,crawl,Yale,https://canvas.yale.edu/course-management/expanded-course-description
Academic & Wellness Supports,IT,crawl,Yale,https://canvas.yale.edu/course-management/expanded-course-description
Course Introduction Video,IT,crawl,Yale,https://canvas.yale.edu/course-management/expanded-course-description
The Expanded Course Description template was created for FAS/SEAS Canvas courses and was first implemented in fall 2020. This template was designed in partnership with the FAS Steering Committee and the Poorvu Center for Teaching and Learning.,IT,crawl,Yale,https://canvas.yale.edu/course-management/expanded-course-description
The Expanded Course Description is built into the Syllabus tool in Canvas and is part of the course creation process.,IT,crawl,Yale,https://canvas.yale.edu/course-management/expanded-course-description
"The expanded course description was added to the Syllabus tool in Canvas to facilitate student access to consistent information necessary during registration. Unlike other parts of a Canvas course site, the Canvas Syllabus is linked to its course listing on Yale Course Search once a faculty member publishes (or makes available) their official course site in Canvas. Students who are registering for classes can click the corresponding “ Syllabus ” button on Yale Course Search for a course to view the completed Expanded Course Description.",IT,crawl,Yale,https://canvas.yale.edu/course-management/expanded-course-description
"For an editable Microsoft Word version of the Expanded Course Description (updated for Fall 2025), please see the following document:",IT,crawl,Yale,https://canvas.yale.edu/course-management/expanded-course-description
Accidentally deleted / overwrote this template or would like to restore the original version to your course? Please reach out to the Poorvu Center!,IT,crawl,Yale,https://canvas.yale.edu/course-management/expanded-course-description
"The FAS/SEAS Expanded Course Description is comprised of multiple elements. Instructors can use these elements as a jumping off point for students to see details about the course prior to enrolling during the registration periods. To learn more about each syllabus section and what you may want to include in it, please review the toggle-sections below.",IT,crawl,Yale,https://canvas.yale.edu/course-management/expanded-course-description
"Please indicate the end-of-term assessment, and include a provisional breakdown of how each assessment will factor into the overall grade.",IT,crawl,Yale,https://canvas.yale.edu/course-management/expanded-course-description
"If available, provide a link to your full syllabus document here.",IT,crawl,Yale,https://canvas.yale.edu/course-management/expanded-course-description
"If you have the Expanded Course Description in your Canvas course site Syllabus page and do not wish to use it, you can select all of the content and delete it.",IT,crawl,Yale,https://canvas.yale.edu/course-management/expanded-course-description
"The template is meant to serve as a guide, and is not a fixed or permanent part of your course.",IT,crawl,Yale,https://canvas.yale.edu/course-management/expanded-course-description
Instructor Resources,IT,crawl,Yale,https://canvas.yale.edu/canvas-administration
Registrar Resources,IT,crawl,Yale,https://canvas.yale.edu/canvas-administration
Canvas Admin Resources,IT,crawl,Yale,https://canvas.yale.edu/canvas-administration
General Term Timing for Canvas Course Site Creation,IT,crawl,Yale,https://canvas.yale.edu/canvas-administration/course-creation-timing
Professional Schools Requesting Canvas Course Sites Early,IT,crawl,Yale,https://canvas.yale.edu/canvas-administration/course-creation-timing
Canvas Course Request Forms,IT,crawl,Yale,https://canvas.yale.edu/canvas-administration/course-creation-timing
"Subject Code (e.g. NURS, LAW, MGT)",IT,crawl,Yale,https://canvas.yale.edu/canvas-administration/course-creation-timing
"Course Number (e.g. 550, 641, 860)",IT,crawl,Yale,https://canvas.yale.edu/canvas-administration/course-creation-timing
WordPress for Canvas Request,IT,crawl,Yale,https://canvas.yale.edu/canvas-administration/course-creation-timing
"The Poorvu Center’s Educational Technology team, who administer Canvas @ Yale, enable the automatic creation of academic Canvas course sites when the University Registrar Office (URO) or Professional School Registrar determines their school / population are done setting up their course offerings and cross-listings.",IT,crawl,Yale,https://canvas.yale.edu/canvas-administration/course-creation-timing
"If a professional school registrar requires specific course sites be created ahead of their full school’s course creation date, please email askpoorvucenter@yale.edu and include the following:",IT,crawl,Yale,https://canvas.yale.edu/canvas-administration/course-creation-timing
"The Poorvu Center’s Educational Technology team would appreciate if registrars and senior Canvas admin support members in the professional schools who make these requests would please aggregate and provide a list of the courses that need to be created early in a spreadsheet, rather than communicated in an ad-hoc manner.",IT,crawl,Yale,https://canvas.yale.edu/canvas-administration/course-creation-timing
"If any instructor teaching an FAS-listed course (or professional school course) would like to work on their class before official course sites are created for a term, they can complete the Sandbox Course Request form .",IT,crawl,Yale,https://canvas.yale.edu/canvas-administration/course-creation-timing
Have a specific request related to your Canvas @ Yale academic course site?,IT,crawl,Yale,https://canvas.yale.edu/canvas-administration/course-creation-timing
Canvas for Every Use Case,IT,crawl,Yale,https://canvas.yale.edu/canvas-administration/types-of-canvas-sites
Academic Course Sites,IT,crawl,Yale,https://canvas.yale.edu/canvas-administration/types-of-canvas-sites
Official Cross-Listing Vs. Canvas Umbrella Site,IT,crawl,Yale,https://canvas.yale.edu/canvas-administration/types-of-canvas-sites
Canvas Umbrella Site Types,IT,crawl,Yale,https://canvas.yale.edu/canvas-administration/types-of-canvas-sites
Canvas Umbrella Site,IT,crawl,Yale,https://canvas.yale.edu/canvas-administration/types-of-canvas-sites
Request a Project Site,IT,crawl,Yale,https://canvas.yale.edu/canvas-administration/types-of-canvas-sites
Project Site Terms & Conditions,IT,crawl,Yale,https://canvas.yale.edu/canvas-administration/types-of-canvas-sites
Site Access & Management,IT,crawl,Yale,https://canvas.yale.edu/canvas-administration/types-of-canvas-sites
Available Tools & Functions,IT,crawl,Yale,https://canvas.yale.edu/canvas-administration/types-of-canvas-sites
Renewing an Approved Project Site,IT,crawl,Yale,https://canvas.yale.edu/canvas-administration/types-of-canvas-sites
Section-retained Umbrella site: A new course site is created which has all the enrollments from the individual sections. The individual section course sites remain intact.,IT,crawl,Yale,https://canvas.yale.edu/canvas-administration/types-of-canvas-sites
Section-merged Umbrella site: Individual course sections are collapsed into one course site. Differentiation of sections for sharing files is not possible.,IT,crawl,Yale,https://canvas.yale.edu/canvas-administration/types-of-canvas-sites
Requests must come from a Yale Faculty or Staff member,IT,crawl,Yale,https://canvas.yale.edu/canvas-administration/types-of-canvas-sites
Will be honored on a case by case basis,IT,crawl,Yale,https://canvas.yale.edu/canvas-administration/types-of-canvas-sites
Are not for student-led groups or organizations,IT,crawl,Yale,https://canvas.yale.edu/canvas-administration/types-of-canvas-sites
May require a consultation with a member of the Poorvu Educational Technology team,IT,crawl,Yale,https://canvas.yale.edu/canvas-administration/types-of-canvas-sites
Enrolling non-Yale users are subject to licensing fees,IT,crawl,Yale,https://canvas.yale.edu/canvas-administration/types-of-canvas-sites
Enrollments must not exceed 250 users,IT,crawl,Yale,https://canvas.yale.edu/canvas-administration/types-of-canvas-sites
The requester and/or site facilitators are responsible for managing all enrollments in their site,IT,crawl,Yale,https://canvas.yale.edu/canvas-administration/types-of-canvas-sites
Canvas sites cannot be made publicly available,IT,crawl,Yale,https://canvas.yale.edu/canvas-administration/types-of-canvas-sites
"Sites expire at the end of the term or fiscal year they were created. After expiration, a new Project Site Request form must be filled out to create a new Canvas site",IT,crawl,Yale,https://canvas.yale.edu/canvas-administration/types-of-canvas-sites
"After expiration, a new Project Site Request form must be filled out to create a new Canvas site",IT,crawl,Yale,https://canvas.yale.edu/canvas-administration/types-of-canvas-sites
Canvas sites must not contain high risk data anywhere within the site,IT,crawl,Yale,https://canvas.yale.edu/canvas-administration/types-of-canvas-sites
"If your needs align with the terms and conditions listed below, please fill out the Project Site Request form to begin the process of acquiring a non-academic Canvas course.",IT,crawl,Yale,https://canvas.yale.edu/canvas-administration/types-of-canvas-sites
"If your Project site has expired and you need a new site, please complete the Project Site Request form and select the option to renew.",IT,crawl,Yale,https://canvas.yale.edu/canvas-administration/types-of-canvas-sites
Canvas Administrators,IT,crawl,Yale,https://canvas.yale.edu/canvas-administration/canvas-admin-access
Requesting New / Modified / Removed Admin Access,IT,crawl,Yale,https://canvas.yale.edu/canvas-administration/canvas-admin-access
Admin Access Requirements,IT,crawl,Yale,https://canvas.yale.edu/canvas-administration/canvas-admin-access
Annual Admin Renewal,IT,crawl,Yale,https://canvas.yale.edu/canvas-administration/canvas-admin-access
Creative Commons License,IT,crawl,Yale,https://canvas.yale.edu/canvas-administration/canvas-admin-access
Designated Requester List (CAS Required),IT,crawl,Yale,https://canvas.yale.edu/canvas-administration/canvas-admin-access
Part 1: Relevant Canvas admin navigation information and Canvas admin acceptable use policies (~10 minutes),IT,crawl,Yale,https://canvas.yale.edu/canvas-administration/canvas-admin-access
Part 2: FERPA training and review (~30 minutes),IT,crawl,Yale,https://canvas.yale.edu/canvas-administration/canvas-admin-access
Canvas @ Yale and ITS support,IT,crawl,Yale,https://canvas.yale.edu/canvas-administration/canvas-admin-access
Registrars and Admins supporting all faculty in a school / department,IT,crawl,Yale,https://canvas.yale.edu/canvas-administration/canvas-admin-access
Professional school LMS support staff,IT,crawl,Yale,https://canvas.yale.edu/canvas-administration/canvas-admin-access
Certificate or non-academic program support staff,IT,crawl,Yale,https://canvas.yale.edu/canvas-administration/canvas-admin-access
Summer Program Student Worker,IT,crawl,Yale,https://canvas.yale.edu/canvas-administration/canvas-admin-access
"Faculty including instructors, lectors, and lecturers",IT,crawl,Yale,https://canvas.yale.edu/canvas-administration/canvas-admin-access
Fully vet requested admin users to ensure that they are appropriate candidates for admin level access in Canvas prior to submitting a request.,IT,crawl,Yale,https://canvas.yale.edu/canvas-administration/canvas-admin-access
Follow up with requested users to ensure that they meet the admin access requirements before their request expires.,IT,crawl,Yale,https://canvas.yale.edu/canvas-administration/canvas-admin-access
"Submit Canvas admin requests to remove any user (including yourself) who has left the department, changed roles, or have left the university.",IT,crawl,Yale,https://canvas.yale.edu/canvas-administration/canvas-admin-access
Submit Canvas admin requests to change a user’s level of access if their role changes within a department or unit and they now need higher or lower Canvas admin permissions.,IT,crawl,Yale,https://canvas.yale.edu/canvas-administration/canvas-admin-access
Confirm continued access for previously requested admin level users as a part of periodic Canvas admin audits.,IT,crawl,Yale,https://canvas.yale.edu/canvas-administration/canvas-admin-access
Note: Only Designated Requestors may submit a Canvas Admin Access Request form,IT,crawl,Yale,https://canvas.yale.edu/canvas-administration/canvas-admin-access
"For more information on Canvas Admin Access or if you have an admin access issue not outlined here, please contact askpoorvucenter@yale.edu .",IT,crawl,Yale,https://canvas.yale.edu/canvas-administration/canvas-admin-access
"This access is not for staff who are supporting a few selected courses / faculty, or for individuals who are currently enrolled in degree programs at Yale. If you are only supporting a single faculty member with just a few courses, you should instead ask the instructor to add you to their course site with the TA or Guest Instructor role.",IT,crawl,Yale,https://canvas.yale.edu/canvas-administration/canvas-admin-access
"If you do not complete your admin access renewal before the deadline, you will need to have a Designated Requester submit a new admin access request form to reestablish your admin access.",IT,crawl,Yale,https://canvas.yale.edu/canvas-administration/canvas-admin-access
Banner Data Feeds into Canvas @ Yale,IT,crawl,Yale,https://canvas.yale.edu/canvas-administration/banner-information-feeding-canvas
Banner / Canvas Support,IT,crawl,Yale,https://canvas.yale.edu/canvas-administration/banner-information-feeding-canvas
Academic Canvas Course Site Creation Workflow,IT,crawl,Yale,https://canvas.yale.edu/canvas-administration/banner-information-feeding-canvas
1. Registrar Inputs Semester Courses in Course Offering System,IT,crawl,Yale,https://canvas.yale.edu/canvas-administration/banner-information-feeding-canvas
2. Confirm Courses Appear in Yale Course Search / Banner,IT,crawl,Yale,https://canvas.yale.edu/canvas-administration/banner-information-feeding-canvas
3. Notify the Educational Technology Team Managing Canvas @ Yale to Enable Course Site Creation Feed,IT,crawl,Yale,https://canvas.yale.edu/canvas-administration/banner-information-feeding-canvas
4. Canvas Course Site Creation,IT,crawl,Yale,https://canvas.yale.edu/canvas-administration/banner-information-feeding-canvas
The following steps outline the general order of operations for academic Canvas course sites to be created.,IT,crawl,Yale,https://canvas.yale.edu/canvas-administration/banner-information-feeding-canvas
If your school does not utilize Yale Course Search it is recommended that you check Banner directly to confirm that the courses and instructors are entered.,IT,crawl,Yale,https://canvas.yale.edu/canvas-administration/banner-information-feeding-canvas
The URO and professional school registrars email askpoorvucenter@yale.edu when their respective course data has been successfully input and loaded into Banner to let the Educational Technology team know that they can enable the course site creation feed for their respective schools.,IT,crawl,Yale,https://canvas.yale.edu/canvas-administration/banner-information-feeding-canvas
The URO confirms the creation date for FAS courses (Yale College and GSAS). Professional school registrars confirms the creation date for their respective schools.,IT,crawl,Yale,https://canvas.yale.edu/canvas-administration/banner-information-feeding-canvas
The Educational Technology team enable the individual school’s course site feed to start automatically populating and creating sites based on the information input on Banner.,IT,crawl,Yale,https://canvas.yale.edu/canvas-administration/banner-information-feeding-canvas
"If you have any additional questions about the registrar processes, please contact your school’s / department’s registrar. If you have questions about how Canvas integrates with the Registrar’s systems / processes please email askpoorvucenter@yale.edu .",IT,crawl,Yale,https://canvas.yale.edu/canvas-administration/banner-information-feeding-canvas
Login to Canvas @ Yale,IT,crawl,Yale,https://canvas.yale.edu/support/canvas-yale-help-guides
Dyslexia Friendly Font in Canvas,IT,crawl,Yale,https://canvas.yale.edu/support/canvas-yale-help-guides
Canvas @ Yale: AI Features,IT,crawl,Yale,https://canvas.yale.edu/support/canvas-yale-help-guides
Faculty: Beginning of Semester Articles,IT,crawl,Yale,https://canvas.yale.edu/support/canvas-yale-help-guides
Student: Beginning of Semester Articles,IT,crawl,Yale,https://canvas.yale.edu/support/canvas-yale-help-guides
Recently Updated Articles,IT,crawl,Yale,https://canvas.yale.edu/support/canvas-yale-help-guides
Accessibility & Inclusion,IT,crawl,Yale,https://canvas.yale.edu/support/canvas-yale-help-guides
AI in Canvas @ Yale,IT,crawl,Yale,https://canvas.yale.edu/support/canvas-yale-help-guides
Instructor & Teaching Fellow,IT,crawl,Yale,https://canvas.yale.edu/support/canvas-yale-help-guides
Beginning of Semester / Term Checklist,IT,crawl,Yale,https://canvas.yale.edu/support/canvas-yale-help-guides
Quick Start Guide for Instructors,IT,crawl,Yale,https://canvas.yale.edu/support/canvas-yale-help-guides
Copying Content from One Canvas Course Into Another Canvas Course,IT,crawl,Yale,https://canvas.yale.edu/support/canvas-yale-help-guides
Posting Your Syllabus in Canvas,IT,crawl,Yale,https://canvas.yale.edu/support/canvas-yale-help-guides
Publishing and Unpublishing Your Course,IT,crawl,Yale,https://canvas.yale.edu/support/canvas-yale-help-guides
How do I re-organize my Course Navigation?,IT,crawl,Yale,https://canvas.yale.edu/support/canvas-yale-help-guides
Setting Your Favorite Courses to Display in the Canvas Dashboard,IT,crawl,Yale,https://canvas.yale.edu/support/canvas-yale-help-guides
Finding My Canvas @ Yale Current / Past Courses,IT,crawl,Yale,https://canvas.yale.edu/support/canvas-yale-help-guides
Modifying Your Canvas Course Notification Settings,IT,crawl,Yale,https://canvas.yale.edu/support/canvas-yale-help-guides
Canvas Updates for Spring 2026,IT,crawl,Yale,https://canvas.yale.edu/support/canvas-yale-help-guides
Canvas Updates for Summer 2026,IT,crawl,Yale,https://canvas.yale.edu/support/canvas-yale-help-guides
Students in Need of Attention Report,IT,crawl,Yale,https://canvas.yale.edu/support/canvas-yale-help-guides
Qualtrics LTI: Adding a Survey to your Canvas Course,IT,crawl,Yale,https://canvas.yale.edu/support/canvas-yale-help-guides
Qualtrics LTI: Connecting Your Canvas Account to the Qualtrics LTI,IT,crawl,Yale,https://canvas.yale.edu/support/canvas-yale-help-guides
Canvas @ Yale Admin / Registrar 6,IT,crawl,Yale,https://canvas.yale.edu/support/canvas-yale-help-guides
Canvas @ Yale External AI Tools 4,IT,crawl,Yale,https://canvas.yale.edu/support/canvas-yale-help-guides
Instructor Getting Started Guides 16,IT,crawl,Yale,https://canvas.yale.edu/support/canvas-yale-help-guides
"Assessments, Feedback and Grades 43",IT,crawl,Yale,https://canvas.yale.edu/support/canvas-yale-help-guides
Canvas @ Yale External Applications 117,IT,crawl,Yale,https://canvas.yale.edu/support/canvas-yale-help-guides
Discover Instructional Tools 32,IT,crawl,Yale,https://canvas.yale.edu/support/canvas-yale-help-guides
Student Getting Started Guides 10,IT,crawl,Yale,https://canvas.yale.edu/support/canvas-yale-help-guides
Multipurpose Solutions,IT,crawl,Yale,https://canvas.yale.edu/canvas-administration/types-of-canvas-sites/alternatives-to-canvas-yale
CampusPress (WordPress),IT,crawl,Yale,https://canvas.yale.edu/canvas-administration/types-of-canvas-sites/alternatives-to-canvas-yale
Yale Connect (CampusGroups),IT,crawl,Yale,https://canvas.yale.edu/canvas-administration/types-of-canvas-sites/alternatives-to-canvas-yale
Create different channels to communicate and collaborate,IT,crawl,Yale,https://canvas.yale.edu/canvas-administration/types-of-canvas-sites/alternatives-to-canvas-yale
Share files and create a library for just your team on OneDrive,IT,crawl,Yale,https://canvas.yale.edu/canvas-administration/types-of-canvas-sites/alternatives-to-canvas-yale
Integrates with your Outlook calendar,IT,crawl,Yale,https://canvas.yale.edu/canvas-administration/types-of-canvas-sites/alternatives-to-canvas-yale
Multipurpose tool with capabilities for: Website creation Blogging,IT,crawl,Yale,https://canvas.yale.edu/canvas-administration/types-of-canvas-sites/alternatives-to-canvas-yale
Can be made publicly available or can be locked to Yale NetID site members.,IT,crawl,Yale,https://canvas.yale.edu/canvas-administration/types-of-canvas-sites/alternatives-to-canvas-yale
Used for student organizations and groups.,IT,crawl,Yale,https://canvas.yale.edu/canvas-administration/types-of-canvas-sites/alternatives-to-canvas-yale
"Allows for posting / sharing content, creating events, and messaging.",IT,crawl,Yale,https://canvas.yale.edu/canvas-administration/types-of-canvas-sites/alternatives-to-canvas-yale
Has ability to set granular permissions on each file and folder.,IT,crawl,Yale,https://canvas.yale.edu/canvas-administration/types-of-canvas-sites/alternatives-to-canvas-yale
Create different sharing permissions for different groups of users.,IT,crawl,Yale,https://canvas.yale.edu/canvas-administration/types-of-canvas-sites/alternatives-to-canvas-yale
Supports public or private archives,IT,crawl,Yale,https://canvas.yale.edu/canvas-administration/types-of-canvas-sites/alternatives-to-canvas-yale
Provides the ability for individuals to subscribe or unsubscribe from a list,IT,crawl,Yale,https://canvas.yale.edu/canvas-administration/types-of-canvas-sites/alternatives-to-canvas-yale
Offers list owners a robust set of customizable features,IT,crawl,Yale,https://canvas.yale.edu/canvas-administration/types-of-canvas-sites/alternatives-to-canvas-yale
Available to anyone with a Yale NetID and Yale email address,IT,crawl,Yale,https://canvas.yale.edu/canvas-administration/types-of-canvas-sites/alternatives-to-canvas-yale
Members of a mailman list can include both Yale and non-Yale email addresses,IT,crawl,Yale,https://canvas.yale.edu/canvas-administration/types-of-canvas-sites/alternatives-to-canvas-yale
The following alternative solutions are not administered by the Poorvu Center’s Educational Technology team that manages Canvas @ Yale. Adopting one or more of these tools will require you to work with other units at the University.,IT,crawl,Yale,https://canvas.yale.edu/canvas-administration/types-of-canvas-sites/alternatives-to-canvas-yale
"For more information, go to the Yale ITS site on Using Microsoft Teams .",IT,crawl,Yale,https://canvas.yale.edu/canvas-administration/types-of-canvas-sites/alternatives-to-canvas-yale
"For more information, visit the Yale CampusPress site .",IT,crawl,Yale,https://canvas.yale.edu/canvas-administration/types-of-canvas-sites/alternatives-to-canvas-yale
"For more information, email yaleconnect.support@yale.edu .",IT,crawl,Yale,https://canvas.yale.edu/canvas-administration/types-of-canvas-sites/alternatives-to-canvas-yale
"For more information, please visit the Interfolio - Introduction and Tips site .",IT,crawl,Yale,https://canvas.yale.edu/canvas-administration/types-of-canvas-sites/alternatives-to-canvas-yale
This web-based software for managing group email lists offers these features:,IT,crawl,Yale,https://canvas.yale.edu/canvas-administration/types-of-canvas-sites/alternatives-to-canvas-yale
"For more information, check out the ITS information page on Mailman Lists .",IT,crawl,Yale,https://canvas.yale.edu/canvas-administration/types-of-canvas-sites/alternatives-to-canvas-yale
NOTE: This is not Yale affiliated or supported. Individuals must create and manage their own accounts.,IT,crawl,Yale,https://canvas.yale.edu/canvas-administration/types-of-canvas-sites/alternatives-to-canvas-yale
What do I need to do in order to renew my admin access?,IT,crawl,Yale,https://canvas.yale.edu/canvas-administration/canvas-admin-access/canvas-admin-access-renewal-faq
Can my access be taken away?,IT,crawl,Yale,https://canvas.yale.edu/canvas-administration/canvas-admin-access/canvas-admin-access-renewal-faq
How long is my admin access good for?,IT,crawl,Yale,https://canvas.yale.edu/canvas-administration/canvas-admin-access/canvas-admin-access-renewal-faq
Your school / department requester asks that your access be removed.,IT,crawl,Yale,https://canvas.yale.edu/canvas-administration/canvas-admin-access/canvas-admin-access-renewal-faq
"During an admin audit, your school / department requester indicates that your access is no longer needed.",IT,crawl,Yale,https://canvas.yale.edu/canvas-administration/canvas-admin-access/canvas-admin-access-renewal-faq
You fail to re-acknowledge the FERPA Agreement and the Canvas Admins Acceptable Use Policy before the renewal deadline.,IT,crawl,Yale,https://canvas.yale.edu/canvas-administration/canvas-admin-access/canvas-admin-access-renewal-faq
You move positions to another department that no longer requires Canvas admin access.,IT,crawl,Yale,https://canvas.yale.edu/canvas-administration/canvas-admin-access/canvas-admin-access-renewal-faq
You leave your position at Yale.,IT,crawl,Yale,https://canvas.yale.edu/canvas-administration/canvas-admin-access/canvas-admin-access-renewal-faq
There is evidence of a misuse of admin access privileges that breaks our FERPA and/or Acceptable Use Policy.,IT,crawl,Yale,https://canvas.yale.edu/canvas-administration/canvas-admin-access/canvas-admin-access-renewal-faq
Once renewing admins complete the requirements then the Canvas @ Yale Educational Technology will be notified and no further action is needed. There will be no disruption of access.,IT,crawl,Yale,https://canvas.yale.edu/canvas-administration/canvas-admin-access/canvas-admin-access-renewal-faq
"The Canvas course site creation feed has been enabled for my school by the Educational Technology team, but updates I made to the course offering in WEN have not appeared in Canvas. When do updates appear in Canvas?",IT,crawl,Yale,https://canvas.yale.edu/canvas-administration/banner-information-feeding-canvas/troubleshooting-banner-canvas-issues
A course has an incorrect primary / secondary course designation for a cross-listing (or different section number) that needs to be changed. How will this effect Canvas?,IT,crawl,Yale,https://canvas.yale.edu/canvas-administration/banner-information-feeding-canvas/troubleshooting-banner-canvas-issues
No instructor / the incorrect Instructor is enrolled in the Canvas course site despite them being associated with the course offering displayed on Yale Course Search / our registration page. Why are they not enrolled correctly?,IT,crawl,Yale,https://canvas.yale.edu/canvas-administration/banner-information-feeding-canvas/troubleshooting-banner-canvas-issues
"I updated a course’s title, but the title on the Canvas course site has not updated. How does the course title get changed in Canvas?",IT,crawl,Yale,https://canvas.yale.edu/canvas-administration/banner-information-feeding-canvas/troubleshooting-banner-canvas-issues
"If the problem persists past 2-4 hours and is not associated with the other troubleshooting issues identified below, please contact askpoorvucenter@yale.edu to investigate further on the Canvas side to rule out any issues with how Canvas ingests Banner data.",IT,crawl,Yale,https://canvas.yale.edu/canvas-administration/banner-information-feeding-canvas/troubleshooting-banner-canvas-issues
"When the primary / secondary designation on cross-listed courses changes, the Canvas course site with the wrong / old data will be deleted , along with all of the course site content that the instructor may have already added / created, and a new course site will be created in its place on Canvas.",IT,crawl,Yale,https://canvas.yale.edu/canvas-administration/banner-information-feeding-canvas/troubleshooting-banner-canvas-issues
"If there is already content (but not student data like assignment / discussion forum submissions and grades) in the Canvas course site, please reach out to askpoorvucenter@yale.edu to coordinate the update to avoid / mitigate deleting any work the instructor may have done.",IT,crawl,Yale,https://canvas.yale.edu/canvas-administration/banner-information-feeding-canvas/troubleshooting-banner-canvas-issues
"If the course is being taught by a new instructor or an instructor that has not taught in a number of years, the instructor’s record may need to be created or updated in Banner. If this is the case, please email courseleaf@yale.edu for assistance.",IT,crawl,Yale,https://canvas.yale.edu/canvas-administration/banner-information-feeding-canvas/troubleshooting-banner-canvas-issues
NOTE: The Registrar’s Office can not update or create a record until the instructor has a teaching appointment.,IT,crawl,Yale,https://canvas.yale.edu/canvas-administration/banner-information-feeding-canvas/troubleshooting-banner-canvas-issues
"If the instructor information is all correct and they still are not appearing in Canvas, please contact askpoorvucenter@yale.edu to investigate further on the Canvas side to rule out any issues with how Canvas ingests Banner data.",IT,crawl,Yale,https://canvas.yale.edu/canvas-administration/banner-information-feeding-canvas/troubleshooting-banner-canvas-issues
"The course site title in Canvas is created and set at the moment when the site is first created, however, instructors and some other Canvas admin users can edit a course site’s title manually in Canvas . When the Canvas course site’s name has been changed manually, the course name in Canvas will no longer update after a change to the systems of record . This is to ensure that intentional modifications to the course site’s title made by instructors in Canvas are not overwritten every time Canvas syncs.",IT,crawl,Yale,https://canvas.yale.edu/canvas-administration/banner-information-feeding-canvas/troubleshooting-banner-canvas-issues
"If a course title needs to be changed on the Canvas course site, the instructor or a registrar / local support person with Canvas admin access can follow the instructions found in the Changing Your Course Name and Course Number in Canvas support article.",IT,crawl,Yale,https://canvas.yale.edu/canvas-administration/banner-information-feeding-canvas/troubleshooting-banner-canvas-issues
Weekday Breakfast (Monday - Friday),Dining,crawl,Yale,https://hospitality.yale.edu/when-where
Weekend Breakfast & Brunch (Saturday & Sunday),Dining,crawl,Yale,https://hospitality.yale.edu/when-where
Weekday Lunch (Monday - Friday),Dining,crawl,Yale,https://hospitality.yale.edu/when-where
Weekend Lunch (Saturday & Sunday),Dining,crawl,Yale,https://hospitality.yale.edu/when-where
Weekday Dinner (Monday - Friday),Dining,crawl,Yale,https://hospitality.yale.edu/when-where
Weekend Dinner (Saturday & Sunday),Dining,crawl,Yale,https://hospitality.yale.edu/when-where
"Restaurants, Cafes, & More",Dining,crawl,Yale,https://hospitality.yale.edu/when-where
Residential Dining Open/Close Overview,Dining,crawl,Yale,https://hospitality.yale.edu/when-where
Events & Hour Alterations by Date,Dining,crawl,Yale,https://hospitality.yale.edu/when-where
Closed to Transfers,Dining,crawl,Yale,https://hospitality.yale.edu/when-where
Regular Hours for Residential Colleges,Dining,crawl,Yale,https://hospitality.yale.edu/when-where
"Regular Hours for Restaurants, Cafes, and More",Dining,crawl,Yale,https://hospitality.yale.edu/when-where
Closed to Transfers Information,Dining,crawl,Yale,https://hospitality.yale.edu/when-where
View our residential dining menus and ingredients online,Dining,crawl,Yale,https://hospitality.yale.edu/when-where
There are meal plan options for graduate & professional students,Dining,crawl,Yale,https://hospitality.yale.edu/when-where
People other than Yale College students can purchase Eli Bucks,Dining,crawl,Yale,https://hospitality.yale.edu/when-where
"View the Yale University map , filtered to our cafés and convenience shops",Dining,crawl,Yale,https://hospitality.yale.edu/when-where
Download a printable Yale Hospitality map,Dining,crawl,Yale,https://hospitality.yale.edu/when-where
Information about service interruptions can be found on the Yale Status Board,Dining,crawl,Yale,https://hospitality.yale.edu/when-where
View policies on the Yale College site,Dining,crawl,Yale,https://hospitality.yale.edu/when-where
Questions? Contact us at yale.hospitality@yale.edu,Dining,crawl,Yale,https://hospitality.yale.edu/when-where
Feel free to provide Yale Hospitality feedback,Dining,crawl,Yale,https://hospitality.yale.edu/when-where
"Wondering when and where you can enjoy your meals? Stay up to date with schedules for the academic calendar, holidays and more below. Changes to our regular routine hours are noted below as soon as possible. Schedules are different during breaks , including summer vacation. Please check Events & Hour Alterations By Date for exceptions to these schedules:",Dining,crawl,Yale,https://hospitality.yale.edu/when-where
The Bow Wow 9:30 AM - 4:00 PM (Monday - Friday),Dining,crawl,Yale,https://hospitality.yale.edu/when-where
The Refectory at Divinity 8:00 AM - 5:00 PM (Monday - Thursday) 8:00 AM - 3:00 PM (Friday),Dining,crawl,Yale,https://hospitality.yale.edu/when-where
"The Well (21+) 5:00 PM - 11:00 PM (Wednesday, Thursday, Friday)",Dining,crawl,Yale,https://hospitality.yale.edu/when-where
Cashless & Convenient,Dining,crawl,Yale,https://hospitality.yale.edu/eli-bucks
"Enjoy many Eli Bucks benefits, including:",Dining,crawl,Yale,https://hospitality.yale.edu/eli-bucks
"Campus-Wide Eli Bucks can currently be used at Residential Dining Halls, Commons , Elm , Ivy , and The Bow Wow (inside Yale Schwarzman Center), Café Med , Charley’s Place , McNay Café , Steep Café , The Refectory at Divinity , and West Campus.",Dining,crawl,Yale,https://hospitality.yale.edu/eli-bucks
"Reload – Any Time Additional Eli Bucks can be purchased at any time, in any amount by active students, staff and faculty with a valid Yale University ID. If your status with the University does not change, your Eli Bucks will not expire, and will carry forward from year to year.",Dining,crawl,Yale,https://hospitality.yale.edu/eli-bucks
"What are Eli Bucks? They’re dining dollar credits applied to your Yale University ID card. They give students and university staff a convenient way to purchase meals across the Yale campus and eliminate the need to carry cash or credit cards for that purpose. To use Eli Bucks, you simply present your University ID card at the time of purchase. Access our new and updated eAccounts management portal below.",Dining,crawl,Yale,https://hospitality.yale.edu/eli-bucks
Interested in becoming a Yale Foodie? Sign up here .,Dining,crawl,Yale,https://hospitality.yale.edu/yale-foodie
Foodies: In the Kitchen,Dining,crawl,Yale,https://hospitality.yale.edu/yale-foodie
We are Benjamin Franklin,Dining,crawl,Yale,https://hospitality.yale.edu/residential-dining/benjamin-franklin
"Jennifer Currier, General Manager",Dining,crawl,Yale,https://hospitality.yale.edu/residential-dining/benjamin-franklin
"Dining at Benjamin Franklin beautifully blends tradition and modernity. Indulge in a variety of updated elements in the servery, highlighted by a daily featured bowl station, gourmet pizza (Benjamin Franklin is one of 5 dining halls with a stone hearth pizza oven), and soft-serve frozen yogurt machine. Ramen, bibimbap, salami and honey pizza – what more can you ask for? Memorable experiences and first-class dining await!",Dining,crawl,Yale,https://hospitality.yale.edu/residential-dining/benjamin-franklin
"Marga Verneris, General Manager",Dining,crawl,Yale,https://hospitality.yale.edu/residential-dining/berkeley
"Once a testing ground for experimental organic food and sustainable produce dining plans overseen by Berkeley, California chef and cookbook author Alice Waters, Berkeley’s talented culinary team continues to delight diners with annual culinary traditions.",Dining,crawl,Yale,https://hospitality.yale.edu/residential-dining/berkeley
"Heather Tapper , General Manager",Dining,crawl,Yale,https://hospitality.yale.edu/residential-dining/branford
"The experience of dining at Davenport is welcoming and unforgettable – including the custom of singing “Happy Birthday” to all students and staff! Its large open courtyard is filled with students during Davenport’s best-known and most recent fall tradition, John’s Steaks, hosted by Head of College and professor of History, John Fabian Witt – an al fresco dinner in honor of the eponymous sandwich from his hometown of Philadelphia.",Dining,crawl,Yale,https://hospitality.yale.edu/residential-dining/davenport
We are Ezra Stiles,Dining,crawl,Yale,https://hospitality.yale.edu/residential-dining/ezra-stiles
"Kerri Hall , General Manager",Dining,crawl,Yale,https://hospitality.yale.edu/residential-dining/ezra-stiles
"Tsering Dickey, Operations Manager",Dining,crawl,Yale,https://hospitality.yale.edu/residential-dining/ezra-stiles
"The dining hall offers a striking departure from the design of more traditional college halls and is dominated by grid-like rafters, contemporary lighting, and stone and glass verticals that soar 30 feet.",Dining,crawl,Yale,https://hospitality.yale.edu/residential-dining/ezra-stiles
We are Grace Hopper,Dining,crawl,Yale,https://hospitality.yale.edu/residential-dining/grace-hopper
"Gina Gentile , General Manager",Dining,crawl,Yale,https://hospitality.yale.edu/residential-dining/grace-hopper
We are Jonathan Edwards,Dining,crawl,Yale,https://hospitality.yale.edu/residential-dining/jonathan-edwards
"The eponymous residential hall at “JE” boasts an Elizabethan banquet hall with a high, timbered truss ceiling, an alcove entrance topped with Victorian fretwork and oak-paneled walls, and two large fireplaces that are the only working ones among the colleges.",Dining,crawl,Yale,https://hospitality.yale.edu/residential-dining/jonathan-edwards
"Hewan Essue, General Manager",Dining,crawl,Yale,https://hospitality.yale.edu/residential-dining/morse
"Scott Scalabrino , Operations Manager",Dining,crawl,Yale,https://hospitality.yale.edu/residential-dining/morse
"This dining hall exhibits approximately 40-feet floor-to-ceiling windows that bathe the dining room in light during the daytime, and illuminate the courtyard and outdoor dining patio – which boasts a quietly babbling water feature.",Dining,crawl,Yale,https://hospitality.yale.edu/residential-dining/morse
We are Pauli Murray,Dining,crawl,Yale,https://hospitality.yale.edu/residential-dining/pauli-murray
"Selema Ervin , General Manager",Dining,crawl,Yale,https://hospitality.yale.edu/residential-dining/pauli-murray
"Dining at Pauli Murray beautifully blends tradition and modernity. Indulge in a variety of updated elements in the servery, highlighted by a daily featured bowl station, gourmet pizza (Pauli Murray is one of 5 dining halls with a stone hearth pizza oven), and soft-serve frozen yogurt machine. Ramen, bibimbap, salami and honey pizza – what more can you ask for? Memorable experiences and first-class dining await!",Dining,crawl,Yale,https://hospitality.yale.edu/residential-dining/pauli-murray
"Jeffrey Hardy , General Manager",Dining,crawl,Yale,https://hospitality.yale.edu/residential-dining/pierson
"The largest residential college at Yale is named for Abraham Pierson, the first rector and one of the original founders of the Collegiate School that became Yale University. Bright and airy, Pierson College was built in the Georgian Revival style with a dining hall reminiscent of an 18th century New England meeting room.",Dining,crawl,Yale,https://hospitality.yale.edu/residential-dining/pierson
The Pierson dining room is a slight departure from many of our traditional dining halls with its bright-white wood paneled walls. Piersonites dine in a space that captures Georgian Revival style with large arched clerestory windows and walls lined with replicas of New England church pews.,Dining,crawl,Yale,https://hospitality.yale.edu/residential-dining/pierson
"Bernadette Janis , General Manager",Dining,crawl,Yale,https://hospitality.yale.edu/residential-dining/saybrook
"Dining at Saybrook is a heartwarming experience. Saybrook’s server boasts extensive gluten-free offerings, surprise “pop up” selections like guacamole or trail mix – and more. Saybrook traditions include the annual Saye and Sele Day, a picnic lunch and carnival event in the Spring; a midnight breakfast program during exam week; and the infamous “Saybrook Strip,” performed at the end of the third quarter of Yale’s football games. Say What? SayBROOK!",Dining,crawl,Yale,https://hospitality.yale.edu/residential-dining/saybrook
"Maureen O’Donnell-Young , General Manager",Dining,crawl,Yale,https://hospitality.yale.edu/residential-dining/silliman
"The dining hall is spacious and airy, with high ceilings and tall, arched windows, gold chandeliers, with a beautiful Steinway concert grand piano reserved for use in recitals.",Dining,crawl,Yale,https://hospitality.yale.edu/residential-dining/silliman
We are Timothy Dwight,Dining,crawl,Yale,https://hospitality.yale.edu/residential-dining/timothy-dwight
"Nicole Wrinkler , Hospitality Operations Manager",Dining,crawl,Yale,https://hospitality.yale.edu/residential-dining/timothy-dwight
"Kory Evasick , General Manager",Dining,crawl,Yale,https://hospitality.yale.edu/residential-dining/trumbull
The Bow Wow | Yale Schwarzman Center,Dining,crawl,Yale,https://hospitality.yale.edu/restaurants-cafes
Commons | Yale Schwarzman Center,Dining,crawl,Yale,https://hospitality.yale.edu/restaurants-cafes
Elm | Yale Schwarzman Center,Dining,crawl,Yale,https://hospitality.yale.edu/restaurants-cafes
Ivy | Yale Schwarzman Center,Dining,crawl,Yale,https://hospitality.yale.edu/restaurants-cafes
Slifka Center for Jewish Life,Dining,crawl,Yale,https://hospitality.yale.edu/restaurants-cafes
The Well | Yale Schwarzman Center,Dining,crawl,Yale,https://hospitality.yale.edu/restaurants-cafes
Hours of Operation,Dining,crawl,Yale,https://hospitality.yale.edu/restaurants-cafes-more/cafe-law
The authentic café atmosphere and the selection of quality baked goods and freshly-prepared offerings makes the McNay Café a natural meeting place for those with classes or casual business meetings at the School of Management.,Dining,crawl,Yale,https://hospitality.yale.edu/restaurants-cafes/mcnay-cafe-yale-school-management
Commons Reimagined,Dining,crawl,Yale,https://hospitality.yale.edu/restaurants-cafes/schwarzman-center
All Day Café with Global Flair,Dining,crawl,Yale,https://hospitality.yale.edu/restaurants-cafes/schwarzman-center
Evening Sips & Tapas,Dining,crawl,Yale,https://hospitality.yale.edu/restaurants-cafes/schwarzman-center
Grab & Go Marketplace,Dining,crawl,Yale,https://hospitality.yale.edu/restaurants-cafes/schwarzman-center
Late Night Pub Fare,Dining,crawl,Yale,https://hospitality.yale.edu/restaurants-cafes/schwarzman-center
"The recently-renovated Schwarzman Center is transformational for Yale by providing, for the first time, an intersection of student life and the arts at the historic heart of campus.",Dining,crawl,Yale,https://hospitality.yale.edu/restaurants-cafes/schwarzman-center
"On the go? Stop by for an assortment of grab-and-go meals , beverages, spirit gear, and more – without breaking your flow!",Dining,crawl,Yale,https://hospitality.yale.edu/restaurants-cafes/schwarzman-center
Open Monday - Thursday 11am to 3pm (Academic Year),Dining,crawl,Yale,https://hospitality.yale.edu/restaurants-cafes-more/schwarzman-center/commons
"Credit cards, Eli Bucks, dining points accepted",Dining,crawl,Yale,https://hospitality.yale.edu/restaurants-cafes-more/schwarzman-center/commons
"For general inquiries, please contact SC.Hospitality@yale.edu",Dining,crawl,Yale,https://hospitality.yale.edu/restaurants-cafes-more/schwarzman-center/commons
Open Until 8pm during the Academic Year!,Dining,crawl,Yale,https://hospitality.yale.edu/restaurants-cafes-more/schwarzman-center/elm
Café Celebrating Global Flavors,Dining,crawl,Yale,https://hospitality.yale.edu/restaurants-cafes-more/schwarzman-center/elm
"Fresh coffee and espresso brewed from onsite small-batch coffee roasters, plus teas and specials",Dining,crawl,Yale,https://hospitality.yale.edu/restaurants-cafes-more/schwarzman-center/elm
"Refreshing fruit teas and lemonades with mango, dragonfruit, ube, lychee, and more",Dining,crawl,Yale,https://hospitality.yale.edu/restaurants-cafes-more/schwarzman-center/elm
Baked goods from New Haven’s own Whole G and Katalinas,Dining,crawl,Yale,https://hospitality.yale.edu/restaurants-cafes-more/schwarzman-center/elm
"Delectable sandwiches, soups, and salads for lunch",Dining,crawl,Yale,https://hospitality.yale.edu/restaurants-cafes-more/schwarzman-center/elm
"Snacks, beverages, and more!",Dining,crawl,Yale,https://hospitality.yale.edu/restaurants-cafes-more/schwarzman-center/elm
Monday – Friday 8am - 8pm (Academic Year),Dining,crawl,Yale,https://hospitality.yale.edu/restaurants-cafes-more/schwarzman-center/elm
"Eli Bucks, dining points, and credit card (cashless)",Dining,crawl,Yale,https://hospitality.yale.edu/restaurants-cafes-more/schwarzman-center/elm
Elm at The Underground | Yale Schwarzman Center,Dining,crawl,Yale,https://hospitality.yale.edu/restaurants-cafes-more/schwarzman-center/elm
"Ivy: Come by Monday through Friday, 12-9pm",Dining,crawl,Yale,https://hospitality.yale.edu/restaurants-cafes-more/schwarzman-center/ivy
Monday - Friday 12pm - 9pm (Academic Year),Dining,crawl,Yale,https://hospitality.yale.edu/restaurants-cafes-more/schwarzman-center/ivy
"Credit cards, Eli Bucks, and dining points accepted.",Dining,crawl,Yale,https://hospitality.yale.edu/restaurants-cafes-more/schwarzman-center/ivy
"The names Elm and Ivy honor the deeply rooted history of New Haven as “Elm City” – Yale University’s home – while aligning to the Ivy League schools, of which Yale represents a storied and esteemed history of brilliant minds in academia. Uniting these two elements reflect a key objective of the Yale Schwarzman Center. These two locations are unique enough to stand on their own but are uniquely bonded to each other in the shared space of The Underground.",Dining,crawl,Yale,https://hospitality.yale.edu/restaurants-cafes-more/schwarzman-center/ivy
Quick and convenient!,Dining,crawl,Yale,https://hospitality.yale.edu/restaurants-cafes-more/schwarzman-center/bow-wow
Take a Look Inside!,Dining,crawl,Yale,https://hospitality.yale.edu/restaurants-cafes-more/schwarzman-center/bow-wow
Monday – Friday 9:30am – 4pm (Academic Year),Dining,crawl,Yale,https://hospitality.yale.edu/restaurants-cafes-more/schwarzman-center/bow-wow
"Eli Bucks, dining points, and credit card (cashless).",Dining,crawl,Yale,https://hospitality.yale.edu/restaurants-cafes-more/schwarzman-center/bow-wow
Lounge Well. Sip Well. Eat Well.,Dining,crawl,Yale,https://hospitality.yale.edu/restaurants-cafes-more/schwarzman-center/well
Wednesday - Friday 5pm - 11pm (Academic Year),Dining,crawl,Yale,https://hospitality.yale.edu/restaurants-cafes-more/schwarzman-center/well
"The Well is a 21+ pub with comfortable seating and a curved bar encircled by the building’s original granite foundation. Connect and refresh over evening sips, featuring a wide selection of regional beers and global wines flowing from custom mascot-inspired bulldog taps. In the mood for tapas? Enjoy small bites like our signature warm pretzels with homemade beer mustard.",Dining,crawl,Yale,https://hospitality.yale.edu/restaurants-cafes-more/schwarzman-center/well
"The Refectory offers a selection of pastries, breakfast sandwiches, and a make your own breakfast cup with hot oatmeal or yogurt bar, fresh fruit, and toppings. Drink selections include freshly brewed fair-trade coffee and tea, crafted barista drinks, and fresh juices. For lunch, choose from a variety of freshly made sandwiches or a hot entrée from a rotating daily menu. You can also customize your own salad from the salad bar, or choose from a selection of composed salads, soups, and sushi.",Dining,crawl,Yale,https://hospitality.yale.edu/restaurants-cafes/refectory-divinity
"The Refectory is located on the East side of Yale Divinity School at 409 Prospect Street, just off the common room on the building’s second floor. Eli Bucks , points, or credit and debit cards are accepted (cashless).",Dining,crawl,Yale,https://hospitality.yale.edu/restaurants-cafes/refectory-divinity
"First-Class Service, However You Need It",Dining,crawl,Yale,https://hospitality.yale.edu/catering
Yale Catering Menu,Dining,crawl,Yale,https://hospitality.yale.edu/catering
Now Live: Café Catering Pick-up,Dining,crawl,Yale,https://hospitality.yale.edu/catering
Please note : we recently enhanced our products and services! Questions? Do not hesitate to reach out: yale.catering@yale.edu,Dining,crawl,Yale,https://hospitality.yale.edu/catering
"The Yale Catering team is dedicated to delivering culinary excellence. When you team with Yale Catering, you are guaranteed the highest levels of food quality, preparation, and presentation. Paired with exceptional service, a memorable event is guaranteed. Review our distinctive full-service menu to start getting inspired.",Dining,crawl,Yale,https://hospitality.yale.edu/catering
"You can use your Yale-affiliated COA when placing your order online, making the process even more seamless.",Dining,crawl,Yale,https://hospitality.yale.edu/catering
Continental | 17 pp,Dining,crawl,Yale,https://hospitality.yale.edu/catering/catering-menu
Sandwiches | 25 pp,Dining,crawl,Yale,https://hospitality.yale.edu/catering/catering-menu
Sandwiches & Wraps (Choose two),Dining,crawl,Yale,https://hospitality.yale.edu/catering/catering-menu
Salads (Choose two),Dining,crawl,Yale,https://hospitality.yale.edu/catering/catering-menu
Entrées (Choose one),Dining,crawl,Yale,https://hospitality.yale.edu/catering/catering-menu
Seasonal Fruit Salad,Dining,crawl,Yale,https://hospitality.yale.edu/catering/catering-menu
Salads (Choose four),Dining,crawl,Yale,https://hospitality.yale.edu/catering/catering-menu
Yale Bakery Minis (Choose two),Dining,crawl,Yale,https://hospitality.yale.edu/catering/catering-menu
Cocktail Receptions,Dining,crawl,Yale,https://hospitality.yale.edu/catering/catering-menu
Canapes & Passed Hors d’oeuvres,Dining,crawl,Yale,https://hospitality.yale.edu/catering/catering-menu
Seasonal Vegetable Crudites | 12 pp,Dining,crawl,Yale,https://hospitality.yale.edu/catering/catering-menu
Domestic Cheese | 15 pp,Dining,crawl,Yale,https://hospitality.yale.edu/catering/catering-menu
Cheese and Charcuterie | 19 pp,Dining,crawl,Yale,https://hospitality.yale.edu/catering/catering-menu
Mezze Board | 15 pp,Dining,crawl,Yale,https://hospitality.yale.edu/catering/catering-menu
Yale Bakery | 10 pp,Dining,crawl,Yale,https://hospitality.yale.edu/catering/catering-menu
Street Cart Snacks | 8 pp,Dining,crawl,Yale,https://hospitality.yale.edu/catering/catering-menu
Interactive Receptions Stations,Dining,crawl,Yale,https://hospitality.yale.edu/catering/catering-menu
Pinsa Romana | 17 pp,Dining,crawl,Yale,https://hospitality.yale.edu/catering/catering-menu
Bruschetta Bar | 15 pp,Dining,crawl,Yale,https://hospitality.yale.edu/catering/catering-menu
Cantina Bowl Bar | 19 pp,Dining,crawl,Yale,https://hospitality.yale.edu/catering/catering-menu
Hourly Bar Service,Dining,crawl,Yale,https://hospitality.yale.edu/catering/catering-menu
Residential Venues,Dining,crawl,Yale,https://hospitality.yale.edu/catering/venues
Yale Schwarzman Center,Dining,crawl,Yale,https://hospitality.yale.edu/catering/venues
Stunning spaces available for events that align with and support SOM’s mission.,Dining,crawl,Yale,https://hospitality.yale.edu/catering/venues
Harkness Hall Reception: 300,Dining,crawl,Yale,https://hospitality.yale.edu/catering/venues
Sterling Hall of Medicine Library,Dining,crawl,Yale,https://hospitality.yale.edu/catering/venues
Old Common Room Reception: 100,Dining,crawl,Yale,https://hospitality.yale.edu/catering/venues
Old Refectory Reception: 300,Dining,crawl,Yale,https://hospitality.yale.edu/catering/venues
Old Refectory Plated Dinner: 150,Dining,crawl,Yale,https://hospitality.yale.edu/catering/venues
Old Refectory Buffet Dinner: 130,Dining,crawl,Yale,https://hospitality.yale.edu/catering/venues
We label for the nine major food allergens - including sesame - and more!,Dining,crawl,Yale,https://hospitality.yale.edu/eat-well
Sourcing & Sustainability,Dining,crawl,Yale,https://hospitality.yale.edu/eat-well
Yale Hospitality Food Philosophy,Dining,crawl,Yale,https://hospitality.yale.edu/eat-well/note-chef-james
Quality Animal Proteins,Dining,crawl,Yale,https://hospitality.yale.edu/eat-well/note-chef-james
Ethical Partnerships,Dining,crawl,Yale,https://hospitality.yale.edu/eat-well/note-chef-james
Support for Local + Regional Agriculture,Dining,crawl,Yale,https://hospitality.yale.edu/eat-well/note-chef-james
Environmentally Sensitive Food Choices,Dining,crawl,Yale,https://hospitality.yale.edu/eat-well/note-chef-james
Sourcing for Nutrition,Dining,crawl,Yale,https://hospitality.yale.edu/eat-well/note-chef-james
Special Dietary Needs,Dining,crawl,Yale,https://hospitality.yale.edu/eat-well/note-chef-james
Communication + Transparency,Dining,crawl,Yale,https://hospitality.yale.edu/eat-well/note-chef-james
Sustainable Partner Manufacturing Practices,Dining,crawl,Yale,https://hospitality.yale.edu/eat-well/note-chef-james
Grower/Production Partner Labor Practices,Dining,crawl,Yale,https://hospitality.yale.edu/eat-well/note-chef-james
Regional and Local Purchasing,Dining,crawl,Yale,https://hospitality.yale.edu/eat-well/note-chef-james
Sustainable Seafood (MSC Certified),Dining,crawl,Yale,https://hospitality.yale.edu/eat-well/note-chef-james
rBST free Milk/Dairy Products,Dining,crawl,Yale,https://hospitality.yale.edu/eat-well/note-chef-james
"Prioritize minimally processed, nutrient-dense ingredients.",Dining,crawl,Yale,https://hospitality.yale.edu/eat-well/note-chef-james
"Emphasize plant-based meals, with whole grains, legumes, vegetables, nuts, and seeds.",Dining,crawl,Yale,https://hospitality.yale.edu/eat-well/note-chef-james
"Limit added sugar and salt, and saturated fat.",Dining,crawl,Yale,https://hospitality.yale.edu/eat-well/note-chef-james
"This nourishment occurs every day by focusing on wholesome foods prepared in ways that are craveable and indulgent. Our commitment to our local farmers and purveyors provide access to the best produce and seafood that New England offers, allowing us to deliver exceptional food to the Yale Community. These partnerships give us the necessary resources to create menus comprised of over 80% plant-based offerings. Plant-based agriculture is far less demanding of land and other natural resources than animal production. Moving plant-based proteins to the center of the plate in healthy, delicious, and innovative ways can help influence the way we choose to eat – both present and future.",Dining,crawl,Yale,https://hospitality.yale.edu/eat-well/note-chef-james
Dining Safely: You’re in Charge,Dining,crawl,Yale,https://hospitality.yale.edu/eat-well/dietary-requirements
Ask Our Registered Dietitian,Dining,crawl,Yale,https://hospitality.yale.edu/eat-well/dietary-requirements
Register for Dietary Accommodations in 4 Steps!,Dining,crawl,Yale,https://hospitality.yale.edu/eat-well/dietary-requirements
Halal Options at Yale,Dining,crawl,Yale,https://hospitality.yale.edu/eat-well/dietary-requirements
Frequently Asked Questions,Dining,crawl,Yale,https://hospitality.yale.edu/eat-well/dietary-requirements
Always use a clean plate/dish when re-entering the servery.,Dining,crawl,Yale,https://hospitality.yale.edu/eat-well/dietary-requirements
Use only the serving utensils provided for each dish.,Dining,crawl,Yale,https://hospitality.yale.edu/eat-well/dietary-requirements
Respect the gluten-free station – including condiments and toaster – which is reserved for separate use to prevent cross-contact.,Dining,crawl,Yale,https://hospitality.yale.edu/eat-well/dietary-requirements
General Nutrition Information,Dining,crawl,Yale,https://hospitality.yale.edu/eat-well/dietary-requirements
Menu and Ingredient Information,Dining,crawl,Yale,https://hospitality.yale.edu/eat-well/dietary-requirements
Special Dietary Accommodations,Dining,crawl,Yale,https://hospitality.yale.edu/eat-well/dietary-requirements
Contact hospitality nutrition with any questions or concerns.,Dining,crawl,Yale,https://hospitality.yale.edu/eat-well/dietary-requirements
Register with Student Accessibility Services,Dining,crawl,Yale,https://hospitality.yale.edu/eat-well/dietary-requirements
Complete the Self-Identification form (provided by SAS),Dining,crawl,Yale,https://hospitality.yale.edu/eat-well/dietary-requirements
Arrange an appointment with our Registered Dietitian to discuss accommodations and arrange an individualized plan. This plan will be executed in your home college and as needed in any of our residential dining facilities.,Dining,crawl,Yale,https://hospitality.yale.edu/eat-well/dietary-requirements
"Continue to work with the nutritionists and your unit managers and chefs. And remember, your active involvement and feedback helps us best support you!",Dining,crawl,Yale,https://hospitality.yale.edu/eat-well/dietary-requirements
"Meat Selection: All chicken, beef, and lamb served within our residential dining halls are sourced as Halal, unless otherwise specified. You can indulge in these options with confidence. Whenever a chicken, beef or lamb item is served that is not Halal, dedicated signage will be posted directing students to ask about available Halal options.",Dining,crawl,Yale,https://hospitality.yale.edu/eat-well/dietary-requirements
"Alcohol in Food: Any dishes that incorporate alcohol, such as those prepared with cooking wines like sherry and mirin, beer, or liquor, are clearly labeled as containing alcohol.",Dining,crawl,Yale,https://hospitality.yale.edu/eat-well/dietary-requirements
"Ingredients Without Alcohol Labeling: We currently do not label soy sauce, vanilla extract and wine vinegars as containing alcohol.",Dining,crawl,Yale,https://hospitality.yale.edu/eat-well/dietary-requirements
"Non-Halal Enzymes and Additives: In instances involving non-halal enzymes and additives, particularly those derived from non-Halal beef or chicken stock, we encourage you to contact our dining hall management for clarification. This ensures that the dishes align with your dietary preferences and needs.",Dining,crawl,Yale,https://hospitality.yale.edu/eat-well/dietary-requirements
"Important Clarification: Please note that these guidelines pertain exclusively to our residential dining halls and are not applicable to our retail spaces. Examples of these retail spaces include Commons, The Bow Wow, and The Elm. Should you have inquiries regarding Halal offerings in these areas, don’t hesitate to approach the management on duty or contact Yale Hospitality.",Dining,crawl,Yale,https://hospitality.yale.edu/eat-well/dietary-requirements
Avoid foods which you are allergic or cause illness,Dining,crawl,Yale,https://hospitality.yale.edu/eat-well/dietary-requirements
Read menus and ingredient information prior to making food choices,Dining,crawl,Yale,https://hospitality.yale.edu/eat-well/dietary-requirements
Recognize symptoms of your allergic reaction and know who to tell if you might be having an allergy-related problem,Dining,crawl,Yale,https://hospitality.yale.edu/eat-well/dietary-requirements
Knowledge of proper treatment for your allergic reactions; always carry your epinephrine auto-injector,Dining,crawl,Yale,https://hospitality.yale.edu/eat-well/dietary-requirements
"If you ever have questions or concerns, please contact the Registered Dietitian right away",Dining,crawl,Yale,https://hospitality.yale.edu/eat-well/dietary-requirements
"Students work closely with our Registered Dietitian to ensure their wide range of dietary needs are met. Our team also collaborates with dining managers and cooks, dietitians at the Yale Health Plan, and Student Accessibility Services, to accommodate everything from serious food allergies or medical conditions to athletic training considerations, religious dietary guidelines, and lifestyle choices.",Dining,crawl,Yale,https://hospitality.yale.edu/eat-well/dietary-requirements
"The cornerstone of our operation is variety, and our customers are provided with delicious vegan and vegetarian options every day. These are dishes created and presented in ways that make them attractive to carnivores and herbivores alike, and our vegan-friendly program has been recognized by an “A+” grade rating from PETA2.",Dining,crawl,Yale,https://hospitality.yale.edu/eat-well/dietary-requirements
Please contact our Registered Dietitian for any questions or to schedule an appointment.,Dining,crawl,Yale,https://hospitality.yale.edu/eat-well/dietary-requirements
"Better for You, Better for the Planet",Dining,crawl,Yale,https://hospitality.yale.edu/eat-well/sourcing-sustainability
Sustainable Impact,Dining,crawl,Yale,https://hospitality.yale.edu/eat-well/sourcing-sustainability
A Food Organic Waste Reduction Initiative begun in 2019 that resulted in a carbon footprint reduction of 242 tons.,Dining,crawl,Yale,https://hospitality.yale.edu/eat-well/sourcing-sustainability
Reducing the number of vehicles making deliveries to campus,Dining,crawl,Yale,https://hospitality.yale.edu/eat-well/sourcing-sustainability
Purchase of all new kitchen equipment that is Energy Star approved,Dining,crawl,Yale,https://hospitality.yale.edu/eat-well/sourcing-sustainability
"Implementation of new cloud-based technologies, including menu management software designed to control food costs and waste, and software that facilitates productivity and ensures food safety",Dining,crawl,Yale,https://hospitality.yale.edu/eat-well/sourcing-sustainability
Implementation of AI composting systems,Dining,crawl,Yale,https://hospitality.yale.edu/eat-well/sourcing-sustainability
Rollout of propane delivery vehicles,Dining,crawl,Yale,https://hospitality.yale.edu/eat-well/sourcing-sustainability
Low-flow pre-rinse dishwashers,Dining,crawl,Yale,https://hospitality.yale.edu/eat-well/sourcing-sustainability
Elimination of garbage disposals to composting,Dining,crawl,Yale,https://hospitality.yale.edu/eat-well/sourcing-sustainability
"The Food Literacy Collaboration relies on the convening power of the University, bringing different people together to create educational opportunities for students. We embrace the balance between the practice of serving meals every day and the support of research questions that push the ways in which we think about Yale food system. We always look forward to the new school year, new conversations, new collaborations.",Dining,crawl,Yale,https://hospitality.yale.edu/eat-well/food-literacy
Meal Plans for You,Dining,crawl,Yale,https://hospitality.yale.edu/graduate-professional-students
Dietary Requirements,Dining,crawl,Yale,https://hospitality.yale.edu/graduate-professional-students
Convenient Dining Locations,Dining,crawl,Yale,https://hospitality.yale.edu/graduate-professional-students
"When it comes to dining experiences on campus, options are tailored to meet your needs for affordable, convenient, and flexible choices. Got questions? We’re happy to assist you with making the right – and delicious – choices for your academic journey!",Dining,crawl,Yale,https://hospitality.yale.edu/graduate-professional-students
"LOAD ELI BUCKS & SAVE Did you know purchases are tax free, and lunch in Commons is discounted with Eli Bucks? Loading to your Yale ID gives you convenient and cashless access to dining locations all over campus. Plus, you can always refill them when you need to! Get Eli Bucks",Dining,crawl,Yale,https://hospitality.yale.edu/graduate-professional-students
We thrive because we do the right thing.​,Dining,crawl,Yale,https://hospitality.yale.edu/about-us
Saying “nice to see you” is how we make moments into memories.,Dining,crawl,Yale,https://hospitality.yale.edu/about-us
Answering the question: ‘what do you think?’ forges strong bonds.,Dining,crawl,Yale,https://hospitality.yale.edu/about-us
We stand apart because we are radically collaborative. ​,Dining,crawl,Yale,https://hospitality.yale.edu/about-us
A simple ‘how are you?’ unlocks unlimited understanding,Dining,crawl,Yale,https://hospitality.yale.edu/about-us
"When we have the best ingredients, we do great things.",Dining,crawl,Yale,https://hospitality.yale.edu/about-us
Residential Dining – 14 residential college dining halls,Dining,crawl,Yale,https://hospitality.yale.edu/about-us
Yale Retail & Auxiliary Services – 13 restaurants and cafes,Dining,crawl,Yale,https://hospitality.yale.edu/about-us
"Yale Catering – Full-service event support with seasonal menus, equipment rentals and more",Dining,crawl,Yale,https://hospitality.yale.edu/about-us
Residential Dining,Dining,crawl,Yale,https://hospitality.yale.edu/about-us/yale-hospitality-support-leadership-team
Retail & Auxiliary,Dining,crawl,Yale,https://hospitality.yale.edu/about-us/yale-hospitality-support-leadership-team
"For over a decade, Yale Hospitality has donated meals to the Downtown Evening Soup Kitchen (DESK) – an organization which provides food assistance to individuals and families experiencing homelessness or living in poverty. In addition, we host an annual Breaking Bread Dinner in support of DESK, generating over $50,000 for people in need over the first three years.",Dining,crawl,Yale,https://hospitality.yale.edu/partnerships
"Please contact Geraldine Remer , Director of Sustainability and Supply Management, for more information.",Dining,crawl,Yale,https://hospitality.yale.edu/partnerships
Celebrating the Class of 2025,Dining,crawl,Yale,https://hospitality.yale.edu/news-press
Timothy Dwight Dining Hall Staff Recognized for Commitment to Sustainability,Dining,crawl,Yale,https://hospitality.yale.edu/news-press
Global Table Welcomes Second Fellow-in-Residence Chef Ebru Baybara Demir,Dining,crawl,Yale,https://hospitality.yale.edu/news-press
"Organizational Announcement: Jodi Smith Westwater, Assistant Vice President, Hospitality",Dining,crawl,Yale,https://hospitality.yale.edu/news-press
Sweet and Sustainable: Elm is Now Selling Yale Forests Maple Syrup,Dining,crawl,Yale,https://hospitality.yale.edu/news-press
Yale West Campus Farm builds community through gardening and stewardship,Dining,crawl,Yale,https://hospitality.yale.edu/news-press
2023 Linda K. Lorimer Award - Sparking Belonging for Students,Dining,crawl,Yale,https://hospitality.yale.edu/news-press
October Sustainability Champion: 'I'm Trying to Bridge Agriculture and Cuisine',Dining,crawl,Yale,https://hospitality.yale.edu/news-press
Yale Hospitality announces Stacey Hepburn-James as Senior Director of Residential Operations,Dining,crawl,Yale,https://hospitality.yale.edu/news-press
Growing Sustainably — and Nurturing Community,Dining,crawl,Yale,https://hospitality.yale.edu/news-press
Yale Hospitality honored with prestigious national dining award,Dining,crawl,Yale,https://hospitality.yale.edu/news-press
"2023 Gold Medal, Loyal E. Horton Award - Catering Special Event",Dining,crawl,Yale,https://hospitality.yale.edu/news-press
2023 State of Sustainability Award,Dining,crawl,Yale,https://hospitality.yale.edu/news-press
Flavor Innovator: Rafi Taherian - Winning Over Gen Z,Dining,crawl,Yale,https://hospitality.yale.edu/news-press
Cultivating Sustainability and Community: A Look into the Yale West Campus Farm,Dining,crawl,Yale,https://hospitality.yale.edu/news-press
"2023 Facility Design Project of the Year, Yale Schwarzman Center",Dining,crawl,Yale,https://hospitality.yale.edu/news-press
Yale Schwarzman Center Wins FE&S 2023 Facility Design Project of the Year,Dining,crawl,Yale,https://hospitality.yale.edu/news-press
"Yale Celebrates the Rich Tapestry of Black Food Culture — Past, Present, & Future",Dining,crawl,Yale,https://hospitality.yale.edu/news-press
First-Year Reflections: Celebrating Community & Holiday Traditions at Yale,Dining,crawl,Yale,https://hospitality.yale.edu/news-press
Bigger than Thanksgiving: Supporting New Haven Friends & Neighbors Year-Round,Dining,crawl,Yale,https://hospitality.yale.edu/news-press
Olive Oil in the Plant-Forward Kitchen Interview Series,Dining,crawl,Yale,https://hospitality.yale.edu/news-press
2022 Linda K. Lorimer Award,Dining,crawl,Yale,https://hospitality.yale.edu/news-press
Creating Job Pathways in New Haven: Linda K. Lorimer Awards presented by President Salovey,Dining,crawl,Yale,https://hospitality.yale.edu/news-press
What about Greek cuisine in the U.S. and is it constantly rising?,Dining,crawl,Yale,https://hospitality.yale.edu/news-press
"At College Dining Halls, Yale Students Enjoy The Best Food Of Their Young Lives",Dining,crawl,Yale,https://hospitality.yale.edu/news-press
Creating Meaningful Experiences Around Our Tables,Dining,crawl,Yale,https://hospitality.yale.edu/your-experience
Excellence at Every Turn,Dining,crawl,Yale,https://hospitality.yale.edu/your-experience
Experiential & Educational,Dining,crawl,Yale,https://hospitality.yale.edu/your-experience
"Fresh, Craveable, & Delicious Food",Dining,crawl,Yale,https://hospitality.yale.edu/your-experience
More Than One Reason,Dining,crawl,Yale,https://hospitality.yale.edu/your-experience
"Exploring thoughtful menus serving up delicious food that is culturally diverse, inclusive and tailor to their specific dietary needs.",Dining,crawl,Yale,https://hospitality.yale.edu/your-experience
"Engaging with the University community by meeting new people, getting better acquainted with peers, while exchanging ideas and points of view in iconic spaces.",Dining,crawl,Yale,https://hospitality.yale.edu/your-experience
"Delighting in the countless immersive programs and events to not only educate, but celebrate our guests – we sure know how to throw a bash!",Dining,crawl,Yale,https://hospitality.yale.edu/your-experience
Savoring the unparalleled “home away from home” environment our team provides through expert attention to detail and caring for them like family.,Dining,crawl,Yale,https://hospitality.yale.edu/your-experience
"The idea of breaking bread together has always been – and continues to be – an essential element of the Yale University experience. The entire Yale community unites throughout on-campus locations to share craveable meals, exchange ideas, and create lasting memories – one of the many reasons our Hospitality team likes to think of ourselves as “architects of memories.”",Dining,crawl,Yale,https://hospitality.yale.edu/your-experience
"Our culinary team expertly crafts menus centered around the freshest, highest-quality ingredients available and our future-forward menu philosophy ensures we serve up delicious and nutritious food at every meal. Explore the possibilities of our Mediterranean diet influenced menu, adventurous bowl selections (bibimbap or falafel anyone?), gourmet selection of brick-oven pizza, famed hand-breaded chicken tenders, and daily-baked signature granola and muffins made at our own Yale Bakery. Our open kitchens deliver a delightful behind-the-scenes experience, interacting with our chefs and cooks while your meals are being made to order. From the crave-worthy to the health-conscious, there’s something to satisfy everyone’s palate!",Dining,crawl,Yale,https://hospitality.yale.edu/your-experience
"Empowering well-being, building resilience",Health_Wellness,crawl,Yale,https://campushealth.yale.edu/
Yale's Vaccine Program,Health_Wellness,crawl,Yale,https://campushealth.yale.edu/
Health On Track Yale’s portal for health requirements.,Health_Wellness,crawl,Yale,https://campushealth.yale.edu/
COVID-19 How to protect yourself and prevent the spread of respiratory viruses when you’re sick.,Health_Wellness,crawl,Yale,https://campushealth.yale.edu/
"Yale's Vaccine Program Information on the Vaccine Program, scheduling tool, and more.",Health_Wellness,crawl,Yale,https://campushealth.yale.edu/
"Resources Community messages, FAQs, and supportive materials.",Health_Wellness,crawl,Yale,https://campushealth.yale.edu/
"Yale New Haven Hospital Main Campus, 20 York St., New Haven",Health_Wellness,crawl,Yale,https://yalehealth.yale.edu/emergencies-and-after-hours
"YNHH - Saint Raphael Campus, 1450 Chapel St., New Haven",Health_Wellness,crawl,Yale,https://yalehealth.yale.edu/emergencies-and-after-hours
"YNHH - Shoreline Medical Center, 111 Goose Lane, Guilford",Health_Wellness,crawl,Yale,https://yalehealth.yale.edu/emergencies-and-after-hours
"Bridgeport Hospital, 267 Grant Street, Bridgeport",Health_Wellness,crawl,Yale,https://yalehealth.yale.edu/emergencies-and-after-hours
"Bridgeport Hospital – Milford Campus, 300 Seaside Avenue, Milford",Health_Wellness,crawl,Yale,https://yalehealth.yale.edu/emergencies-and-after-hours
"Bridgeport Hospital – Park Avenue Medical Center, 5520 Park Avenue, Trumbull",Health_Wellness,crawl,Yale,https://yalehealth.yale.edu/emergencies-and-after-hours
"Monday - Friday, 6 p.m. - 7:59 a.m.",Health_Wellness,crawl,Yale,https://yalehealth.yale.edu/emergencies-and-after-hours
University holidays and recess days,Health_Wellness,crawl,Yale,https://yalehealth.yale.edu/emergencies-and-after-hours
"When possible, call Acute Care at 203-432-0123 before going to the Emergency Department. Yale New Haven Hospital operates Emergency Departments at the following locations:",Health_Wellness,crawl,Yale,https://yalehealth.yale.edu/emergencies-and-after-hours
"When you call and let us know you are going to the Emergency Department, a nurse can follow up on your care and make sure that your primary care clinician knows as well. If you are unable to call before you go, be sure to call the Referrals Department at 203-432-7397 within 48 hours of receiving care.",Health_Wellness,crawl,Yale,https://yalehealth.yale.edu/emergencies-and-after-hours
"If you are out of state and need emergency care you can go to any medical facility. If you receive emergency treatment, please call 203-432-0123 beforehand, and if possible, notify the Referrals Department within 48 hours by calling 203-432-7397 or 877-947-2273.",Health_Wellness,crawl,Yale,https://yalehealth.yale.edu/emergencies-and-after-hours
"If you aren’t sure how serious your problem is, call Acute Care at 203-432-0123, where you can speak to a triage nurse 24/7 who will help you determine a plan of action. For in-person after-hours care, you may be referred to our network hospital, Yale New Haven Hospital, at one of the following locations:",Health_Wellness,crawl,Yale,https://yalehealth.yale.edu/emergencies-and-after-hours
Please note: A copay may apply for after-hours visits to Acute Care. Please review your Schedule of Benefits for details.,Health_Wellness,crawl,Yale,https://yalehealth.yale.edu/emergencies-and-after-hours
"For time-sensitive issues and to alert your provider of new or worrisome symptoms, please call us. MyChart messages are best used for non-urgent issues and/or quick updates for your provider.",Health_Wellness,crawl,Yale,https://yalehealth.yale.edu/appointments
Select “Schedule an Appointment.”,Health_Wellness,crawl,Yale,https://yalehealth.yale.edu/how-make-appointment
"Choose your Primary Care Provider (Brian Goldenberg is an example, not necessarily who you will see as your option).",Health_Wellness,crawl,Yale,https://yalehealth.yale.edu/how-make-appointment
"Select “YHC Student Health Appointment,” “YHC Internal Medicine,” or “YHC OB/GYN Appointment.”",Health_Wellness,crawl,Yale,https://yalehealth.yale.edu/how-make-appointment
Select the type of appointment you would like to schedule.,Health_Wellness,crawl,Yale,https://yalehealth.yale.edu/how-make-appointment
Select your preferred appointment time and date from the available options.,Health_Wellness,crawl,Yale,https://yalehealth.yale.edu/how-make-appointment
Enter a reason for the visit and then select “Schedule it.”,Health_Wellness,crawl,Yale,https://yalehealth.yale.edu/how-make-appointment
You may schedule an appointment by contacting the department directly. Department phone numbers are available in the Yale Health Department Directory .,Health_Wellness,crawl,Yale,https://yalehealth.yale.edu/how-make-appointment
"You can use MyChart to self-schedule appointments in Internal Medicine, OB/GYN, and Student Health with a few easy steps:",Health_Wellness,crawl,Yale,https://yalehealth.yale.edu/how-make-appointment
You may also use MyChart to request appointments.,Health_Wellness,crawl,Yale,https://yalehealth.yale.edu/how-make-appointment
"If you have MyChart proxy access for your child, you can request an appointment with their primary care provider in Pediatrics .",Health_Wellness,crawl,Yale,https://yalehealth.yale.edu/how-make-appointment
"When you have an unexpected illness or injury, we recommend beginning with a phone call to your primary care department ( Internal Medicine , Student Health , Pediatrics , or Ob/Gyn ). A nurse will call you back to discuss your symptoms. If you need to come in, we can offer you a same-day or next-day appointment with your primary care provider or a member of their team that is convenient for you.",Health_Wellness,crawl,Yale,https://yalehealth.yale.edu/how-make-appointment
View your personal health record.,Health_Wellness,crawl,Yale,https://yalehealth.yale.edu/using-mychart
"Communicate with your clinicians at Yale Health, Yale Medical Group, and Yale-New Haven Hospital.",Health_Wellness,crawl,Yale,https://yalehealth.yale.edu/using-mychart
"Schedule and cancel appointments in Internal Medicine, Student Health and Athletic Medicine.",Health_Wellness,crawl,Yale,https://yalehealth.yale.edu/using-mychart
Request prescription renewals.,Health_Wellness,crawl,Yale,https://yalehealth.yale.edu/using-mychart
View allergies and medications.,Health_Wellness,crawl,Yale,https://yalehealth.yale.edu/using-mychart
Change your personal information.,Health_Wellness,crawl,Yale,https://yalehealth.yale.edu/using-mychart
Appointment information for appointments in the department of Mental Health & Counseling at Yale Health.,Health_Wellness,crawl,Yale,https://yalehealth.yale.edu/using-mychart
"Visit information including notes, diagnoses, and treatment plans from Mental Health & Counseling appointments at Yale Health.",Health_Wellness,crawl,Yale,https://yalehealth.yale.edu/using-mychart
Visit information associated with hospitalizations within Yale New Haven Health system.,Health_Wellness,crawl,Yale,https://yalehealth.yale.edu/using-mychart
"Medications ordered by Yale Health clinicians, including Mental Health & Counseling clinicians, will appear on your medication list.",Health_Wellness,crawl,Yale,https://yalehealth.yale.edu/using-mychart
"When you activate your MyChart account, you will immediately be able to send secure messages to your primary care clinician in Internal Medicine, Student Health, and Obstetrics & Gynecology. If you have proxy access for your child, you will be able to message their primary care clinician in Pediatrics. Please note proxy access for children is not available for children aged 13-17.",Health_Wellness,crawl,Yale,https://yalehealth.yale.edu/using-mychart
"Once you have scheduled appointments with clinicians in other departments, you will be able to securely message them. You can message them up to one year prior to the appointment and up to two years following the appointment.",Health_Wellness,crawl,Yale,https://yalehealth.yale.edu/using-mychart
You will generally receive an answer within a few business days. Please note that MyChart should not be used for urgent situations. Please contact your clinician if the situation requires immediate attention or dial 911 if it is an emergency.,Health_Wellness,crawl,Yale,https://yalehealth.yale.edu/using-mychart
"Please note, for those labs released immediately, you will be seeing results prior to review by your provider. Your provider will continue to communicate with you about results as they review them. In many cases providers wait until all results are complete before sending a comment. You can always click on the ‘About This Test’ link for more information about the test.",Health_Wellness,crawl,Yale,https://yalehealth.yale.edu/using-mychart
The following Mental Health & Counseling information is not available in MyChart:,Health_Wellness,crawl,Yale,https://yalehealth.yale.edu/using-mychart
The following Mental Health & Counseling information is available in MyChart:,Health_Wellness,crawl,Yale,https://yalehealth.yale.edu/using-mychart
"If you are admitted to a hospital in the Yale New Haven Health system, you will be able to view your schedule of medications and testing that take will take place throughout your admission. Once you are discharged, you will be able to view your date of admission and discharge along with your discharge instructions.",Health_Wellness,crawl,Yale,https://yalehealth.yale.edu/using-mychart
"Please note: MyChart is currently unavailable outside of the United States. As a security measure, MyChart has blocked access to MyChart to all countries outside of the United States based on the increasing reports of cyber attacks.",Health_Wellness,crawl,Yale,https://yalehealth.yale.edu/using-mychart
"The Yale Health Center is accessible by the Yale Shuttle’s Red and Blue Lines. To find the closest Yale Shuttle stop to you, use the real-time Yale Shuttle Vehicle Locator. For a more direct route from the Medical School, take the Blue line and get off at the School of Management at Prospect and Sachem Streets. Take a left on Sachem and continue past Ingalls Rink. The Yale Health Center will be in front of you.",Health_Wellness,crawl,Yale,https://yalehealth.yale.edu/thriving-yale
"For customized walking directions to the Yale Health Center, including how long it will take you to walk there, use Google Maps and select the walk icon to map your route.",Health_Wellness,crawl,Yale,https://yalehealth.yale.edu/thriving-yale
"The Lock Street Garage, operated by Yale University’s Parking & Transit Department, is adjacent to the Yale Health Center and is available for patient parking. The following fee structure applies:",Health_Wellness,crawl,Yale,https://yalehealth.yale.edu/thriving-yale
"Expanding Access and Convenience : Ensuring that all members can easily access the care they need, when they need it.",Health_Wellness,crawl,Yale,https://yalehealth.yale.edu/about-yale-health
Enhancing Patient Experience : Continuously improving the quality of care and the overall patient experience through feedback and innovative practices.,Health_Wellness,crawl,Yale,https://yalehealth.yale.edu/about-yale-health
Promoting Preventive Health : Emphasizing the importance of preventive care and wellness initiatives to keep our community healthy.,Health_Wellness,crawl,Yale,https://yalehealth.yale.edu/about-yale-health
Integrating Technology and Research : Leveraging cutting-edge technology and research to provide state-of-the-art medical care.,Health_Wellness,crawl,Yale,https://yalehealth.yale.edu/about-yale-health
Fostering a Collaborative Healthcare Environment : Encouraging teamwork and collaboration among healthcare providers to deliver comprehensive and coordinated care.,Health_Wellness,crawl,Yale,https://yalehealth.yale.edu/about-yale-health
Our Vision: A Thriving Yale,Health_Wellness,crawl,Yale,https://yalehealth.yale.edu/yale-health-2030-strategic-plan
"YALE COMMUNITY At Yale Health, we believe in the power of partnership with a sole focus on the Yale community.",Health_Wellness,crawl,Yale,https://yalehealth.yale.edu/yale-health-2030-strategic-plan
COMPASSSION Compassion is at the heart of our healthcare delivery.,Health_Wellness,crawl,Yale,https://yalehealth.yale.edu/yale-health-2030-strategic-plan
ACCOUNTABILITY Accountability is fundamental to Yale Health's mission.,Health_Wellness,crawl,Yale,https://yalehealth.yale.edu/yale-health-2030-strategic-plan
RESPECT Respect is a cornerstone of our interactions at Yale Health.,Health_Wellness,crawl,Yale,https://yalehealth.yale.edu/yale-health-2030-strategic-plan
EXCELLENCE We aim for excellence in every aspect of our healthcare delivery.,Health_Wellness,crawl,Yale,https://yalehealth.yale.edu/yale-health-2030-strategic-plan
The fundamental values that form the backbone of Yale Health's 2030 Strategic Plan.,Health_Wellness,crawl,Yale,https://yalehealth.yale.edu/yale-health-2030-strategic-plan
Flu Season Update: What You Can Do Now,Health_Wellness,crawl,Yale,https://yalehealth.yale.edu/announcements
Webinar Invitation: Cervical Cancer Screening,Health_Wellness,crawl,Yale,https://yalehealth.yale.edu/announcements
Self-Schedule Your Next Primary Care Appointment,Health_Wellness,crawl,Yale,https://yalehealth.yale.edu/announcements
Pharmacy Upgrade Coming: Please Plan Ahead,Health_Wellness,crawl,Yale,https://yalehealth.yale.edu/announcements
"Welcome, New Yale Health Members!",Health_Wellness,crawl,Yale,https://yalehealth.yale.edu/announcements
Warm Wishes from Yale Health,Health_Wellness,crawl,Yale,https://yalehealth.yale.edu/announcements
Access to Care During Winter Break,Health_Wellness,crawl,Yale,https://yalehealth.yale.edu/announcements
Your Health. Your Choice. Open Enrollment Has Begun.,Health_Wellness,crawl,Yale,https://yalehealth.yale.edu/announcements
Masking Update for Yale Health Center – December 1,Health_Wellness,crawl,Yale,https://yalehealth.yale.edu/announcements
Flu and COVID Vaccine Clinics are Open,Health_Wellness,crawl,Yale,https://yalehealth.yale.edu/announcements
Right Care. Right Place. Right Time.,Health_Wellness,crawl,Yale,https://yalehealth.yale.edu/announcements
Your Health. Your Choice. Open Enrollment Begins Soon.,Health_Wellness,crawl,Yale,https://yalehealth.yale.edu/announcements
Acute Care at 55 Lock St.: Meet Dr. Amir Mansour,Health_Wellness,crawl,Yale,https://yalehealth.yale.edu/announcements
Pediatrics: Mental Well-Being in the Digital Age,Health_Wellness,crawl,Yale,https://yalehealth.yale.edu/announcements
Free Classes and Support Groups,Health_Wellness,crawl,Yale,https://yalehealth.yale.edu/announcements
